[2026-06-22 23:52:50:5250] [[32minfo[39m]: [32mBullMQ submission execution queue initialized.[39m
[2026-06-22 23:52:50:5250] [[32minfo[39m]: [32mBullMQ submission execution worker ready.[39m
[2026-06-22 23:52:50:5250] [[32minfo[39m]: [32mServer running on port 5000 in development mode.[39m
[2026-06-22 23:52:50:5250] [[31merror[39m]: [31mRedis connection error: [39m
[2026-06-22 23:52:50:5250] [[31merror[39m]: [31mRedis connection error: [39m
[2026-06-22 23:52:50:5250] [[31merror[39m]: [31mRedis connection error: [39m
[2026-06-22 23:52:50:5250] [[31merror[39m]: [31mRedis connection error: [39m
[2026-06-22 23:52:50:5250] [[31merror[39m]: [31mRedis connection error: [39m
[2026-06-22 23:52:51:5251] [[31merror[39m]: [31mRedis connection error: [39m
[2026-06-22 23:52:51:5251] [[31merror[39m]: [31mRedis connection error: [39m
[2026-06-22 23:52:51:5251] [[31merror[39m]: [31mRedis connection error: [39m
[2026-06-22 23:52:52:5252] [[31merror[39m]: [31mRedis connection error: [39m
[2026-06-22 23:52:52:5252] [[31merror[39m]: [31mRedis connection error: [39m
[2026-06-22 23:52:53:5253] [[31merror[39m]: [31mRedis connection error: [39m
[2026-06-22 23:52:53:5253] [[31merror[39m]: [31mRedis connection error: [39m
[2026-06-22 23:52:54:5254] [[31merror[39m]: [31mRedis connection error: [39m
[2026-06-22 23:52:55:5255] [[31merror[39m]: [31mRedis connection error: [39m
[2026-06-22 23:52:55:5255] [[31merror[39m]: [31mRedis connection error: [39m
[2026-06-22 23:52:56:5256] [[31merror[39m]: [31mRedis connection error: [39m
[2026-06-22 23:52:57:5257] [[31merror[39m]: [31mRedis connection error: [39m
[2026-06-22 23:52:58:5258] [[31merror[39m]: [31mRedis connection error: [39m
[2026-06-22 23:52:59:5259] [[31merror[39m]: [31mRedis connection error: [39m
[2026-06-22 23:53:00:530] [[31merror[39m]: [31mRedis connection error: [39m
[2026-06-22 23:53:01:531] [[31merror[39m]: [31mRedis connection error: [39m
[2026-06-22 23:53:02:532] [[31merror[39m]: [31mRedis connection error: [39m
[2026-06-22 23:53:03:533] [[31merror[39m]: [31mRedis connection error: [39m
[2026-06-22 23:53:04:534] [[31merror[39m]: [31mRedis connection error: [39m
[2026-06-22 23:53:06:536] [[31merror[39m]: [31mRedis connection error: [39m
[2026-06-22 23:53:07:537] [[31merror[39m]: [31mRedis connection error: [39m
[2026-06-22 23:53:08:538] [[31merror[39m]: [31mRedis connection error: [39m
[2026-06-22 23:53:09:539] [[31merror[39m]: [31mRedis connection error: [39m
[2026-06-22 23:53:11:5311] [[31merror[39m]: [31mRedis connection error: [39m
[2026-06-22 23:53:12:5312] [[31merror[39m]: [31mRedis connection error: [39m
[2026-06-22 23:53:14:5314] [[31merror[39m]: [31mRedis connection error: [39m
[2026-06-22 23:53:15:5315] [[31merror[39m]: [31mRedis connection error: [39m
[2026-06-22 23:53:17:5317] [[31merror[39m]: [31mRedis connection error: [39m
[2026-06-22 23:53:19:5319] [[31merror[39m]: [31mRedis connection error: [39m
[2026-06-22 23:53:20:5320] [[31merror[39m]: [31mRedis connection error: [39m
[2026-06-22 23:53:22:5322] [[31merror[39m]: [31mRedis connection error: [39m
[2026-06-22 23:53:24:5324] [[31merror[39m]: [31mRedis connection error: [39m
[2026-06-22 23:53:26:5326] [[31merror[39m]: [31mRedis connection error: [39m
[2026-06-22 23:53:28:5328] [[31merror[39m]: [31mRedis connection error: [39m
[2026-06-22 23:53:30:5330] [[31merror[39m]: [31mRedis connection error: [39m
[2026-06-22 23:53:32:5332] [[31merror[39m]: [31mRedis connection error: [39m
[2026-06-22 23:53:34:5334] [[31merror[39m]: [31mRedis connection error: [39m
[2026-06-22 23:53:36:5336] [[31merror[39m]: [31mRedis connection error: [39m
[2026-06-22 23:53:38:5338] [[31merror[39m]: [31mRedis connection error: [39m
[2026-06-22 23:53:40:5340] [[31merror[39m]: [31mRedis connection error: [39m
[2026-06-22 23:53:42:5342] [[31merror[39m]: [31mRedis connection error: [39m
[2026-06-22 23:53:44:5344] [[31merror[39m]: [31mRedis connection error: [39m
[2026-06-22 23:53:46:5346] [[31merror[39m]: [31mRedis connection error: [39m
[2026-06-22 23:53:48:5348] [[31merror[39m]: [31mRedis connection error: [39m
[2026-06-22 23:53:50:5350] [[31merror[39m]: [31mRedis connection error: [39m
[2026-06-22 23:53:52:5352] [[31merror[39m]: [31mRedis connection error: [39m
[2026-06-22 23:53:54:5354] [[31merror[39m]: [31mRedis connection error: [39m
[2026-06-22 23:53:56:5356] [[31merror[39m]: [31mRedis connection error: [39m
[2026-06-22 23:53:58:5358] [[31merror[39m]: [31mRedis connection error: [39m
[2026-06-22 23:54:00:540] [[31merror[39m]: [31mRedis connection error: [39m
[2026-06-22 23:54:02:542] [[31merror[39m]: [31mRedis connection error: [39m
[2026-06-22 23:54:04:544] [[31merror[39m]: [31mRedis connection error: [39m
[2026-06-22 23:54:06:546] [[31merror[39m]: [31mRedis connection error: [39m
[2026-06-22 23:54:08:548] [[31merror[39m]: [31mRedis connection error: [39m
[2026-06-22 23:54:10:5410] [[31merror[39m]: [31mRedis connection error: [39m
[2026-06-22 23:54:12:5412] [[31merror[39m]: [31mRedis connection error: [39m
[2026-06-22 23:54:14:5414] [[31merror[39m]: [31mRedis connection error: [39m
[2026-06-22 23:54:16:5416] [[31merror[39m]: [31mRedis connection error: [39m
[2026-06-22 23:54:18:5418] [[31merror[39m]: [31mRedis connection error: [39m
[2026-06-22 23:54:20:5420] [[31merror[39m]: [31mRedis connection error: [39m
[2026-06-22 23:54:22:5422] [[31merror[39m]: [31mRedis connection error: [39m
[2026-06-22 23:54:24:5424] [[31merror[39m]: [31mRedis connection error: [39m
[2026-06-22 23:54:26:5426] [[31merror[39m]: [31mRedis connection error: [39m
[2026-06-22 23:54:28:5428] [[31merror[39m]: [31mRedis connection error: [39m
[2026-06-22 23:54:30:5430] [[31merror[39m]: [31mRedis connection error: [39m
[2026-06-22 23:54:32:5432] [[31merror[39m]: [31mRedis connection error: [39m
[2026-06-22 23:54:34:5434] [[31merror[39m]: [31mRedis connection error: [39m
[2026-06-22 23:54:36:5436] [[31merror[39m]: [31mRedis connection error: [39m
[2026-06-22 23:54:39:5439] [[31merror[39m]: [31mRedis connection error: [39m
[2026-06-22 23:54:41:5441] [[31merror[39m]: [31mRedis connection error: [39m
[2026-06-22 23:54:43:5443] [[31merror[39m]: [31mRedis connection error: [39m
[2026-06-22 23:54:45:5445] [[31merror[39m]: [31mRedis connection error: [39m
[2026-06-22 23:54:47:5447] [[31merror[39m]: [31mRedis connection error: [39m
[2026-06-22 23:54:49:5449] [[31merror[39m]: [31mRedis connection error: [39m
[2026-06-22 23:54:51:5451] [[31merror[39m]: [31mRedis connection error: [39m
[2026-06-22 23:54:53:5453] [[31merror[39m]: [31mRedis connection error: [39m
[2026-06-22 23:54:55:5455] [[31merror[39m]: [31mRedis connection error: [39m
[2026-06-22 23:54:57:5457] [[31merror[39m]: [31mRedis connection error: [39m
[2026-06-22 23:54:59:5459] [[31merror[39m]: [31mRedis connection error: [39m
[2026-06-22 23:55:01:551] [[31merror[39m]: [31mRedis connection error: [39m
[2026-06-22 23:55:03:553] [[31merror[39m]: [31mRedis connection error: [39m
[2026-06-22 23:55:05:555] [[31merror[39m]: [31mRedis connection error: [39m
[2026-06-22 23:55:07:557] [[31merror[39m]: [31mRedis connection error: [39m
[2026-06-22 23:55:09:559] [[31merror[39m]: [31mRedis connection error: [39m
[2026-06-22 23:55:11:5511] [[31merror[39m]: [31mRedis connection error: [39m
[2026-06-22 23:55:13:5513] [[31merror[39m]: [31mRedis connection error: [39m
[2026-06-22 23:55:16:5516] [[31merror[39m]: [31mRedis connection error: [39m
[2026-06-22 23:55:18:5518] [[31merror[39m]: [31mRedis connection error: [39m
[2026-06-22 23:55:20:5520] [[31merror[39m]: [31mRedis connection error: [39m
[2026-06-22 23:55:22:5522] [[31merror[39m]: [31mRedis connection error: [39m
[2026-06-22 23:55:24:5524] [[31merror[39m]: [31mRedis connection error: [39m
[2026-06-22 23:55:26:5526] [[31merror[39m]: [31mRedis connection error: [39m
[2026-06-22 23:57:19:5719] [[32minfo[39m]: [32mBullMQ submission execution queue initialized.[39m
[2026-06-22 23:57:19:5719] [[32minfo[39m]: [32mBullMQ submission execution worker ready.[39m
[2026-06-22 23:57:20:5720] [[32minfo[39m]: [32mServer running on port 5000 in development mode.[39m
[2026-06-22 23:57:21:5721] [[31merror[39m]: [31mRedis connection error: [39m
[2026-06-22 23:57:22:5722] [[31merror[39m]: [31mRedis connection error: [39m
[2026-06-22 23:57:23:5723] [[31merror[39m]: [31mRedis connection error: [39m
[2026-06-22 23:57:23:5723] [[31merror[39m]: [31mRedis connection error: [39m
[2026-06-22 23:57:24:5724] [[31merror[39m]: [31mRedis connection error: [39m
[2026-06-22 23:57:25:5725] [[31merror[39m]: [31mRedis connection error: [39m
[2026-06-22 23:57:25:5725] [[31merror[39m]: [31mRedis connection error: [39m
[2026-06-22 23:57:26:5726] [[31merror[39m]: [31mRedis connection error: [39m
[2026-06-22 23:57:26:5726] [[31merror[39m]: [31mRedis connection error: [39m
[2026-06-22 23:57:27:5727] [[31merror[39m]: [31mRedis connection error: [39m
[2026-06-22 23:57:27:5727] [[31merror[39m]: [31mRedis connection error: [39m
[2026-06-22 23:57:28:5728] [[31merror[39m]: [31mRedis connection error: [39m
[2026-06-22 23:57:29:5729] [[31merror[39m]: [31mRedis connection error: [39m
[2026-06-22 23:57:30:5730] [[31merror[39m]: [31mRedis connection error: [39m
[2026-06-22 23:57:30:5730] [[31merror[39m]: [31mRedis connection error: [39m
[2026-06-22 23:57:31:5731] [[31merror[39m]: [31mRedis connection error: [39m
[2026-06-22 23:57:32:5732] [[31merror[39m]: [31mRedis connection error: [39m
[2026-06-22 23:57:33:5733] [[31merror[39m]: [31mRedis connection error: [39m
[2026-06-22 23:57:34:5734] [[31merror[39m]: [31mRedis connection error: [39m
[2026-06-22 23:57:35:5735] [[31merror[39m]: [31mRedis connection error: [39m
[2026-06-22 23:57:36:5736] [[31merror[39m]: [31mRedis connection error: [39m
[2026-06-22 23:57:37:5737] [[31merror[39m]: [31mRedis connection error: [39m
[2026-06-22 23:57:39:5739] [[31merror[39m]: [31mRedis connection error: [39m
[2026-06-22 23:57:40:5740] [[31merror[39m]: [31mRedis connection error: [39m
[2026-06-22 23:57:41:5741] [[31merror[39m]: [31mRedis connection error: [39m
[2026-06-22 23:57:42:5742] [[31merror[39m]: [31mRedis connection error: [39m
[2026-06-22 23:57:44:5744] [[31merror[39m]: [31mRedis connection error: [39m
[2026-06-22 23:57:45:5745] [[31merror[39m]: [31mRedis connection error: [39m
[2026-06-22 23:57:47:5747] [[31merror[39m]: [31mRedis connection error: [39m
[2026-06-22 23:57:48:5748] [[31merror[39m]: [31mRedis connection error: [39m
[2026-06-22 23:57:50:5750] [[31merror[39m]: [31mRedis connection error: [39m
[2026-06-22 23:57:51:5751] [[31merror[39m]: [31mRedis connection error: [39m
[2026-06-22 23:57:53:5753] [[31merror[39m]: [31mRedis connection error: [39m
[2026-06-22 23:57:55:5755] [[31merror[39m]: [31mRedis connection error: [39m
[2026-06-22 23:57:56:5756] [[31merror[39m]: [31mRedis connection error: [39m
[2026-06-22 23:57:58:5758] [[31merror[39m]: [31mRedis connection error: [39m
[2026-06-22 23:58:00:580] [[31merror[39m]: [31mRedis connection error: [39m
[2026-06-22 23:58:02:582] [[31merror[39m]: [31mRedis connection error: [39m
[2026-06-22 23:58:04:584] [[31merror[39m]: [31mRedis connection error: [39m
[2026-06-22 23:58:06:586] [[31merror[39m]: [31mRedis connection error: [39m
[2026-06-22 23:58:08:588] [[31merror[39m]: [31mRedis connection error: [39m
[2026-06-22 23:58:10:5810] [[31merror[39m]: [31mRedis connection error: [39m
[2026-06-22 23:58:12:5812] [[31merror[39m]: [31mRedis connection error: [39m
[2026-06-22 23:58:14:5814] [[31merror[39m]: [31mRedis connection error: [39m
[2026-06-22 23:58:16:5816] [[31merror[39m]: [31mRedis connection error: [39m
[2026-06-22 23:58:18:5818] [[31merror[39m]: [31mRedis connection error: [39m
[2026-06-22 23:58:20:5820] [[31merror[39m]: [31mRedis connection error: [39m
[2026-06-22 23:58:22:5822] [[31merror[39m]: [31mRedis connection error: [39m
[2026-06-22 23:58:24:5824] [[31merror[39m]: [31mRedis connection error: [39m
[2026-06-22 23:58:26:5826] [[31merror[39m]: [31mRedis connection error: [39m
[2026-06-22 23:58:28:5828] [[31merror[39m]: [31mRedis connection error: [39m
[2026-06-22 23:58:30:5830] [[31merror[39m]: [31mRedis connection error: [39m
[2026-06-22 23:58:32:5832] [[31merror[39m]: [31mRedis connection error: [39m
[2026-06-22 23:58:34:5834] [[31merror[39m]: [31mRedis connection error: [39m
[2026-06-22 23:58:36:5836] [[31merror[39m]: [31mRedis connection error: [39m
[2026-06-22 23:58:38:5838] [[31merror[39m]: [31mRedis connection error: [39m
[2026-06-22 23:58:40:5840] [[31merror[39m]: [31mRedis connection error: [39m
[2026-06-22 23:58:42:5842] [[31merror[39m]: [31mRedis connection error: [39m
[2026-06-22 23:58:44:5844] [[31merror[39m]: [31mRedis connection error: [39m
[2026-06-22 23:58:46:5846] [[31merror[39m]: [31mRedis connection error: [39m
[2026-06-22 23:58:48:5848] [[31merror[39m]: [31mRedis connection error: [39m
[2026-06-22 23:58:50:5850] [[31merror[39m]: [31mRedis connection error: [39m
[2026-06-22 23:58:52:5852] [[31merror[39m]: [31mRedis connection error: [39m
[2026-06-22 23:58:54:5854] [[31merror[39m]: [31mRedis connection error: [39m
[2026-06-22 23:58:56:5856] [[31merror[39m]: [31mRedis connection error: [39m
[2026-06-22 23:58:58:5858] [[31merror[39m]: [31mRedis connection error: [39m
[2026-06-22 23:59:00:590] [[31merror[39m]: [31mRedis connection error: [39m
[2026-06-22 23:59:02:592] [[31merror[39m]: [31mRedis connection error: [39m
[2026-06-22 23:59:04:594] [[31merror[39m]: [31mRedis connection error: [39m
[2026-06-22 23:59:06:596] [[31merror[39m]: [31mRedis connection error: [39m
[2026-06-22 23:59:08:598] [[31merror[39m]: [31mRedis connection error: [39m
[2026-06-22 23:59:10:5910] [[31merror[39m]: [31mRedis connection error: [39m
[2026-06-22 23:59:12:5912] [[31merror[39m]: [31mRedis connection error: [39m
[2026-06-22 23:59:14:5914] [[31merror[39m]: [31mRedis connection error: [39m
[2026-06-22 23:59:16:5916] [[31merror[39m]: [31mRedis connection error: [39m
[2026-06-22 23:59:18:5918] [[31merror[39m]: [31mRedis connection error: [39m
[2026-06-22 23:59:20:5920] [[31merror[39m]: [31mRedis connection error: [39m
[2026-06-23 00:00:11:011] [[32minfo[39m]: [32mBullMQ submission execution queue initialized.[39m
[2026-06-23 00:00:11:011] [[32minfo[39m]: [32mBullMQ submission execution worker ready.[39m
[2026-06-23 00:00:11:011] [[32minfo[39m]: [32mServer running on port 5000 in development mode.[39m
[2026-06-23 00:00:11:011] [[31merror[39m]: [31mRedis connection error: [39m
[2026-06-23 00:00:11:011] [[31merror[39m]: [31mRedis connection error: [39m
[2026-06-23 00:00:11:011] [[31merror[39m]: [31mRedis connection error: [39m
[2026-06-23 00:00:11:011] [[31merror[39m]: [31mRedis connection error: [39m
[2026-06-23 00:00:11:011] [[31merror[39m]: [31mRedis connection error: [39m
[2026-06-23 00:00:12:012] [[31merror[39m]: [31mRedis connection error: [39m
[2026-06-23 00:00:12:012] [[31merror[39m]: [31mRedis connection error: [39m
[2026-06-23 00:00:12:012] [[31merror[39m]: [31mRedis connection error: [39m
[2026-06-23 00:00:13:013] [[31merror[39m]: [31mRedis connection error: [39m
[2026-06-23 00:00:13:013] [[31merror[39m]: [31mRedis connection error: [39m
[2026-06-23 00:00:14:014] [[31merror[39m]: [31mRedis connection error: [39m
[2026-06-23 00:00:14:014] [[31merror[39m]: [31mRedis connection error: [39m
[2026-06-23 00:00:15:015] [[31merror[39m]: [31mRedis connection error: [39m
[2026-06-23 00:00:15:015] [[31merror[39m]: [31mRedis connection error: [39m
[2026-06-23 00:00:16:016] [[31merror[39m]: [31mRedis connection error: [39m
[2026-06-23 00:00:17:017] [[31merror[39m]: [31mRedis connection error: [39m
[2026-06-23 00:00:18:018] [[31merror[39m]: [31mRedis connection error: [39m
[2026-06-23 00:00:19:019] [[31merror[39m]: [31mRedis connection error: [39m
[2026-06-23 00:00:20:020] [[31merror[39m]: [31mRedis connection error: [39m
[2026-06-23 00:00:21:021] [[31merror[39m]: [31mRedis connection error: [39m
[2026-06-23 00:00:22:022] [[31merror[39m]: [31mRedis connection error: [39m
[2026-06-23 00:00:23:023] [[31merror[39m]: [31mRedis connection error: [39m
[2026-06-23 00:00:24:024] [[31merror[39m]: [31mRedis connection error: [39m
[2026-06-23 00:00:25:025] [[31merror[39m]: [31mRedis connection error: [39m
[2026-06-23 00:00:27:027] [[31merror[39m]: [31mRedis connection error: [39m
[2026-06-23 00:00:28:028] [[31merror[39m]: [31mRedis connection error: [39m
[2026-06-23 00:00:29:029] [[31merror[39m]: [31mRedis connection error: [39m
[2026-06-23 00:00:31:031] [[31merror[39m]: [31mRedis connection error: [39m
[2026-06-23 00:00:32:032] [[31merror[39m]: [31mRedis connection error: [39m
[2026-06-23 00:00:34:034] [[31merror[39m]: [31mRedis connection error: [39m
[2026-06-23 00:00:35:035] [[31merror[39m]: [31mRedis connection error: [39m
[2026-06-23 00:00:37:037] [[31merror[39m]: [31mRedis connection error: [39m
[2026-06-23 00:00:38:038] [[31merror[39m]: [31mRedis connection error: [39m
[2026-06-23 00:00:40:040] [[31merror[39m]: [31mRedis connection error: [39m
[2026-06-23 00:00:42:042] [[31merror[39m]: [31mRedis connection error: [39m
[2026-06-23 00:00:44:044] [[31merror[39m]: [31mRedis connection error: [39m
[2026-06-23 00:00:45:045] [[31merror[39m]: [31mRedis connection error: [39m
[2026-06-23 00:00:47:047] [[31merror[39m]: [31mRedis connection error: [39m
[2026-06-23 00:00:49:049] [[31merror[39m]: [31mRedis connection error: [39m
[2026-06-23 00:00:51:051] [[31merror[39m]: [31mRedis connection error: [39m
[2026-06-23 00:00:53:053] [[31merror[39m]: [31mRedis connection error: [39m
[2026-06-23 00:00:55:055] [[31merror[39m]: [31mRedis connection error: [39m
[2026-06-23 00:00:57:057] [[31merror[39m]: [31mRedis connection error: [39m
[2026-06-23 00:00:59:059] [[31merror[39m]: [31mRedis connection error: [39m
[2026-06-23 00:01:01:11] [[31merror[39m]: [31mRedis connection error: [39m
[2026-06-23 00:01:03:13] [[31merror[39m]: [31mRedis connection error: [39m
[2026-06-23 00:01:05:15] [[31merror[39m]: [31mRedis connection error: [39m
[2026-06-23 00:01:07:17] [[31merror[39m]: [31mRedis connection error: [39m
[2026-06-23 00:01:09:19] [[31merror[39m]: [31mRedis connection error: [39m
[2026-06-23 00:01:11:111] [[31merror[39m]: [31mRedis connection error: [39m
[2026-06-23 00:01:13:113] [[31merror[39m]: [31mRedis connection error: [39m
[2026-06-23 00:01:15:115] [[31merror[39m]: [31mRedis connection error: [39m
[2026-06-23 00:01:18:118] [[31merror[39m]: [31mRedis connection error: [39m
[2026-06-23 00:01:20:120] [[31merror[39m]: [31mRedis connection error: [39m
[2026-06-23 00:01:22:122] [[31merror[39m]: [31mRedis connection error: [39m
[2026-06-23 00:04:42:442] [[32minfo[39m]: [32mBullMQ submission execution queue initialized.[39m
[2026-06-23 00:04:43:443] [[32minfo[39m]: [32mBullMQ submission execution worker ready.[39m
[2026-06-23 00:04:43:443] [[32minfo[39m]: [32mServer running on port 5000 in development mode.[39m
[2026-06-23 00:04:43:443] [[31merror[39m]: [31mRedis connection error: [39m
[2026-06-23 00:04:43:443] [[31merror[39m]: [31mRedis connection error: [39m
[2026-06-23 00:04:43:443] [[31merror[39m]: [31mRedis connection error: [39m
[2026-06-23 00:04:43:443] [[31merror[39m]: [31mRedis connection error: [39m
[2026-06-23 00:04:43:443] [[31merror[39m]: [31mRedis connection error: [39m
[2026-06-23 00:04:43:443] [[31merror[39m]: [31mRedis connection error: [39m
[2026-06-23 00:04:44:444] [[31merror[39m]: [31mRedis connection error: [39m
[2026-06-23 00:04:44:444] [[31merror[39m]: [31mRedis connection error: [39m
[2026-06-23 00:04:45:445] [[31merror[39m]: [31mRedis connection error: [39m
[2026-06-23 00:04:45:445] [[31merror[39m]: [31mRedis connection error: [39m
[2026-06-23 00:04:46:446] [[31merror[39m]: [31mRedis connection error: [39m
[2026-06-23 00:04:46:446] [[31merror[39m]: [31mRedis connection error: [39m
[2026-06-23 00:04:47:447] [[31merror[39m]: [31mRedis connection error: [39m
[2026-06-23 00:04:47:447] [[31merror[39m]: [31mRedis connection error: [39m
[2026-06-23 00:04:48:448] [[31merror[39m]: [31mRedis connection error: [39m
[2026-06-23 00:04:49:449] [[31merror[39m]: [31mRedis connection error: [39m
[2026-06-23 00:04:50:450] [[31merror[39m]: [31mRedis connection error: [39m
[2026-06-23 00:04:51:451] [[31merror[39m]: [31mRedis connection error: [39m
[2026-06-23 00:04:51:451] [[31merror[39m]: [31mRedis connection error: [39m
[2026-06-23 00:08:59:859] [[32minfo[39m]: [32mLocal In-Memory submission task worker ready.[39m
[2026-06-23 00:08:59:859] [[32minfo[39m]: [32mLocal In-Memory submission task queue initialized.[39m
[2026-06-23 00:08:59:859] [[32minfo[39m]: [32mServer running on port 5000 in development mode.[39m
[2026-06-23 00:17:31:1731] [[32minfo[39m]: [32mLocal In-Memory submission task worker ready.[39m
[2026-06-23 00:17:31:1731] [[32minfo[39m]: [32mLocal In-Memory submission task queue initialized.[39m
[2026-06-23 00:17:31:1731] [[32minfo[39m]: [32mServer running on port 5000 in development mode.[39m
[2026-06-23 10:27:45:2745] [[32minfo[39m]: [32mLocal In-Memory submission task worker ready.[39m
[2026-06-23 10:27:45:2745] [[32minfo[39m]: [32mLocal In-Memory submission task queue initialized.[39m
[2026-06-23 10:27:45:2745] [[32minfo[39m]: [32mServer running on port 5000 in development mode.[39m
[2026-06-23 10:52:50:5250] [[32minfo[39m]: [32mLocal In-Memory submission task worker ready.[39m
[2026-06-23 10:52:50:5250] [[32minfo[39m]: [32mLocal In-Memory submission task queue initialized.[39m
[2026-06-23 10:52:50:5250] [[32minfo[39m]: [32mServer running on port 5000 in development mode.[39m
[2026-06-23 10:53:17:5317] [[32minfo[39m]: [32mPrisma Info: Starting a sqlite pool with 13 connections.[39m
[2026-06-23 10:53:18:5318] [[32minfo[39m]: [32mUser registered successfully: 8012f83b-a63c-4f0e-8f35-d6aa00c221d4[39m
[2026-06-23 10:53:22:5322] [[32minfo[39m]: [32mUser authenticated: 8012f83b-a63c-4f0e-8f35-d6aa00c221d4[39m
[2026-06-23 11:18:43:1843] [[32minfo[39m]: [32mLocal In-Memory submission task worker ready.[39m
[2026-06-23 11:18:43:1843] [[32minfo[39m]: [32mLocal In-Memory submission task queue initialized.[39m
[2026-06-23 11:18:43:1843] [[32minfo[39m]: [32mServer running on port 5000 in development mode.[39m
[2026-06-23 11:32:17:3217] [[32minfo[39m]: [32mLocal In-Memory submission task worker ready.[39m
[2026-06-23 11:32:17:3217] [[32minfo[39m]: [32mLocal In-Memory submission task queue initialized.[39m
[2026-06-23 11:32:17:3217] [[32minfo[39m]: [32mServer running on port 5000 in development mode.[39m
[2026-06-23 11:32:21:3221] [[32minfo[39m]: [32mLocal In-Memory submission task worker ready.[39m
[2026-06-23 11:32:21:3221] [[32minfo[39m]: [32mLocal In-Memory submission task queue initialized.[39m
[2026-06-23 11:32:21:3221] [[32minfo[39m]: [32mServer running on port 5000 in development mode.[39m
[2026-06-23 11:32:42:3242] [[32minfo[39m]: [32mLocal In-Memory submission task worker ready.[39m
[2026-06-23 11:32:42:3242] [[32minfo[39m]: [32mLocal In-Memory submission task queue initialized.[39m
[2026-06-23 11:32:42:3242] [[32minfo[39m]: [32mServer running on port 5000 in development mode.[39m
[2026-06-23 11:33:50:3350] [[32minfo[39m]: [32mPrisma Info: Starting a sqlite pool with 13 connections.[39m
[2026-06-23 11:33:51:3351] [[32minfo[39m]: [32mUser authenticated: 8012f83b-a63c-4f0e-8f35-d6aa00c221d4[39m
[2026-06-23 11:34:00:340] [[32minfo[39m]: [32mDry-run code requested by user: 8012f83b-a63c-4f0e-8f35-d6aa00c221d4[39m
[2026-06-23 11:34:02:342] [[31merror[39m]: [31mPiston compiler service failed: Request failed with status code 401[39m
[2026-06-23 11:37:48:3748] [[32minfo[39m]: [32mLocal In-Memory submission task worker ready.[39m
[2026-06-23 11:37:48:3748] [[32minfo[39m]: [32mLocal In-Memory submission task queue initialized.[39m
[2026-06-23 11:37:48:3748] [[32minfo[39m]: [32mServer running on port 5000 in development mode.[39m
[2026-06-23 11:39:48:3948] [[31merror[39m]: [31mLogin logic failed: Operation `users.findOne()` buffering timed out after 10000ms[39m
[2026-06-23 11:40:38:4038] [[31merror[39m]: [31mRegister logic failed: Operation `users.findOne()` buffering timed out after 10000ms[39m
[2026-06-23 14:20:40:2040] [[32minfo[39m]: [32mLocal In-Memory submission task worker ready.[39m
[2026-06-23 14:20:40:2040] [[32minfo[39m]: [32mLocal In-Memory submission task queue initialized.[39m
[2026-06-23 14:20:40:2040] [[32minfo[39m]: [32mServer running on port 5000 in development mode.[39m
[2026-06-23 14:35:24:3524] [[32minfo[39m]: [32mUser registered successfully: 4e10bff5-12e0-4d49-9d05-29334e05e43a[39m
[2026-06-23 14:35:26:3526] [[32minfo[39m]: [32mUser authenticated: 4e10bff5-12e0-4d49-9d05-29334e05e43a[39m
[2026-06-23 14:35:30:3530] [[32minfo[39m]: [32mDry-run code requested by user: 4e10bff5-12e0-4d49-9d05-29334e05e43a[39m
[2026-06-23 14:35:34:3534] [[31merror[39m]: [31mPiston compiler service failed: Request failed with status code 401[39m
[2026-06-23 14:49:13:4913] [[32minfo[39m]: [32mDry-run code requested by user: 4e10bff5-12e0-4d49-9d05-29334e05e43a[39m
[2026-06-23 14:49:14:4914] [[31merror[39m]: [31mPiston compiler service failed: Request failed with status code 401[39m
[2026-06-23 17:14:42:1442] [[32minfo[39m]: [32mUser authenticated: 4e10bff5-12e0-4d49-9d05-29334e05e43a[39m
[2026-06-23 17:20:36:2036] [[32minfo[39m]: [32mUser registered successfully: f3f1dbea-d8cc-4d59-baa3-eaa390a4c288[39m
[2026-06-23 17:20:44:2044] [[32minfo[39m]: [32mUser authenticated: f3f1dbea-d8cc-4d59-baa3-eaa390a4c288[39m
[2026-06-23 17:20:59:2059] [[32minfo[39m]: [32mUser authenticated: 4e10bff5-12e0-4d49-9d05-29334e05e43a[39m
[2026-06-23 17:21:08:218] [[32minfo[39m]: [32mUser authenticated: f3f1dbea-d8cc-4d59-baa3-eaa390a4c288[39m
[2026-06-23 18:16:00:160] [[32minfo[39m]: [32mDry-run code requested by user: f3f1dbea-d8cc-4d59-baa3-eaa390a4c288[39m
[2026-06-23 18:16:02:162] [[31merror[39m]: [31mPiston compiler service failed: Request failed with status code 401[39m
[2026-06-23 18:38:06:386] [[32minfo[39m]: [32mDry-run code requested by user: f3f1dbea-d8cc-4d59-baa3-eaa390a4c288[39m
[2026-06-23 18:38:08:388] [[31merror[39m]: [31mPiston compiler service failed: Request failed with status code 401[39m
[2026-06-23 18:39:44:3944] [[32minfo[39m]: [32mLocal In-Memory submission task worker ready.[39m
[2026-06-23 18:39:44:3944] [[32minfo[39m]: [32mLocal In-Memory submission task queue initialized.[39m
[2026-06-23 18:39:44:3944] [[32minfo[39m]: [32mServer running on port 5000 in development mode.[39m
[2026-06-23 18:40:12:4012] [[32minfo[39m]: [32mLocal In-Memory submission task worker ready.[39m
[2026-06-23 18:40:12:4012] [[32minfo[39m]: [32mLocal In-Memory submission task queue initialized.[39m
[2026-06-23 18:40:12:4012] [[32minfo[39m]: [32mServer running on port 5000 in development mode.[39m
[2026-06-23 18:40:43:4043] [[32minfo[39m]: [32mDry-run code requested by user: anonymous[39m
[2026-06-23 18:40:45:4045] [[31merror[39m]: [31mPiston compiler service failed: Request failed with status code 401[39m
[2026-06-23 18:44:01:441] [[32minfo[39m]: [32mLocal In-Memory submission task worker ready.[39m
[2026-06-23 18:44:01:441] [[32minfo[39m]: [32mLocal In-Memory submission task queue initialized.[39m
[2026-06-23 18:44:01:441] [[32minfo[39m]: [32mServer running on port 5000 in development mode.[39m
[2026-06-23 18:44:01:441] [[32minfo[39m]: [32mLocal In-Memory submission task worker ready.[39m
[2026-06-23 18:44:01:441] [[32minfo[39m]: [32mLocal In-Memory submission task queue initialized.[39m
[2026-06-23 18:44:26:4426] [[32minfo[39m]: [32mDry-run code requested by user: anonymous[39m
[2026-06-23 18:44:28:4428] [[31merror[39m]: [31mPiston compiler service failed: Request failed with status code 401. Falling back to mock execution.[39m
[2026-06-23 18:44:35:4435] [[32minfo[39m]: [32mDry-run code requested by user: anonymous[39m
[2026-06-23 18:44:36:4436] [[31merror[39m]: [31mPiston compiler service failed: Request failed with status code 401. Falling back to mock execution.[39m
[2026-06-23 18:45:02:452] [[32minfo[39m]: [32mDry-run code requested by user: anonymous[39m
[2026-06-23 18:45:02:452] [[31merror[39m]: [31mPiston compiler service failed: Request failed with status code 401. Falling back to mock execution.[39m
[2026-06-23 18:45:12:4512] [[32minfo[39m]: [32mDry-run code requested by user: anonymous[39m
[2026-06-23 18:45:15:4515] [[31merror[39m]: [31mPiston compiler service failed: Request failed with status code 401. Falling back to mock execution.[39m
[2026-06-23 19:01:53:153] [[32minfo[39m]: [32mDry-run code requested by user: anonymous[39m
[2026-06-23 19:01:54:154] [[31merror[39m]: [31mPiston compiler service failed: Request failed with status code 401. Falling back to mock execution.[39m
[2026-06-23 19:04:51:451] [[32minfo[39m]: [32mDry-run code requested by user: anonymous[39m
[2026-06-23 19:04:52:452] [[31merror[39m]: [31mPiston compiler service failed: Request failed with status code 401. Falling back to mock execution.[39m
[2026-06-23 19:05:44:544] [[32minfo[39m]: [32mDry-run code requested by user: anonymous[39m
[2026-06-23 19:05:46:546] [[31merror[39m]: [31mPiston compiler service failed: Request failed with status code 401. Falling back to mock execution.[39m
[2026-06-23 19:07:31:731] [[32minfo[39m]: [32mDry-run code requested by user: anonymous[39m
[2026-06-23 19:07:32:732] [[31merror[39m]: [31mPiston compiler service failed: Request failed with status code 401. Falling back to mock execution.[39m
[2026-06-23 19:07:38:738] [[32minfo[39m]: [32mDry-run code requested by user: anonymous[39m
[2026-06-23 19:07:39:739] [[31merror[39m]: [31mPiston compiler service failed: Request failed with status code 401. Falling back to mock execution.[39m
[2026-06-23 19:09:06:96] [[32minfo[39m]: [32mLocal In-Memory submission task worker ready.[39m
[2026-06-23 19:09:06:96] [[32minfo[39m]: [32mLocal In-Memory submission task queue initialized.[39m
[2026-06-23 19:09:08:98] [[32minfo[39m]: [32mServer running on port 5000 in development mode.[39m
[2026-06-23 19:09:33:933] [[32minfo[39m]: [32mDry-run code requested by user: anonymous[39m
[2026-06-23 19:09:35:935] [[31merror[39m]: [31mPiston compiler service failed: Request failed with status code 401. Falling back to mock execution.[39m
[2026-06-23 19:11:26:1126] [[32minfo[39m]: [32mLocal In-Memory submission task worker ready.[39m
[2026-06-23 19:11:26:1126] [[32minfo[39m]: [32mLocal In-Memory submission task queue initialized.[39m
[2026-06-23 19:11:26:1126] [[32minfo[39m]: [32mServer running on port 5000 in development mode.[39m
[2026-06-23 19:11:46:1146] [[32minfo[39m]: [32mDry-run code requested by user: anonymous[39m
[2026-06-23 19:11:51:1151] [[31merror[39m]: [31mPiston compiler service failed: Request failed with status code 401. Falling back to local execution.[39m
[2026-06-23 19:12:11:1211] [[32minfo[39m]: [32mDry-run code requested by user: anonymous[39m
[2026-06-23 19:12:13:1213] [[31merror[39m]: [31mPiston compiler service failed: Request failed with status code 401. Falling back to local execution.[39m
[2026-06-23 19:12:22:1222] [[31merror[39m]: [31mLocal execution also failed: EBUSY: resource busy or locked, unlink 'C:\Users\ASUS\Desktop\CodeSklii\backend\tmp\e8bfa1bc-2209-4e09-951e-d547beb6e6c3.in'[39m
[2026-06-23 19:13:41:1341] [[32minfo[39m]: [32mLocal In-Memory submission task worker ready.[39m
[2026-06-23 19:13:41:1341] [[32minfo[39m]: [32mLocal In-Memory submission task queue initialized.[39m
[2026-06-23 19:13:41:1341] [[32minfo[39m]: [32mServer running on port 5000 in development mode.[39m
[2026-06-23 19:14:17:1417] [[32minfo[39m]: [32mDry-run code requested by user: anonymous[39m
[2026-06-23 19:30:07:307] [[32minfo[39m]: [32mLocal In-Memory submission task worker ready.[39m
[2026-06-23 19:30:07:307] [[32minfo[39m]: [32mLocal In-Memory submission task queue initialized.[39m
[2026-06-23 19:30:07:307] [[32minfo[39m]: [32mServer running on port 5000 in development mode.[39m
[2026-06-23 22:32:09:329] [[31merror[39m]: [31mLogout failed: [39m
[31mInvalid `prisma.deviceSession.delete()` invocation in[39m
[31mC:\Users\ASUS\Desktop\CodeSklii\backend\src\controllers\authController.ts:173:40[39m

[31m  170 }[39m
[31m  171 [39m
[31m  172 try {[39m
[31m→ 173   await prisma.deviceSession.delete([39m
[31mAn operation failed because it depends on one or more records that were required but not found. Record to delete does not exist.[39m
[2026-06-23 22:32:09:329] [[31merror[39m]: [31mLogout failed: [39m
[31mInvalid `prisma.deviceSession.delete()` invocation in[39m
[31mC:\Users\ASUS\Desktop\CodeSklii\backend\src\controllers\authController.ts:173:40[39m

[31m  170 }[39m
[31m  171 [39m
[31m  172 try {[39m
[31m→ 173   await prisma.deviceSession.delete([39m
[31mAn operation failed because it depends on one or more records that were required but not found. Record to delete does not exist.[39m
[2026-06-23 22:32:09:329] [[31merror[39m]: [31mLogout failed: [39m
[31mInvalid `prisma.deviceSession.delete()` invocation in[39m
[31mC:\Users\ASUS\Desktop\CodeSklii\backend\src\controllers\authController.ts:173:40[39m

[31m  170 }[39m
[31m  171 [39m
[31m  172 try {[39m
[31m→ 173   await prisma.deviceSession.delete([39m
[31mAn operation failed because it depends on one or more records that were required but not found. Record to delete does not exist.[39m
[2026-06-23 22:32:09:329] [[31merror[39m]: [31mLogout failed: [39m
[31mInvalid `prisma.deviceSession.delete()` invocation in[39m
[31mC:\Users\ASUS\Desktop\CodeSklii\backend\src\controllers\authController.ts:173:40[39m

[31m  170 }[39m
[31m  171 [39m
[31m  172 try {[39m
[31m→ 173   await prisma.deviceSession.delete([39m
[31mAn operation failed because it depends on one or more records that were required but not found. Record to delete does not exist.[39m
[2026-06-23 22:32:09:329] [[31merror[39m]: [31mLogout failed: [39m
[31mInvalid `prisma.deviceSession.delete()` invocation in[39m
[31mC:\Users\ASUS\Desktop\CodeSklii\backend\src\controllers\authController.ts:173:40[39m

[31m  170 }[39m
[31m  171 [39m
[31m  172 try {[39m
[31m→ 173   await prisma.deviceSession.delete([39m
[31mAn operation failed because it depends on one or more records that were required but not found. Record to delete does not exist.[39m
[2026-06-24 11:01:49:149] [[32minfo[39m]: [32mUser authenticated: 4e10bff5-12e0-4d49-9d05-29334e05e43a[39m
[2026-06-24 17:01:03:13] [[32minfo[39m]: [32mDry-run code requested by user: anonymous[39m
[2026-06-24 17:01:04:14] [[31merror[39m]: [31mPiston compiler service failed: Request failed with status code 401. Falling back to mock execution.[39m
[2026-06-24 17:01:15:115] [[32minfo[39m]: [32mDry-run code requested by user: anonymous[39m
[2026-06-24 17:01:17:117] [[31merror[39m]: [31mPiston compiler service failed: Request failed with status code 401. Falling back to mock execution.[39m
[2026-06-24 17:01:24:124] [[32minfo[39m]: [32mDry-run code requested by user: anonymous[39m
[2026-06-24 17:01:25:125] [[31merror[39m]: [31mPiston compiler service failed: Request failed with status code 401. Falling back to mock execution.[39m
[2026-06-24 17:07:44:744] [[32minfo[39m]: [32mDry-run code requested by user: anonymous[39m
[2026-06-24 17:07:45:745] [[31merror[39m]: [31mPiston compiler service failed: Request failed with status code 401. Falling back to mock execution.[39m
[2026-06-24 17:30:57:3057] [[32minfo[39m]: [32mDry-run code requested by user: anonymous[39m
[2026-06-24 17:39:00:390] [[32minfo[39m]: [32mDry-run code requested by user: anonymous[39m
[2026-06-25 02:29:53:2953] [[32minfo[39m]: [32mLocal In-Memory submission task worker ready.[39m
[2026-06-25 02:29:53:2953] [[32minfo[39m]: [32mLocal In-Memory submission task queue initialized.[39m
[2026-06-25 02:29:53:2953] [[32minfo[39m]: [32mServer running on port 5000 in development mode.[39m
[2026-06-25 02:55:56:5556] [[32minfo[39m]: [32mLocal In-Memory submission task worker ready.[39m
[2026-06-25 02:55:56:5556] [[32minfo[39m]: [32mLocal In-Memory submission task queue initialized.[39m
[2026-06-25 02:55:56:5556] [[32minfo[39m]: [32mServer running on port 5000 in development mode.[39m
[2026-06-25 02:56:03:563] [[32minfo[39m]: [32mLocal In-Memory submission task worker ready.[39m
[2026-06-25 02:56:03:563] [[32minfo[39m]: [32mLocal In-Memory submission task queue initialized.[39m
[2026-06-25 02:56:03:563] [[32minfo[39m]: [32mServer running on port 5000 in development mode.[39m
[2026-06-25 11:05:06:56] [[32minfo[39m]: [32mLocal In-Memory submission task worker ready.[39m
[2026-06-25 11:05:06:56] [[32minfo[39m]: [32mLocal In-Memory submission task queue initialized.[39m
[2026-06-25 11:05:06:56] [[32minfo[39m]: [32mServer running on port 5000 in development mode.[39m
[2026-06-25 11:05:39:539] [[32minfo[39m]: [32mDry-run code requested by user: anonymous[39m
[2026-06-25 11:32:35:3235] [[32minfo[39m]: [32mLocal In-Memory submission task worker ready.[39m
[2026-06-25 11:32:35:3235] [[32minfo[39m]: [32mLocal In-Memory submission task queue initialized.[39m
[2026-06-25 11:32:35:3235] [[32minfo[39m]: [32mServer running on port 5000 in development mode.[39m
[2026-06-25 11:32:35:3235] [[31merror[39m]: [31mRedis connection error: Error: connect ECONNREFUSED 127.0.0.1:6379[39m
[2026-06-25 11:32:35:3235] [[31merror[39m]: [31mRedis connection error: Error: connect ECONNREFUSED 127.0.0.1:6379[39m
[2026-06-25 11:32:35:3235] [[31merror[39m]: [31mRedis connection error: Error: connect ECONNREFUSED 127.0.0.1:6379[39m
[2026-06-25 11:32:35:3235] [[31merror[39m]: [31mRedis connection error: Error: connect ECONNREFUSED 127.0.0.1:6379[39m
[2026-06-25 11:32:35:3235] [[31merror[39m]: [31mRedis connection error: Error: connect ECONNREFUSED 127.0.0.1:6379[39m
[2026-06-25 11:32:36:3236] [[31merror[39m]: [31mRedis connection error: Error: connect ECONNREFUSED 127.0.0.1:6379[39m
[2026-06-25 11:32:36:3236] [[31merror[39m]: [31mRedis connection error: Error: connect ECONNREFUSED 127.0.0.1:6379[39m
[2026-06-25 11:32:36:3236] [[31merror[39m]: [31mRedis connection error: Error: connect ECONNREFUSED 127.0.0.1:6379[39m
[2026-06-25 11:32:37:3237] [[31merror[39m]: [31mRedis connection error: Error: connect ECONNREFUSED 127.0.0.1:6379[39m
[2026-06-25 11:32:37:3237] [[31merror[39m]: [31mRedis connection error: Error: connect ECONNREFUSED 127.0.0.1:6379[39m
[2026-06-25 11:32:38:3238] [[31merror[39m]: [31mRedis connection error: Error: connect ECONNREFUSED 127.0.0.1:6379[39m
[2026-06-25 11:32:38:3238] [[31merror[39m]: [31mRedis connection error: Error: connect ECONNREFUSED 127.0.0.1:6379[39m
[2026-06-25 11:32:39:3239] [[31merror[39m]: [31mRedis connection error: Error: connect ECONNREFUSED 127.0.0.1:6379[39m
[2026-06-25 11:32:40:3240] [[31merror[39m]: [31mRedis connection error: Error: connect ECONNREFUSED 127.0.0.1:6379[39m
[2026-06-25 11:32:40:3240] [[31merror[39m]: [31mRedis connection error: Error: connect ECONNREFUSED 127.0.0.1:6379[39m
[2026-06-25 11:32:41:3241] [[31merror[39m]: [31mRedis connection error: Error: connect ECONNREFUSED 127.0.0.1:6379[39m
[2026-06-25 11:32:42:3242] [[31merror[39m]: [31mRedis connection error: Error: connect ECONNREFUSED 127.0.0.1:6379[39m
[2026-06-25 11:32:43:3243] [[31merror[39m]: [31mRedis connection error: Error: connect ECONNREFUSED 127.0.0.1:6379[39m
[2026-06-25 11:32:44:3244] [[31merror[39m]: [31mRedis connection error: Error: connect ECONNREFUSED 127.0.0.1:6379[39m
[2026-06-25 11:32:45:3245] [[31merror[39m]: [31mRedis connection error: Error: connect ECONNREFUSED 127.0.0.1:6379[39m
[2026-06-25 11:32:46:3246] [[31merror[39m]: [31mRedis connection error: Error: connect ECONNREFUSED 127.0.0.1:6379[39m
[2026-06-25 11:32:47:3247] [[31merror[39m]: [31mRedis connection error: Error: connect ECONNREFUSED 127.0.0.1:6379[39m
[2026-06-25 11:32:48:3248] [[31merror[39m]: [31mRedis connection error: Error: connect ECONNREFUSED 127.0.0.1:6379[39m
[2026-06-25 11:32:49:3249] [[31merror[39m]: [31mRedis connection error: Error: connect ECONNREFUSED 127.0.0.1:6379[39m
[2026-06-25 11:32:50:3250] [[31merror[39m]: [31mRedis connection error: Error: connect ECONNREFUSED 127.0.0.1:6379[39m
[2026-06-25 11:32:52:3252] [[31merror[39m]: [31mRedis connection error: Error: connect ECONNREFUSED 127.0.0.1:6379[39m
[2026-06-25 11:32:53:3253] [[31merror[39m]: [31mRedis connection error: Error: connect ECONNREFUSED 127.0.0.1:6379[39m
[2026-06-25 11:32:54:3254] [[31merror[39m]: [31mRedis connection error: Error: connect ECONNREFUSED 127.0.0.1:6379[39m
[2026-06-25 11:32:56:3256] [[31merror[39m]: [31mRedis connection error: Error: connect ECONNREFUSED 127.0.0.1:6379[39m
[2026-06-25 11:32:57:3257] [[31merror[39m]: [31mRedis connection error: Error: connect ECONNREFUSED 127.0.0.1:6379[39m
[2026-06-25 11:32:59:3259] [[31merror[39m]: [31mRedis connection error: Error: connect ECONNREFUSED 127.0.0.1:6379[39m
[2026-06-25 11:33:00:330] [[31merror[39m]: [31mRedis connection error: Error: connect ECONNREFUSED 127.0.0.1:6379[39m
[2026-06-25 11:33:02:332] [[31merror[39m]: [31mRedis connection error: Error: connect ECONNREFUSED 127.0.0.1:6379[39m
[2026-06-25 11:33:04:334] [[31merror[39m]: [31mRedis connection error: Error: connect ECONNREFUSED 127.0.0.1:6379[39m
[2026-06-25 11:33:05:335] [[31merror[39m]: [31mRedis connection error: Error: connect ECONNREFUSED 127.0.0.1:6379[39m
[2026-06-25 11:33:07:337] [[31merror[39m]: [31mRedis connection error: Error: connect ECONNREFUSED 127.0.0.1:6379[39m
[2026-06-25 11:33:09:339] [[31merror[39m]: [31mRedis connection error: Error: connect ECONNREFUSED 127.0.0.1:6379[39m
[2026-06-25 11:33:11:3311] [[31merror[39m]: [31mRedis connection error: Error: connect ECONNREFUSED 127.0.0.1:6379[39m
[2026-06-25 11:33:13:3313] [[31merror[39m]: [31mRedis connection error: Error: connect ECONNREFUSED 127.0.0.1:6379[39m
[2026-06-25 11:33:15:3315] [[31merror[39m]: [31mRedis connection error: Error: connect ECONNREFUSED 127.0.0.1:6379[39m
[2026-06-25 11:33:17:3317] [[31merror[39m]: [31mRedis connection error: Error: connect ECONNREFUSED 127.0.0.1:6379[39m
[2026-06-25 11:33:19:3319] [[31merror[39m]: [31mRedis connection error: Error: connect ECONNREFUSED 127.0.0.1:6379[39m
[2026-06-25 11:33:21:3321] [[31merror[39m]: [31mRedis connection error: Error: connect ECONNREFUSED 127.0.0.1:6379[39m
[2026-06-25 11:33:23:3323] [[31merror[39m]: [31mRedis connection error: Error: connect ECONNREFUSED 127.0.0.1:6379[39m
[2026-06-25 11:33:25:3325] [[31merror[39m]: [31mRedis connection error: Error: connect ECONNREFUSED 127.0.0.1:6379[39m
[2026-06-25 11:33:27:3327] [[31merror[39m]: [31mRedis connection error: Error: connect ECONNREFUSED 127.0.0.1:6379[39m
[2026-06-25 11:33:29:3329] [[31merror[39m]: [31mRedis connection error: Error: connect ECONNREFUSED 127.0.0.1:6379[39m
[2026-06-25 11:33:31:3331] [[31merror[39m]: [31mRedis connection error: Error: connect ECONNREFUSED 127.0.0.1:6379[39m
[2026-06-25 11:33:33:3333] [[31merror[39m]: [31mRedis connection error: Error: connect ECONNREFUSED 127.0.0.1:6379[39m
[2026-06-25 11:33:35:3335] [[31merror[39m]: [31mRedis connection error: Error: connect ECONNREFUSED 127.0.0.1:6379[39m
[2026-06-25 11:33:37:3337] [[31merror[39m]: [31mRedis connection error: Error: connect ECONNREFUSED 127.0.0.1:6379[39m
[2026-06-25 11:33:39:3339] [[31merror[39m]: [31mRedis connection error: Error: connect ECONNREFUSED 127.0.0.1:6379[39m
[2026-06-25 11:33:41:3341] [[31merror[39m]: [31mRedis connection error: Error: connect ECONNREFUSED 127.0.0.1:6379[39m
[2026-06-25 11:33:43:3343] [[31merror[39m]: [31mRedis connection error: Error: connect ECONNREFUSED 127.0.0.1:6379[39m
[2026-06-25 11:33:45:3345] [[31merror[39m]: [31mRedis connection error: Error: connect ECONNREFUSED 127.0.0.1:6379[39m
[2026-06-25 11:33:47:3347] [[31merror[39m]: [31mRedis connection error: Error: connect ECONNREFUSED 127.0.0.1:6379[39m
[2026-06-25 11:33:49:3349] [[31merror[39m]: [31mRedis connection error: Error: connect ECONNREFUSED 127.0.0.1:6379[39m
[2026-06-25 11:33:51:3351] [[31merror[39m]: [31mRedis connection error: Error: connect ECONNREFUSED 127.0.0.1:6379[39m
[2026-06-25 11:33:53:3353] [[31merror[39m]: [31mRedis connection error: Error: connect ECONNREFUSED 127.0.0.1:6379[39m
[2026-06-25 11:33:55:3355] [[31merror[39m]: [31mRedis connection error: Error: connect ECONNREFUSED 127.0.0.1:6379[39m
[2026-06-25 11:33:57:3357] [[31merror[39m]: [31mRedis connection error: Error: connect ECONNREFUSED 127.0.0.1:6379[39m
[2026-06-25 11:33:59:3359] [[31merror[39m]: [31mRedis connection error: Error: connect ECONNREFUSED 127.0.0.1:6379[39m
[2026-06-25 11:34:01:341] [[31merror[39m]: [31mRedis connection error: Error: connect ECONNREFUSED 127.0.0.1:6379[39m
[2026-06-25 11:34:01:341] [[31merror[39m]: [31mCache middleware error: MaxRetriesPerRequestError: Reached the max retries per request limit (which is 20). Refer to "maxRetriesPerRequest" option for details.[39m
[2026-06-25 11:34:01:341] [[31merror[39m]: [31mCache middleware error: MaxRetriesPerRequestError: Reached the max retries per request limit (which is 20). Refer to "maxRetriesPerRequest" option for details.[39m
[2026-06-25 11:34:03:343] [[31merror[39m]: [31mRedis connection error: Error: connect ECONNREFUSED 127.0.0.1:6379[39m
[2026-06-25 11:34:05:345] [[31merror[39m]: [31mRedis connection error: Error: connect ECONNREFUSED 127.0.0.1:6379[39m
[2026-06-25 11:34:07:347] [[31merror[39m]: [31mRedis connection error: Error: connect ECONNREFUSED 127.0.0.1:6379[39m
[2026-06-25 11:34:09:349] [[31merror[39m]: [31mRedis connection error: Error: connect ECONNREFUSED 127.0.0.1:6379[39m
[2026-06-25 11:34:11:3411] [[31merror[39m]: [31mRedis connection error: Error: connect ECONNREFUSED 127.0.0.1:6379[39m
[2026-06-25 11:34:13:3413] [[31merror[39m]: [31mRedis connection error: Error: connect ECONNREFUSED 127.0.0.1:6379[39m
[2026-06-25 11:34:15:3415] [[31merror[39m]: [31mRedis connection error: Error: connect ECONNREFUSED 127.0.0.1:6379[39m
[2026-06-25 11:34:17:3417] [[31merror[39m]: [31mRedis connection error: Error: connect ECONNREFUSED 127.0.0.1:6379[39m
[2026-06-25 11:34:19:3419] [[31merror[39m]: [31mRedis connection error: Error: connect ECONNREFUSED 127.0.0.1:6379[39m
[2026-06-25 11:34:21:3421] [[31merror[39m]: [31mRedis connection error: Error: connect ECONNREFUSED 127.0.0.1:6379[39m
[2026-06-25 11:34:23:3423] [[31merror[39m]: [31mRedis connection error: Error: connect ECONNREFUSED 127.0.0.1:6379[39m
[2026-06-25 11:34:25:3425] [[31merror[39m]: [31mRedis connection error: Error: connect ECONNREFUSED 127.0.0.1:6379[39m
[2026-06-25 11:34:27:3427] [[31merror[39m]: [31mRedis connection error: Error: connect ECONNREFUSED 127.0.0.1:6379[39m
[2026-06-25 11:34:29:3429] [[31merror[39m]: [31mRedis connection error: Error: connect ECONNREFUSED 127.0.0.1:6379[39m
[2026-06-25 11:34:31:3431] [[31merror[39m]: [31mRedis connection error: Error: connect ECONNREFUSED 127.0.0.1:6379[39m
[2026-06-25 11:34:33:3433] [[31merror[39m]: [31mRedis connection error: Error: connect ECONNREFUSED 127.0.0.1:6379[39m
[2026-06-25 11:34:35:3435] [[31merror[39m]: [31mRedis connection error: Error: connect ECONNREFUSED 127.0.0.1:6379[39m
[2026-06-25 11:34:37:3437] [[31merror[39m]: [31mRedis connection error: Error: connect ECONNREFUSED 127.0.0.1:6379[39m
[2026-06-25 11:34:39:3439] [[31merror[39m]: [31mRedis connection error: Error: connect ECONNREFUSED 127.0.0.1:6379[39m
[2026-06-25 11:34:41:3441] [[31merror[39m]: [31mRedis connection error: Error: connect ECONNREFUSED 127.0.0.1:6379[39m
[2026-06-25 11:34:43:3443] [[31merror[39m]: [31mRedis connection error: Error: connect ECONNREFUSED 127.0.0.1:6379[39m
[2026-06-25 11:34:43:3443] [[31merror[39m]: [31mCache middleware error: MaxRetriesPerRequestError: Reached the max retries per request limit (which is 20). Refer to "maxRetriesPerRequest" option for details.[39m
[2026-06-25 11:34:45:3445] [[31merror[39m]: [31mRedis connection error: Error: connect ECONNREFUSED 127.0.0.1:6379[39m
[2026-06-25 11:34:47:3447] [[31merror[39m]: [31mRedis connection error: Error: connect ECONNREFUSED 127.0.0.1:6379[39m
[2026-06-25 11:34:49:3449] [[31merror[39m]: [31mRedis connection error: Error: connect ECONNREFUSED 127.0.0.1:6379[39m
[2026-06-25 11:34:51:3451] [[31merror[39m]: [31mRedis connection error: Error: connect ECONNREFUSED 127.0.0.1:6379[39m
[2026-06-25 11:34:53:3453] [[31merror[39m]: [31mRedis connection error: Error: connect ECONNREFUSED 127.0.0.1:6379[39m
[2026-06-25 11:34:55:3455] [[31merror[39m]: [31mRedis connection error: Error: connect ECONNREFUSED 127.0.0.1:6379[39m
[2026-06-25 11:34:57:3457] [[31merror[39m]: [31mRedis connection error: Error: connect ECONNREFUSED 127.0.0.1:6379[39m
[2026-06-25 11:34:59:3459] [[31merror[39m]: [31mRedis connection error: Error: connect ECONNREFUSED 127.0.0.1:6379[39m
[2026-06-25 11:35:01:351] [[31merror[39m]: [31mRedis connection error: Error: connect ECONNREFUSED 127.0.0.1:6379[39m
[2026-06-25 11:35:03:353] [[31merror[39m]: [31mRedis connection error: Error: connect ECONNREFUSED 127.0.0.1:6379[39m
[2026-06-25 11:35:05:355] [[31merror[39m]: [31mRedis connection error: Error: connect ECONNREFUSED 127.0.0.1:6379[39m
[2026-06-25 11:35:07:357] [[31merror[39m]: [31mRedis connection error: Error: connect ECONNREFUSED 127.0.0.1:6379[39m
[2026-06-25 11:35:09:359] [[31merror[39m]: [31mRedis connection error: Error: connect ECONNREFUSED 127.0.0.1:6379[39m
[2026-06-25 11:35:11:3511] [[31merror[39m]: [31mRedis connection error: Error: connect ECONNREFUSED 127.0.0.1:6379[39m
[2026-06-25 11:35:13:3513] [[31merror[39m]: [31mRedis connection error: Error: connect ECONNREFUSED 127.0.0.1:6379[39m
[2026-06-25 11:35:15:3515] [[31merror[39m]: [31mRedis connection error: Error: connect ECONNREFUSED 127.0.0.1:6379[39m
[2026-06-25 11:35:17:3517] [[31merror[39m]: [31mRedis connection error: Error: connect ECONNREFUSED 127.0.0.1:6379[39m
[2026-06-25 11:35:19:3519] [[31merror[39m]: [31mRedis connection error: Error: connect ECONNREFUSED 127.0.0.1:6379[39m
[2026-06-25 11:35:21:3521] [[31merror[39m]: [31mRedis connection error: Error: connect ECONNREFUSED 127.0.0.1:6379[39m
[2026-06-25 11:35:23:3523] [[31merror[39m]: [31mRedis connection error: Error: connect ECONNREFUSED 127.0.0.1:6379[39m
[2026-06-25 11:35:25:3525] [[31merror[39m]: [31mRedis connection error: Error: connect ECONNREFUSED 127.0.0.1:6379[39m
[2026-06-25 11:35:28:3528] [[31merror[39m]: [31mRedis connection error: Error: connect ECONNREFUSED 127.0.0.1:6379[39m
[2026-06-25 11:35:30:3530] [[31merror[39m]: [31mRedis connection error: Error: connect ECONNREFUSED 127.0.0.1:6379[39m
[2026-06-25 11:35:32:3532] [[31merror[39m]: [31mRedis connection error: Error: connect ECONNREFUSED 127.0.0.1:6379[39m
[2026-06-25 11:35:34:3534] [[31merror[39m]: [31mRedis connection error: Error: connect ECONNREFUSED 127.0.0.1:6379[39m
[2026-06-25 11:35:36:3536] [[31merror[39m]: [31mRedis connection error: Error: connect ECONNREFUSED 127.0.0.1:6379[39m
[2026-06-25 11:35:38:3538] [[31merror[39m]: [31mRedis connection error: Error: connect ECONNREFUSED 127.0.0.1:6379[39m
[2026-06-25 11:35:40:3540] [[31merror[39m]: [31mRedis connection error: Error: connect ECONNREFUSED 127.0.0.1:6379[39m
[2026-06-25 11:35:42:3542] [[31merror[39m]: [31mRedis connection error: Error: connect ECONNREFUSED 127.0.0.1:6379[39m
[2026-06-25 11:35:44:3544] [[31merror[39m]: [31mRedis connection error: Error: connect ECONNREFUSED 127.0.0.1:6379[39m
[2026-06-25 11:35:46:3546] [[31merror[39m]: [31mRedis connection error: Error: connect ECONNREFUSED 127.0.0.1:6379[39m
[2026-06-25 11:35:48:3548] [[31merror[39m]: [31mRedis connection error: Error: connect ECONNREFUSED 127.0.0.1:6379[39m
[2026-06-25 11:35:50:3550] [[31merror[39m]: [31mRedis connection error: Error: connect ECONNREFUSED 127.0.0.1:6379[39m
[2026-06-25 11:35:52:3552] [[31merror[39m]: [31mRedis connection error: Error: connect ECONNREFUSED 127.0.0.1:6379[39m
[2026-06-25 11:35:54:3554] [[31merror[39m]: [31mRedis connection error: Error: connect ECONNREFUSED 127.0.0.1:6379[39m
[2026-06-25 11:35:56:3556] [[31merror[39m]: [31mRedis connection error: Error: connect ECONNREFUSED 127.0.0.1:6379[39m
[2026-06-25 11:35:58:3558] [[31merror[39m]: [31mRedis connection error: Error: connect ECONNREFUSED 127.0.0.1:6379[39m
[2026-06-25 11:36:00:360] [[31merror[39m]: [31mRedis connection error: Error: connect ECONNREFUSED 127.0.0.1:6379[39m
[2026-06-25 11:36:02:362] [[31merror[39m]: [31mRedis connection error: Error: connect ECONNREFUSED 127.0.0.1:6379[39m
[2026-06-25 11:36:04:364] [[31merror[39m]: [31mRedis connection error: Error: connect ECONNREFUSED 127.0.0.1:6379[39m
[2026-06-25 11:36:06:366] [[31merror[39m]: [31mRedis connection error: Error: connect ECONNREFUSED 127.0.0.1:6379[39m
[2026-06-25 11:36:08:368] [[31merror[39m]: [31mRedis connection error: Error: connect ECONNREFUSED 127.0.0.1:6379[39m
[2026-06-25 11:36:10:3610] [[31merror[39m]: [31mRedis connection error: Error: connect ECONNREFUSED 127.0.0.1:6379[39m
[2026-06-25 11:36:12:3612] [[31merror[39m]: [31mRedis connection error: Error: connect ECONNREFUSED 127.0.0.1:6379[39m
[2026-06-25 11:36:14:3614] [[31merror[39m]: [31mRedis connection error: Error: connect ECONNREFUSED 127.0.0.1:6379[39m
[2026-06-25 11:36:16:3616] [[31merror[39m]: [31mRedis connection error: Error: connect ECONNREFUSED 127.0.0.1:6379[39m
[2026-06-25 11:36:18:3618] [[31merror[39m]: [31mRedis connection error: Error: connect ECONNREFUSED 127.0.0.1:6379[39m
[2026-06-25 11:36:20:3620] [[31merror[39m]: [31mRedis connection error: Error: connect ECONNREFUSED 127.0.0.1:6379[39m
[2026-06-25 11:36:22:3622] [[31merror[39m]: [31mRedis connection error: Error: connect ECONNREFUSED 127.0.0.1:6379[39m
[2026-06-25 11:36:24:3624] [[31merror[39m]: [31mRedis connection error: Error: connect ECONNREFUSED 127.0.0.1:6379[39m
[2026-06-25 11:36:26:3626] [[31merror[39m]: [31mRedis connection error: Error: connect ECONNREFUSED 127.0.0.1:6379[39m
[2026-06-25 11:36:28:3628] [[31merror[39m]: [31mRedis connection error: Error: connect ECONNREFUSED 127.0.0.1:6379[39m
[2026-06-25 11:36:30:3630] [[31merror[39m]: [31mRedis connection error: Error: connect ECONNREFUSED 127.0.0.1:6379[39m
[2026-06-25 11:36:32:3632] [[31merror[39m]: [31mRedis connection error: Error: connect ECONNREFUSED 127.0.0.1:6379[39m
[2026-06-25 11:36:34:3634] [[31merror[39m]: [31mRedis connection error: Error: connect ECONNREFUSED 127.0.0.1:6379[39m
[2026-06-25 11:36:37:3637] [[31merror[39m]: [31mRedis connection error: Error: connect ECONNREFUSED 127.0.0.1:6379[39m
[2026-06-25 11:36:39:3639] [[31merror[39m]: [31mRedis connection error: Error: connect ECONNREFUSED 127.0.0.1:6379[39m
[2026-06-25 11:36:41:3641] [[31merror[39m]: [31mRedis connection error: Error: connect ECONNREFUSED 127.0.0.1:6379[39m
[2026-06-25 11:36:43:3643] [[31merror[39m]: [31mRedis connection error: Error: connect ECONNREFUSED 127.0.0.1:6379[39m
[2026-06-25 11:36:45:3645] [[31merror[39m]: [31mRedis connection error: Error: connect ECONNREFUSED 127.0.0.1:6379[39m
[2026-06-25 11:36:47:3647] [[31merror[39m]: [31mRedis connection error: Error: connect ECONNREFUSED 127.0.0.1:6379[39m
[2026-06-25 11:36:49:3649] [[31merror[39m]: [31mRedis connection error: Error: connect ECONNREFUSED 127.0.0.1:6379[39m
[2026-06-25 11:36:51:3651] [[31merror[39m]: [31mRedis connection error: Error: connect ECONNREFUSED 127.0.0.1:6379[39m
[2026-06-25 11:36:51:3651] [[31merror[39m]: [31mCache middleware error: MaxRetriesPerRequestError: Reached the max retries per request limit (which is 20). Refer to "maxRetriesPerRequest" option for details.[39m
[2026-06-25 11:36:53:3653] [[31merror[39m]: [31mRedis connection error: Error: connect ECONNREFUSED 127.0.0.1:6379[39m
[2026-06-25 11:36:55:3655] [[31merror[39m]: [31mRedis connection error: Error: connect ECONNREFUSED 127.0.0.1:6379[39m
[2026-06-25 11:36:57:3657] [[31merror[39m]: [31mRedis connection error: Error: connect ECONNREFUSED 127.0.0.1:6379[39m
[2026-06-25 11:36:59:3659] [[31merror[39m]: [31mRedis connection error: Error: connect ECONNREFUSED 127.0.0.1:6379[39m
[2026-06-25 11:37:01:371] [[31merror[39m]: [31mRedis connection error: Error: connect ECONNREFUSED 127.0.0.1:6379[39m
[2026-06-25 11:37:03:373] [[31merror[39m]: [31mRedis connection error: Error: connect ECONNREFUSED 127.0.0.1:6379[39m
[2026-06-25 11:37:06:376] [[31merror[39m]: [31mRedis connection error: Error: connect ECONNREFUSED 127.0.0.1:6379[39m
[2026-06-25 11:37:08:378] [[31merror[39m]: [31mRedis connection error: Error: connect ECONNREFUSED 127.0.0.1:6379[39m
[2026-06-25 11:37:10:3710] [[31merror[39m]: [31mRedis connection error: Error: connect ECONNREFUSED 127.0.0.1:6379[39m
[2026-06-25 11:37:12:3712] [[31merror[39m]: [31mRedis connection error: Error: connect ECONNREFUSED 127.0.0.1:6379[39m
[2026-06-25 11:37:14:3714] [[31merror[39m]: [31mRedis connection error: Error: connect ECONNREFUSED 127.0.0.1:6379[39m
[2026-06-25 11:37:16:3716] [[31merror[39m]: [31mRedis connection error: Error: connect ECONNREFUSED 127.0.0.1:6379[39m
[2026-06-25 11:37:18:3718] [[31merror[39m]: [31mRedis connection error: Error: connect ECONNREFUSED 127.0.0.1:6379[39m
[2026-06-25 11:37:20:3720] [[31merror[39m]: [31mRedis connection error: Error: connect ECONNREFUSED 127.0.0.1:6379[39m
[2026-06-25 11:37:22:3722] [[31merror[39m]: [31mRedis connection error: Error: connect ECONNREFUSED 127.0.0.1:6379[39m
[2026-06-25 11:37:24:3724] [[31merror[39m]: [31mRedis connection error: Error: connect ECONNREFUSED 127.0.0.1:6379[39m
[2026-06-25 11:37:26:3726] [[31merror[39m]: [31mRedis connection error: Error: connect ECONNREFUSED 127.0.0.1:6379[39m
[2026-06-25 11:37:28:3728] [[31merror[39m]: [31mRedis connection error: Error: connect ECONNREFUSED 127.0.0.1:6379[39m
[2026-06-25 11:37:30:3730] [[31merror[39m]: [31mRedis connection error: Error: connect ECONNREFUSED 127.0.0.1:6379[39m
[2026-06-25 11:37:32:3732] [[31merror[39m]: [31mRedis connection error: Error: connect ECONNREFUSED 127.0.0.1:6379[39m
[2026-06-25 11:37:34:3734] [[31merror[39m]: [31mRedis connection error: Error: connect ECONNREFUSED 127.0.0.1:6379[39m
[2026-06-25 11:37:34:3734] [[31merror[39m]: [31mCache middleware error: MaxRetriesPerRequestError: Reached the max retries per request limit (which is 20). Refer to "maxRetriesPerRequest" option for details.[39m
[2026-06-25 11:37:34:3734] [[31merror[39m]: [31mCache middleware error: MaxRetriesPerRequestError: Reached the max retries per request limit (which is 20). Refer to "maxRetriesPerRequest" option for details.[39m
[2026-06-25 11:37:34:3734] [[31merror[39m]: [31mCache middleware error: MaxRetriesPerRequestError: Reached the max retries per request limit (which is 20). Refer to "maxRetriesPerRequest" option for details.[39m
[2026-06-25 11:37:36:3736] [[31merror[39m]: [31mRedis connection error: Error: connect ECONNREFUSED 127.0.0.1:6379[39m
[2026-06-25 11:37:38:3738] [[31merror[39m]: [31mRedis connection error: Error: connect ECONNREFUSED 127.0.0.1:6379[39m
[2026-06-25 11:37:40:3740] [[31merror[39m]: [31mRedis connection error: Error: connect ECONNREFUSED 127.0.0.1:6379[39m
[2026-06-25 11:37:42:3742] [[31merror[39m]: [31mRedis connection error: Error: connect ECONNREFUSED 127.0.0.1:6379[39m
[2026-06-25 11:37:44:3744] [[31merror[39m]: [31mRedis connection error: Error: connect ECONNREFUSED 127.0.0.1:6379[39m
[2026-06-25 11:37:46:3746] [[31merror[39m]: [31mRedis connection error: Error: connect ECONNREFUSED 127.0.0.1:6379[39m
[2026-06-25 11:37:48:3748] [[31merror[39m]: [31mRedis connection error: Error: connect ECONNREFUSED 127.0.0.1:6379[39m
[2026-06-25 11:37:50:3750] [[31merror[39m]: [31mRedis connection error: Error: connect ECONNREFUSED 127.0.0.1:6379[39m
[2026-06-25 11:37:52:3752] [[31merror[39m]: [31mRedis connection error: Error: connect ECONNREFUSED 127.0.0.1:6379[39m
[2026-06-25 11:37:54:3754] [[31merror[39m]: [31mRedis connection error: Error: connect ECONNREFUSED 127.0.0.1:6379[39m
[2026-06-25 11:37:56:3756] [[31merror[39m]: [31mRedis connection error: Error: connect ECONNREFUSED 127.0.0.1:6379[39m
[2026-06-25 11:37:58:3758] [[31merror[39m]: [31mRedis connection error: Error: connect ECONNREFUSED 127.0.0.1:6379[39m
[2026-06-25 11:38:00:380] [[31merror[39m]: [31mRedis connection error: Error: connect ECONNREFUSED 127.0.0.1:6379[39m
[2026-06-25 11:38:02:382] [[31merror[39m]: [31mRedis connection error: Error: connect ECONNREFUSED 127.0.0.1:6379[39m
[2026-06-25 11:38:04:384] [[31merror[39m]: [31mRedis connection error: Error: connect ECONNREFUSED 127.0.0.1:6379[39m
[2026-06-25 11:38:06:386] [[31merror[39m]: [31mRedis connection error: Error: connect ECONNREFUSED 127.0.0.1:6379[39m
[2026-06-25 11:38:08:388] [[31merror[39m]: [31mRedis connection error: Error: connect ECONNREFUSED 127.0.0.1:6379[39m
[2026-06-25 11:38:10:3810] [[31merror[39m]: [31mRedis connection error: Error: connect ECONNREFUSED 127.0.0.1:6379[39m
[2026-06-25 11:38:12:3812] [[31merror[39m]: [31mRedis connection error: Error: connect ECONNREFUSED 127.0.0.1:6379[39m
[2026-06-25 11:38:14:3814] [[31merror[39m]: [31mRedis connection error: Error: connect ECONNREFUSED 127.0.0.1:6379[39m
[2026-06-25 11:38:16:3816] [[31merror[39m]: [31mRedis connection error: Error: connect ECONNREFUSED 127.0.0.1:6379[39m
[2026-06-25 11:38:18:3818] [[31merror[39m]: [31mRedis connection error: Error: connect ECONNREFUSED 127.0.0.1:6379[39m
[2026-06-25 11:38:20:3820] [[31merror[39m]: [31mRedis connection error: Error: connect ECONNREFUSED 127.0.0.1:6379[39m
[2026-06-25 11:38:22:3822] [[31merror[39m]: [31mRedis connection error: Error: connect ECONNREFUSED 127.0.0.1:6379[39m
[2026-06-25 11:38:24:3824] [[31merror[39m]: [31mRedis connection error: Error: connect ECONNREFUSED 127.0.0.1:6379[39m
[2026-06-25 11:38:26:3826] [[31merror[39m]: [31mRedis connection error: Error: connect ECONNREFUSED 127.0.0.1:6379[39m
[2026-06-25 11:38:28:3828] [[31merror[39m]: [31mRedis connection error: Error: connect ECONNREFUSED 127.0.0.1:6379[39m
[2026-06-25 11:38:30:3830] [[31merror[39m]: [31mRedis connection error: Error: connect ECONNREFUSED 127.0.0.1:6379[39m
[2026-06-25 11:38:32:3832] [[31merror[39m]: [31mRedis connection error: Error: connect ECONNREFUSED 127.0.0.1:6379[39m
[2026-06-25 11:38:34:3834] [[31merror[39m]: [31mRedis connection error: Error: connect ECONNREFUSED 127.0.0.1:6379[39m
[2026-06-25 11:38:36:3836] [[31merror[39m]: [31mRedis connection error: Error: connect ECONNREFUSED 127.0.0.1:6379[39m
[2026-06-25 11:38:38:3838] [[31merror[39m]: [31mRedis connection error: Error: connect ECONNREFUSED 127.0.0.1:6379[39m
[2026-06-25 11:38:40:3840] [[31merror[39m]: [31mRedis connection error: Error: connect ECONNREFUSED 127.0.0.1:6379[39m
[2026-06-25 11:38:42:3842] [[31merror[39m]: [31mRedis connection error: Error: connect ECONNREFUSED 127.0.0.1:6379[39m
[2026-06-25 11:38:44:3844] [[31merror[39m]: [31mRedis connection error: Error: connect ECONNREFUSED 127.0.0.1:6379[39m
[2026-06-25 11:38:46:3846] [[31merror[39m]: [31mRedis connection error: Error: connect ECONNREFUSED 127.0.0.1:6379[39m
[2026-06-25 11:38:48:3848] [[31merror[39m]: [31mRedis connection error: Error: connect ECONNREFUSED 127.0.0.1:6379[39m
[2026-06-25 11:38:50:3850] [[31merror[39m]: [31mRedis connection error: Error: connect ECONNREFUSED 127.0.0.1:6379[39m
[2026-06-25 11:38:52:3852] [[31merror[39m]: [31mRedis connection error: Error: connect ECONNREFUSED 127.0.0.1:6379[39m
[2026-06-25 11:38:54:3854] [[31merror[39m]: [31mRedis connection error: Error: connect ECONNREFUSED 127.0.0.1:6379[39m
[2026-06-25 11:38:56:3856] [[31merror[39m]: [31mRedis connection error: Error: connect ECONNREFUSED 127.0.0.1:6379[39m
[2026-06-25 11:38:58:3858] [[31merror[39m]: [31mRedis connection error: Error: connect ECONNREFUSED 127.0.0.1:6379[39m
[2026-06-25 11:39:00:390] [[31merror[39m]: [31mRedis connection error: Error: connect ECONNREFUSED 127.0.0.1:6379[39m
[2026-06-25 11:39:02:392] [[31merror[39m]: [31mRedis connection error: Error: connect ECONNREFUSED 127.0.0.1:6379[39m
[2026-06-25 11:39:04:394] [[31merror[39m]: [31mRedis connection error: Error: connect ECONNREFUSED 127.0.0.1:6379[39m
[2026-06-25 11:39:06:396] [[31merror[39m]: [31mRedis connection error: Error: connect ECONNREFUSED 127.0.0.1:6379[39m
[2026-06-25 11:39:08:398] [[31merror[39m]: [31mRedis connection error: Error: connect ECONNREFUSED 127.0.0.1:6379[39m
[2026-06-25 11:39:10:3910] [[31merror[39m]: [31mRedis connection error: Error: connect ECONNREFUSED 127.0.0.1:6379[39m
[2026-06-25 11:39:12:3912] [[31merror[39m]: [31mRedis connection error: Error: connect ECONNREFUSED 127.0.0.1:6379[39m
[2026-06-25 11:39:14:3914] [[31merror[39m]: [31mRedis connection error: Error: connect ECONNREFUSED 127.0.0.1:6379[39m
[2026-06-25 11:39:16:3916] [[31merror[39m]: [31mRedis connection error: Error: connect ECONNREFUSED 127.0.0.1:6379[39m
[2026-06-25 11:39:18:3918] [[31merror[39m]: [31mRedis connection error: Error: connect ECONNREFUSED 127.0.0.1:6379[39m
[2026-06-25 11:39:20:3920] [[31merror[39m]: [31mRedis connection error: Error: connect ECONNREFUSED 127.0.0.1:6379[39m
[2026-06-25 11:39:22:3922] [[31merror[39m]: [31mRedis connection error: Error: connect ECONNREFUSED 127.0.0.1:6379[39m
[2026-06-25 11:39:24:3924] [[31merror[39m]: [31mRedis connection error: Error: connect ECONNREFUSED 127.0.0.1:6379[39m
[2026-06-25 11:39:27:3927] [[31merror[39m]: [31mRedis connection error: Error: connect ECONNREFUSED 127.0.0.1:6379[39m
[2026-06-25 11:39:29:3929] [[31merror[39m]: [31mRedis connection error: Error: connect ECONNREFUSED 127.0.0.1:6379[39m
[2026-06-25 11:39:31:3931] [[31merror[39m]: [31mRedis connection error: Error: connect ECONNREFUSED 127.0.0.1:6379[39m
[2026-06-25 11:39:33:3933] [[31merror[39m]: [31mRedis connection error: Error: connect ECONNREFUSED 127.0.0.1:6379[39m
[2026-06-25 11:39:35:3935] [[31merror[39m]: [31mRedis connection error: Error: connect ECONNREFUSED 127.0.0.1:6379[39m
[2026-06-25 11:39:37:3937] [[31merror[39m]: [31mRedis connection error: Error: connect ECONNREFUSED 127.0.0.1:6379[39m
[2026-06-25 11:39:39:3939] [[31merror[39m]: [31mRedis connection error: Error: connect ECONNREFUSED 127.0.0.1:6379[39m
[2026-06-25 11:39:41:3941] [[31merror[39m]: [31mRedis connection error: Error: connect ECONNREFUSED 127.0.0.1:6379[39m
[2026-06-25 11:39:43:3943] [[31merror[39m]: [31mRedis connection error: Error: connect ECONNREFUSED 127.0.0.1:6379[39m
[2026-06-25 11:39:45:3945] [[31merror[39m]: [31mRedis connection error: Error: connect ECONNREFUSED 127.0.0.1:6379[39m
[2026-06-25 11:39:47:3947] [[31merror[39m]: [31mRedis connection error: Error: connect ECONNREFUSED 127.0.0.1:6379[39m
[2026-06-25 11:39:49:3949] [[31merror[39m]: [31mRedis connection error: Error: connect ECONNREFUSED 127.0.0.1:6379[39m
[2026-06-25 11:39:51:3951] [[31merror[39m]: [31mRedis connection error: Error: connect ECONNREFUSED 127.0.0.1:6379[39m
[2026-06-25 11:39:53:3953] [[31merror[39m]: [31mRedis connection error: Error: connect ECONNREFUSED 127.0.0.1:6379[39m
[2026-06-25 11:39:55:3955] [[31merror[39m]: [31mRedis connection error: Error: connect ECONNREFUSED 127.0.0.1:6379[39m
[2026-06-25 11:39:57:3957] [[31merror[39m]: [31mRedis connection error: Error: connect ECONNREFUSED 127.0.0.1:6379[39m
[2026-06-25 11:39:59:3959] [[31merror[39m]: [31mRedis connection error: Error: connect ECONNREFUSED 127.0.0.1:6379[39m
[2026-06-25 11:40:01:401] [[31merror[39m]: [31mRedis connection error: Error: connect ECONNREFUSED 127.0.0.1:6379[39m
[2026-06-25 11:40:03:403] [[31merror[39m]: [31mRedis connection error: Error: connect ECONNREFUSED 127.0.0.1:6379[39m
[2026-06-25 11:40:05:405] [[31merror[39m]: [31mRedis connection error: Error: connect ECONNREFUSED 127.0.0.1:6379[39m
[2026-06-25 11:40:07:407] [[31merror[39m]: [31mRedis connection error: Error: connect ECONNREFUSED 127.0.0.1:6379[39m
[2026-06-25 11:40:09:409] [[31merror[39m]: [31mRedis connection error: Error: connect ECONNREFUSED 127.0.0.1:6379[39m
[2026-06-25 11:40:11:4011] [[31merror[39m]: [31mRedis connection error: Error: connect ECONNREFUSED 127.0.0.1:6379[39m
[2026-06-25 11:40:13:4013] [[31merror[39m]: [31mRedis connection error: Error: connect ECONNREFUSED 127.0.0.1:6379[39m
[2026-06-25 11:40:15:4015] [[31merror[39m]: [31mRedis connection error: Error: connect ECONNREFUSED 127.0.0.1:6379[39m
[2026-06-25 11:40:17:4017] [[31merror[39m]: [31mRedis connection error: Error: connect ECONNREFUSED 127.0.0.1:6379[39m
[2026-06-25 11:40:19:4019] [[31merror[39m]: [31mRedis connection error: Error: connect ECONNREFUSED 127.0.0.1:6379[39m
[2026-06-25 11:40:21:4021] [[31merror[39m]: [31mRedis connection error: Error: connect ECONNREFUSED 127.0.0.1:6379[39m
[2026-06-25 11:40:23:4023] [[31merror[39m]: [31mRedis connection error: Error: connect ECONNREFUSED 127.0.0.1:6379[39m
[2026-06-25 11:40:25:4025] [[31merror[39m]: [31mRedis connection error: Error: connect ECONNREFUSED 127.0.0.1:6379[39m
[2026-06-25 11:40:27:4027] [[31merror[39m]: [31mRedis connection error: Error: connect ECONNREFUSED 127.0.0.1:6379[39m
[2026-06-25 11:40:29:4029] [[31merror[39m]: [31mRedis connection error: Error: connect ECONNREFUSED 127.0.0.1:6379[39m
[2026-06-25 11:40:31:4031] [[31merror[39m]: [31mRedis connection error: Error: connect ECONNREFUSED 127.0.0.1:6379[39m
[2026-06-25 11:40:33:4033] [[31merror[39m]: [31mRedis connection error: Error: connect ECONNREFUSED 127.0.0.1:6379[39m
[2026-06-25 11:40:35:4035] [[31merror[39m]: [31mRedis connection error: Error: connect ECONNREFUSED 127.0.0.1:6379[39m
[2026-06-25 11:40:37:4037] [[31merror[39m]: [31mRedis connection error: Error: connect ECONNREFUSED 127.0.0.1:6379[39m
[2026-06-25 11:40:39:4039] [[31merror[39m]: [31mRedis connection error: Error: connect ECONNREFUSED 127.0.0.1:6379[39m
[2026-06-25 11:40:41:4041] [[31merror[39m]: [31mRedis connection error: Error: connect ECONNREFUSED 127.0.0.1:6379[39m
[2026-06-25 11:40:43:4043] [[31merror[39m]: [31mRedis connection error: Error: connect ECONNREFUSED 127.0.0.1:6379[39m
[2026-06-25 11:40:45:4045] [[31merror[39m]: [31mRedis connection error: Error: connect ECONNREFUSED 127.0.0.1:6379[39m
[2026-06-25 11:40:47:4047] [[31merror[39m]: [31mRedis connection error: Error: connect ECONNREFUSED 127.0.0.1:6379[39m
[2026-06-25 11:40:49:4049] [[31merror[39m]: [31mRedis connection error: Error: connect ECONNREFUSED 127.0.0.1:6379[39m
[2026-06-25 11:40:51:4051] [[31merror[39m]: [31mRedis connection error: Error: connect ECONNREFUSED 127.0.0.1:6379[39m
[2026-06-25 11:40:53:4053] [[31merror[39m]: [31mRedis connection error: Error: connect ECONNREFUSED 127.0.0.1:6379[39m
[2026-06-25 11:40:55:4055] [[31merror[39m]: [31mRedis connection error: Error: connect ECONNREFUSED 127.0.0.1:6379[39m
[2026-06-25 11:40:57:4057] [[31merror[39m]: [31mRedis connection error: Error: connect ECONNREFUSED 127.0.0.1:6379[39m
[2026-06-25 11:40:59:4059] [[31merror[39m]: [31mRedis connection error: Error: connect ECONNREFUSED 127.0.0.1:6379[39m
[2026-06-25 11:41:01:411] [[31merror[39m]: [31mRedis connection error: Error: connect ECONNREFUSED 127.0.0.1:6379[39m
[2026-06-25 11:41:03:413] [[31merror[39m]: [31mRedis connection error: Error: connect ECONNREFUSED 127.0.0.1:6379[39m
[2026-06-25 11:41:05:415] [[31merror[39m]: [31mRedis connection error: Error: connect ECONNREFUSED 127.0.0.1:6379[39m
[2026-06-25 11:41:07:417] [[31merror[39m]: [31mRedis connection error: Error: connect ECONNREFUSED 127.0.0.1:6379[39m
[2026-06-25 11:41:09:419] [[31merror[39m]: [31mRedis connection error: Error: connect ECONNREFUSED 127.0.0.1:6379[39m
[2026-06-25 11:41:11:4111] [[31merror[39m]: [31mRedis connection error: Error: connect ECONNREFUSED 127.0.0.1:6379[39m
[2026-06-25 11:41:13:4113] [[31merror[39m]: [31mRedis connection error: Error: connect ECONNREFUSED 127.0.0.1:6379[39m
[2026-06-25 11:41:15:4115] [[31merror[39m]: [31mRedis connection error: Error: connect ECONNREFUSED 127.0.0.1:6379[39m
[2026-06-25 11:41:17:4117] [[31merror[39m]: [31mRedis connection error: Error: connect ECONNREFUSED 127.0.0.1:6379[39m
[2026-06-25 11:41:19:4119] [[31merror[39m]: [31mRedis connection error: Error: connect ECONNREFUSED 127.0.0.1:6379[39m
[2026-06-25 11:41:21:4121] [[31merror[39m]: [31mRedis connection error: Error: connect ECONNREFUSED 127.0.0.1:6379[39m
[2026-06-25 11:41:23:4123] [[31merror[39m]: [31mRedis connection error: Error: connect ECONNREFUSED 127.0.0.1:6379[39m
[2026-06-25 11:41:25:4125] [[31merror[39m]: [31mRedis connection error: Error: connect ECONNREFUSED 127.0.0.1:6379[39m
[2026-06-25 11:41:27:4127] [[31merror[39m]: [31mRedis connection error: Error: connect ECONNREFUSED 127.0.0.1:6379[39m
[2026-06-25 11:41:29:4129] [[31merror[39m]: [31mRedis connection error: Error: connect ECONNREFUSED 127.0.0.1:6379[39m
[2026-06-25 11:41:31:4131] [[31merror[39m]: [31mRedis connection error: Error: connect ECONNREFUSED 127.0.0.1:6379[39m
[2026-06-25 11:41:33:4133] [[31merror[39m]: [31mRedis connection error: Error: connect ECONNREFUSED 127.0.0.1:6379[39m
[2026-06-25 11:41:35:4135] [[31merror[39m]: [31mRedis connection error: Error: connect ECONNREFUSED 127.0.0.1:6379[39m
[2026-06-25 11:41:37:4137] [[31merror[39m]: [31mRedis connection error: Error: connect ECONNREFUSED 127.0.0.1:6379[39m
[2026-06-25 11:41:39:4139] [[31merror[39m]: [31mRedis connection error: Error: connect ECONNREFUSED 127.0.0.1:6379[39m
[2026-06-25 11:41:41:4141] [[31merror[39m]: [31mRedis connection error: Error: connect ECONNREFUSED 127.0.0.1:6379[39m
[2026-06-25 11:41:43:4143] [[31merror[39m]: [31mRedis connection error: Error: connect ECONNREFUSED 127.0.0.1:6379[39m
[2026-06-25 11:41:45:4145] [[31merror[39m]: [31mRedis connection error: Error: connect ECONNREFUSED 127.0.0.1:6379[39m
[2026-06-25 11:41:47:4147] [[31merror[39m]: [31mRedis connection error: Error: connect ECONNREFUSED 127.0.0.1:6379[39m
[2026-06-25 11:41:49:4149] [[31merror[39m]: [31mRedis connection error: Error: connect ECONNREFUSED 127.0.0.1:6379[39m
[2026-06-25 11:41:52:4152] [[31merror[39m]: [31mRedis connection error: Error: connect ECONNREFUSED 127.0.0.1:6379[39m
[2026-06-25 11:41:54:4154] [[31merror[39m]: [31mRedis connection error: Error: connect ECONNREFUSED 127.0.0.1:6379[39m
[2026-06-25 11:41:56:4156] [[31merror[39m]: [31mRedis connection error: Error: connect ECONNREFUSED 127.0.0.1:6379[39m
[2026-06-25 11:41:58:4158] [[31merror[39m]: [31mRedis connection error: Error: connect ECONNREFUSED 127.0.0.1:6379[39m
[2026-06-25 11:42:00:420] [[31merror[39m]: [31mRedis connection error: Error: connect ECONNREFUSED 127.0.0.1:6379[39m
[2026-06-25 11:42:02:422] [[31merror[39m]: [31mRedis connection error: Error: connect ECONNREFUSED 127.0.0.1:6379[39m
[2026-06-25 11:42:04:424] [[31merror[39m]: [31mRedis connection error: Error: connect ECONNREFUSED 127.0.0.1:6379[39m
[2026-06-25 11:42:06:426] [[31merror[39m]: [31mRedis connection error: Error: connect ECONNREFUSED 127.0.0.1:6379[39m
[2026-06-25 11:42:08:428] [[31merror[39m]: [31mRedis connection error: Error: connect ECONNREFUSED 127.0.0.1:6379[39m
[2026-06-25 11:42:10:4210] [[31merror[39m]: [31mRedis connection error: Error: connect ECONNREFUSED 127.0.0.1:6379[39m
[2026-06-25 11:42:12:4212] [[31merror[39m]: [31mRedis connection error: Error: connect ECONNREFUSED 127.0.0.1:6379[39m
[2026-06-25 11:42:14:4214] [[31merror[39m]: [31mRedis connection error: Error: connect ECONNREFUSED 127.0.0.1:6379[39m
[2026-06-25 11:42:16:4216] [[31merror[39m]: [31mRedis connection error: Error: connect ECONNREFUSED 127.0.0.1:6379[39m
[2026-06-25 11:42:18:4218] [[31merror[39m]: [31mRedis connection error: Error: connect ECONNREFUSED 127.0.0.1:6379[39m
[2026-06-25 11:42:20:4220] [[31merror[39m]: [31mRedis connection error: Error: connect ECONNREFUSED 127.0.0.1:6379[39m
[2026-06-25 11:42:22:4222] [[31merror[39m]: [31mRedis connection error: Error: connect ECONNREFUSED 127.0.0.1:6379[39m
[2026-06-25 11:42:24:4224] [[31merror[39m]: [31mRedis connection error: Error: connect ECONNREFUSED 127.0.0.1:6379[39m
[2026-06-25 11:42:26:4226] [[31merror[39m]: [31mRedis connection error: Error: connect ECONNREFUSED 127.0.0.1:6379[39m
[2026-06-25 11:42:28:4228] [[31merror[39m]: [31mRedis connection error: Error: connect ECONNREFUSED 127.0.0.1:6379[39m
[2026-06-25 11:42:30:4230] [[31merror[39m]: [31mRedis connection error: Error: connect ECONNREFUSED 127.0.0.1:6379[39m
[2026-06-25 11:42:32:4232] [[31merror[39m]: [31mRedis connection error: Error: connect ECONNREFUSED 127.0.0.1:6379[39m
[2026-06-25 11:42:34:4234] [[31merror[39m]: [31mRedis connection error: Error: connect ECONNREFUSED 127.0.0.1:6379[39m
[2026-06-25 11:42:36:4236] [[31merror[39m]: [31mRedis connection error: Error: connect ECONNREFUSED 127.0.0.1:6379[39m
[2026-06-25 11:42:38:4238] [[31merror[39m]: [31mRedis connection error: Error: connect ECONNREFUSED 127.0.0.1:6379[39m
[2026-06-25 11:42:40:4240] [[31merror[39m]: [31mRedis connection error: Error: connect ECONNREFUSED 127.0.0.1:6379[39m
[2026-06-25 11:42:42:4242] [[31merror[39m]: [31mRedis connection error: Error: connect ECONNREFUSED 127.0.0.1:6379[39m
[2026-06-25 11:42:44:4244] [[31merror[39m]: [31mRedis connection error: Error: connect ECONNREFUSED 127.0.0.1:6379[39m
[2026-06-25 11:42:46:4246] [[31merror[39m]: [31mRedis connection error: Error: connect ECONNREFUSED 127.0.0.1:6379[39m
[2026-06-25 11:42:48:4248] [[31merror[39m]: [31mRedis connection error: Error: connect ECONNREFUSED 127.0.0.1:6379[39m
[2026-06-25 11:42:50:4250] [[31merror[39m]: [31mRedis connection error: Error: connect ECONNREFUSED 127.0.0.1:6379[39m
[2026-06-25 11:42:52:4252] [[31merror[39m]: [31mRedis connection error: Error: connect ECONNREFUSED 127.0.0.1:6379[39m
[2026-06-25 11:42:54:4254] [[31merror[39m]: [31mRedis connection error: Error: connect ECONNREFUSED 127.0.0.1:6379[39m
[2026-06-25 11:42:56:4256] [[31merror[39m]: [31mRedis connection error: Error: connect ECONNREFUSED 127.0.0.1:6379[39m
[2026-06-25 11:42:58:4258] [[31merror[39m]: [31mRedis connection error: Error: connect ECONNREFUSED 127.0.0.1:6379[39m
[2026-06-25 11:43:00:430] [[31merror[39m]: [31mRedis connection error: Error: connect ECONNREFUSED 127.0.0.1:6379[39m
[2026-06-25 11:43:02:432] [[31merror[39m]: [31mRedis connection error: Error: connect ECONNREFUSED 127.0.0.1:6379[39m
[2026-06-25 11:43:04:434] [[31merror[39m]: [31mRedis connection error: Error: connect ECONNREFUSED 127.0.0.1:6379[39m
[2026-06-25 11:43:06:436] [[31merror[39m]: [31mRedis connection error: Error: connect ECONNREFUSED 127.0.0.1:6379[39m
[2026-06-25 11:43:08:438] [[31merror[39m]: [31mRedis connection error: Error: connect ECONNREFUSED 127.0.0.1:6379[39m
[2026-06-25 11:43:10:4310] [[31merror[39m]: [31mRedis connection error: Error: connect ECONNREFUSED 127.0.0.1:6379[39m
[2026-06-25 11:43:12:4312] [[31merror[39m]: [31mRedis connection error: Error: connect ECONNREFUSED 127.0.0.1:6379[39m
[2026-06-25 11:43:14:4314] [[31merror[39m]: [31mRedis connection error: Error: connect ECONNREFUSED 127.0.0.1:6379[39m
[2026-06-25 11:43:16:4316] [[31merror[39m]: [31mRedis connection error: Error: connect ECONNREFUSED 127.0.0.1:6379[39m
[2026-06-25 11:43:18:4318] [[31merror[39m]: [31mRedis connection error: Error: connect ECONNREFUSED 127.0.0.1:6379[39m
[2026-06-25 11:43:20:4320] [[31merror[39m]: [31mRedis connection error: Error: connect ECONNREFUSED 127.0.0.1:6379[39m
[2026-06-25 11:43:22:4322] [[31merror[39m]: [31mRedis connection error: Error: connect ECONNREFUSED 127.0.0.1:6379[39m
[2026-06-25 11:43:24:4324] [[31merror[39m]: [31mRedis connection error: Error: connect ECONNREFUSED 127.0.0.1:6379[39m
[2026-06-25 11:43:26:4326] [[31merror[39m]: [31mRedis connection error: Error: connect ECONNREFUSED 127.0.0.1:6379[39m
[2026-06-25 11:43:28:4328] [[31merror[39m]: [31mRedis connection error: Error: connect ECONNREFUSED 127.0.0.1:6379[39m
[2026-06-25 11:43:30:4330] [[31merror[39m]: [31mRedis connection error: Error: connect ECONNREFUSED 127.0.0.1:6379[39m
[2026-06-25 11:43:32:4332] [[31merror[39m]: [31mRedis connection error: Error: connect ECONNREFUSED 127.0.0.1:6379[39m
[2026-06-25 11:43:34:4334] [[31merror[39m]: [31mRedis connection error: Error: connect ECONNREFUSED 127.0.0.1:6379[39m
[2026-06-25 11:43:36:4336] [[31merror[39m]: [31mRedis connection error: Error: connect ECONNREFUSED 127.0.0.1:6379[39m
[2026-06-25 11:43:38:4338] [[31merror[39m]: [31mRedis connection error: Error: connect ECONNREFUSED 127.0.0.1:6379[39m
[2026-06-25 11:43:40:4340] [[31merror[39m]: [31mRedis connection error: Error: connect ECONNREFUSED 127.0.0.1:6379[39m
[2026-06-25 11:43:42:4342] [[31merror[39m]: [31mRedis connection error: Error: connect ECONNREFUSED 127.0.0.1:6379[39m
[2026-06-25 11:43:44:4344] [[31merror[39m]: [31mRedis connection error: Error: connect ECONNREFUSED 127.0.0.1:6379[39m
[2026-06-25 11:43:46:4346] [[31merror[39m]: [31mRedis connection error: Error: connect ECONNREFUSED 127.0.0.1:6379[39m
[2026-06-25 11:43:48:4348] [[31merror[39m]: [31mRedis connection error: Error: connect ECONNREFUSED 127.0.0.1:6379[39m
[2026-06-25 11:43:50:4350] [[31merror[39m]: [31mRedis connection error: Error: connect ECONNREFUSED 127.0.0.1:6379[39m
[2026-06-25 11:43:52:4352] [[31merror[39m]: [31mRedis connection error: Error: connect ECONNREFUSED 127.0.0.1:6379[39m
[2026-06-25 11:43:54:4354] [[31merror[39m]: [31mRedis connection error: Error: connect ECONNREFUSED 127.0.0.1:6379[39m
[2026-06-25 11:43:56:4356] [[31merror[39m]: [31mRedis connection error: Error: connect ECONNREFUSED 127.0.0.1:6379[39m
[2026-06-25 11:43:58:4358] [[31merror[39m]: [31mRedis connection error: Error: connect ECONNREFUSED 127.0.0.1:6379[39m
[2026-06-25 11:44:00:440] [[31merror[39m]: [31mRedis connection error: Error: connect ECONNREFUSED 127.0.0.1:6379[39m
[2026-06-25 11:44:02:442] [[31merror[39m]: [31mRedis connection error: Error: connect ECONNREFUSED 127.0.0.1:6379[39m
[2026-06-25 11:44:04:444] [[31merror[39m]: [31mRedis connection error: Error: connect ECONNREFUSED 127.0.0.1:6379[39m
[2026-06-25 11:44:06:446] [[31merror[39m]: [31mRedis connection error: Error: connect ECONNREFUSED 127.0.0.1:6379[39m
[2026-06-25 11:44:08:448] [[31merror[39m]: [31mRedis connection error: Error: connect ECONNREFUSED 127.0.0.1:6379[39m
[2026-06-25 11:44:10:4410] [[31merror[39m]: [31mRedis connection error: Error: connect ECONNREFUSED 127.0.0.1:6379[39m
[2026-06-25 11:44:12:4412] [[31merror[39m]: [31mRedis connection error: Error: connect ECONNREFUSED 127.0.0.1:6379[39m
[2026-06-25 11:44:15:4415] [[31merror[39m]: [31mRedis connection error: Error: connect ECONNREFUSED 127.0.0.1:6379[39m
[2026-06-25 11:44:17:4417] [[31merror[39m]: [31mRedis connection error: Error: connect ECONNREFUSED 127.0.0.1:6379[39m
[2026-06-25 11:44:19:4419] [[31merror[39m]: [31mRedis connection error: Error: connect ECONNREFUSED 127.0.0.1:6379[39m
[2026-06-25 11:44:21:4421] [[31merror[39m]: [31mRedis connection error: Error: connect ECONNREFUSED 127.0.0.1:6379[39m
[2026-06-25 11:44:23:4423] [[31merror[39m]: [31mRedis connection error: Error: connect ECONNREFUSED 127.0.0.1:6379[39m
[2026-06-25 11:44:25:4425] [[31merror[39m]: [31mRedis connection error: Error: connect ECONNREFUSED 127.0.0.1:6379[39m
[2026-06-25 11:44:27:4427] [[31merror[39m]: [31mRedis connection error: Error: connect ECONNREFUSED 127.0.0.1:6379[39m
[2026-06-25 11:44:29:4429] [[31merror[39m]: [31mRedis connection error: Error: connect ECONNREFUSED 127.0.0.1:6379[39m
[2026-06-25 11:44:31:4431] [[31merror[39m]: [31mRedis connection error: Error: connect ECONNREFUSED 127.0.0.1:6379[39m
[2026-06-25 11:44:33:4433] [[31merror[39m]: [31mRedis connection error: Error: connect ECONNREFUSED 127.0.0.1:6379[39m
[2026-06-25 11:44:35:4435] [[31merror[39m]: [31mRedis connection error: Error: connect ECONNREFUSED 127.0.0.1:6379[39m
[2026-06-25 11:44:37:4437] [[31merror[39m]: [31mRedis connection error: Error: connect ECONNREFUSED 127.0.0.1:6379[39m
[2026-06-25 11:44:39:4439] [[31merror[39m]: [31mRedis connection error: Error: connect ECONNREFUSED 127.0.0.1:6379[39m
[2026-06-25 11:44:41:4441] [[31merror[39m]: [31mRedis connection error: Error: connect ECONNREFUSED 127.0.0.1:6379[39m
[2026-06-25 11:44:43:4443] [[31merror[39m]: [31mRedis connection error: Error: connect ECONNREFUSED 127.0.0.1:6379[39m
[2026-06-25 11:44:45:4445] [[31merror[39m]: [31mRedis connection error: Error: connect ECONNREFUSED 127.0.0.1:6379[39m
[2026-06-25 11:44:47:4447] [[31merror[39m]: [31mRedis connection error: Error: connect ECONNREFUSED 127.0.0.1:6379[39m
[2026-06-25 11:44:49:4449] [[31merror[39m]: [31mRedis connection error: Error: connect ECONNREFUSED 127.0.0.1:6379[39m
[2026-06-25 11:44:51:4451] [[31merror[39m]: [31mRedis connection error: Error: connect ECONNREFUSED 127.0.0.1:6379[39m
[2026-06-25 11:44:53:4453] [[31merror[39m]: [31mRedis connection error: Error: connect ECONNREFUSED 127.0.0.1:6379[39m
[2026-06-25 11:44:55:4455] [[31merror[39m]: [31mRedis connection error: Error: connect ECONNREFUSED 127.0.0.1:6379[39m
[2026-06-25 11:44:57:4457] [[31merror[39m]: [31mRedis connection error: Error: connect ECONNREFUSED 127.0.0.1:6379[39m
[2026-06-25 11:44:59:4459] [[31merror[39m]: [31mRedis connection error: Error: connect ECONNREFUSED 127.0.0.1:6379[39m
[2026-06-25 11:45:01:451] [[31merror[39m]: [31mRedis connection error: Error: connect ECONNREFUSED 127.0.0.1:6379[39m
[2026-06-25 11:45:03:453] [[31merror[39m]: [31mRedis connection error: Error: connect ECONNREFUSED 127.0.0.1:6379[39m
[2026-06-25 11:45:05:455] [[31merror[39m]: [31mRedis connection error: Error: connect ECONNREFUSED 127.0.0.1:6379[39m
[2026-06-25 11:45:07:457] [[31merror[39m]: [31mRedis connection error: Error: connect ECONNREFUSED 127.0.0.1:6379[39m
[2026-06-25 11:45:09:459] [[31merror[39m]: [31mRedis connection error: Error: connect ECONNREFUSED 127.0.0.1:6379[39m
[2026-06-25 11:45:11:4511] [[31merror[39m]: [31mRedis connection error: Error: connect ECONNREFUSED 127.0.0.1:6379[39m
[2026-06-25 11:45:13:4513] [[31merror[39m]: [31mRedis connection error: Error: connect ECONNREFUSED 127.0.0.1:6379[39m
[2026-06-25 11:45:15:4515] [[31merror[39m]: [31mRedis connection error: Error: connect ECONNREFUSED 127.0.0.1:6379[39m
[2026-06-25 11:45:17:4517] [[31merror[39m]: [31mRedis connection error: Error: connect ECONNREFUSED 127.0.0.1:6379[39m
[2026-06-25 11:45:19:4519] [[31merror[39m]: [31mRedis connection error: Error: connect ECONNREFUSED 127.0.0.1:6379[39m
[2026-06-25 11:45:21:4521] [[31merror[39m]: [31mRedis connection error: Error: connect ECONNREFUSED 127.0.0.1:6379[39m
[2026-06-25 11:45:23:4523] [[31merror[39m]: [31mRedis connection error: Error: connect ECONNREFUSED 127.0.0.1:6379[39m
[2026-06-25 11:45:25:4525] [[31merror[39m]: [31mRedis connection error: Error: connect ECONNREFUSED 127.0.0.1:6379[39m
[2026-06-25 11:45:27:4527] [[31merror[39m]: [31mRedis connection error: Error: connect ECONNREFUSED 127.0.0.1:6379[39m
[2026-06-25 11:45:29:4529] [[31merror[39m]: [31mRedis connection error: Error: connect ECONNREFUSED 127.0.0.1:6379[39m
[2026-06-25 11:45:31:4531] [[31merror[39m]: [31mRedis connection error: Error: connect ECONNREFUSED 127.0.0.1:6379[39m
[2026-06-25 11:45:33:4533] [[31merror[39m]: [31mRedis connection error: Error: connect ECONNREFUSED 127.0.0.1:6379[39m
[2026-06-25 11:45:35:4535] [[31merror[39m]: [31mRedis connection error: Error: connect ECONNREFUSED 127.0.0.1:6379[39m
[2026-06-25 11:45:37:4537] [[31merror[39m]: [31mRedis connection error: Error: connect ECONNREFUSED 127.0.0.1:6379[39m
[2026-06-25 11:45:39:4539] [[31merror[39m]: [31mRedis connection error: Error: connect ECONNREFUSED 127.0.0.1:6379[39m
[2026-06-25 11:45:41:4541] [[31merror[39m]: [31mRedis connection error: Error: connect ECONNREFUSED 127.0.0.1:6379[39m
[2026-06-25 11:45:43:4543] [[31merror[39m]: [31mRedis connection error: Error: connect ECONNREFUSED 127.0.0.1:6379[39m
[2026-06-25 11:45:45:4545] [[31merror[39m]: [31mRedis connection error: Error: connect ECONNREFUSED 127.0.0.1:6379[39m
[2026-06-25 11:45:47:4547] [[31merror[39m]: [31mRedis connection error: Error: connect ECONNREFUSED 127.0.0.1:6379[39m
[2026-06-25 11:45:49:4549] [[31merror[39m]: [31mRedis connection error: Error: connect ECONNREFUSED 127.0.0.1:6379[39m
[2026-06-25 11:45:51:4551] [[31merror[39m]: [31mRedis connection error: Error: connect ECONNREFUSED 127.0.0.1:6379[39m
[2026-06-25 11:45:53:4553] [[31merror[39m]: [31mRedis connection error: Error: connect ECONNREFUSED 127.0.0.1:6379[39m
[2026-06-25 11:45:55:4555] [[31merror[39m]: [31mRedis connection error: Error: connect ECONNREFUSED 127.0.0.1:6379[39m
[2026-06-25 11:45:57:4557] [[31merror[39m]: [31mRedis connection error: Error: connect ECONNREFUSED 127.0.0.1:6379[39m
[2026-06-25 11:45:59:4559] [[31merror[39m]: [31mRedis connection error: Error: connect ECONNREFUSED 127.0.0.1:6379[39m
[2026-06-25 11:46:01:461] [[31merror[39m]: [31mRedis connection error: Error: connect ECONNREFUSED 127.0.0.1:6379[39m
[2026-06-25 11:46:03:463] [[31merror[39m]: [31mRedis connection error: Error: connect ECONNREFUSED 127.0.0.1:6379[39m
[2026-06-25 11:46:05:465] [[31merror[39m]: [31mRedis connection error: Error: connect ECONNREFUSED 127.0.0.1:6379[39m
[2026-06-25 11:46:07:467] [[31merror[39m]: [31mRedis connection error: Error: connect ECONNREFUSED 127.0.0.1:6379[39m
[2026-06-25 11:46:09:469] [[31merror[39m]: [31mRedis connection error: Error: connect ECONNREFUSED 127.0.0.1:6379[39m
[2026-06-25 11:46:11:4611] [[31merror[39m]: [31mRedis connection error: Error: connect ECONNREFUSED 127.0.0.1:6379[39m
[2026-06-25 11:46:13:4613] [[31merror[39m]: [31mRedis connection error: Error: connect ECONNREFUSED 127.0.0.1:6379[39m
[2026-06-25 11:46:15:4615] [[31merror[39m]: [31mRedis connection error: Error: connect ECONNREFUSED 127.0.0.1:6379[39m
[2026-06-25 11:46:17:4617] [[31merror[39m]: [31mRedis connection error: Error: connect ECONNREFUSED 127.0.0.1:6379[39m
[2026-06-25 11:46:19:4619] [[31merror[39m]: [31mRedis connection error: Error: connect ECONNREFUSED 127.0.0.1:6379[39m
[2026-06-25 11:46:21:4621] [[31merror[39m]: [31mRedis connection error: Error: connect ECONNREFUSED 127.0.0.1:6379[39m
[2026-06-25 11:46:23:4623] [[31merror[39m]: [31mRedis connection error: Error: connect ECONNREFUSED 127.0.0.1:6379[39m
[2026-06-25 11:46:25:4625] [[31merror[39m]: [31mRedis connection error: Error: connect ECONNREFUSED 127.0.0.1:6379[39m
[2026-06-25 11:46:27:4627] [[31merror[39m]: [31mRedis connection error: Error: connect ECONNREFUSED 127.0.0.1:6379[39m
[2026-06-25 11:46:29:4629] [[31merror[39m]: [31mRedis connection error: Error: connect ECONNREFUSED 127.0.0.1:6379[39m
[2026-06-25 11:46:31:4631] [[31merror[39m]: [31mRedis connection error: Error: connect ECONNREFUSED 127.0.0.1:6379[39m
[2026-06-25 11:46:33:4633] [[31merror[39m]: [31mRedis connection error: Error: connect ECONNREFUSED 127.0.0.1:6379[39m
[2026-06-25 11:46:35:4635] [[31merror[39m]: [31mRedis connection error: Error: connect ECONNREFUSED 127.0.0.1:6379[39m
[2026-06-25 11:46:37:4637] [[31merror[39m]: [31mRedis connection error: Error: connect ECONNREFUSED 127.0.0.1:6379[39m
[2026-06-25 11:46:39:4639] [[31merror[39m]: [31mRedis connection error: Error: connect ECONNREFUSED 127.0.0.1:6379[39m
[2026-06-25 11:46:41:4641] [[31merror[39m]: [31mRedis connection error: Error: connect ECONNREFUSED 127.0.0.1:6379[39m
[2026-06-25 11:46:44:4644] [[31merror[39m]: [31mRedis connection error: Error: connect ECONNREFUSED 127.0.0.1:6379[39m
[2026-06-25 11:46:46:4646] [[31merror[39m]: [31mRedis connection error: Error: connect ECONNREFUSED 127.0.0.1:6379[39m
[2026-06-25 11:46:48:4648] [[31merror[39m]: [31mRedis connection error: Error: connect ECONNREFUSED 127.0.0.1:6379[39m
[2026-06-25 11:46:50:4650] [[31merror[39m]: [31mRedis connection error: Error: connect ECONNREFUSED 127.0.0.1:6379[39m
[2026-06-25 11:46:52:4652] [[31merror[39m]: [31mRedis connection error: Error: connect ECONNREFUSED 127.0.0.1:6379[39m
[2026-06-25 11:46:54:4654] [[31merror[39m]: [31mRedis connection error: Error: connect ECONNREFUSED 127.0.0.1:6379[39m
[2026-06-25 11:46:56:4656] [[31merror[39m]: [31mRedis connection error: Error: connect ECONNREFUSED 127.0.0.1:6379[39m
[2026-06-25 11:46:58:4658] [[31merror[39m]: [31mRedis connection error: Error: connect ECONNREFUSED 127.0.0.1:6379[39m
[2026-06-25 11:47:00:470] [[31merror[39m]: [31mRedis connection error: Error: connect ECONNREFUSED 127.0.0.1:6379[39m
[2026-06-25 11:47:02:472] [[31merror[39m]: [31mRedis connection error: Error: connect ECONNREFUSED 127.0.0.1:6379[39m
[2026-06-25 11:47:04:474] [[31merror[39m]: [31mRedis connection error: Error: connect ECONNREFUSED 127.0.0.1:6379[39m
[2026-06-25 11:47:06:476] [[31merror[39m]: [31mRedis connection error: Error: connect ECONNREFUSED 127.0.0.1:6379[39m
[2026-06-25 11:47:08:478] [[31merror[39m]: [31mRedis connection error: Error: connect ECONNREFUSED 127.0.0.1:6379[39m
[2026-06-25 11:47:10:4710] [[31merror[39m]: [31mRedis connection error: Error: connect ECONNREFUSED 127.0.0.1:6379[39m
[2026-06-25 11:47:12:4712] [[31merror[39m]: [31mRedis connection error: Error: connect ECONNREFUSED 127.0.0.1:6379[39m
[2026-06-25 11:47:14:4714] [[31merror[39m]: [31mRedis connection error: Error: connect ECONNREFUSED 127.0.0.1:6379[39m
[2026-06-25 11:47:16:4716] [[31merror[39m]: [31mRedis connection error: Error: connect ECONNREFUSED 127.0.0.1:6379[39m
[2026-06-25 11:47:18:4718] [[31merror[39m]: [31mRedis connection error: Error: connect ECONNREFUSED 127.0.0.1:6379[39m
[2026-06-25 11:47:20:4720] [[31merror[39m]: [31mRedis connection error: Error: connect ECONNREFUSED 127.0.0.1:6379[39m
[2026-06-25 11:47:22:4722] [[31merror[39m]: [31mRedis connection error: Error: connect ECONNREFUSED 127.0.0.1:6379[39m
[2026-06-25 11:47:24:4724] [[31merror[39m]: [31mRedis connection error: Error: connect ECONNREFUSED 127.0.0.1:6379[39m
[2026-06-25 11:47:26:4726] [[31merror[39m]: [31mRedis connection error: Error: connect ECONNREFUSED 127.0.0.1:6379[39m
[2026-06-25 11:47:28:4728] [[31merror[39m]: [31mRedis connection error: Error: connect ECONNREFUSED 127.0.0.1:6379[39m
[2026-06-25 11:47:30:4730] [[31merror[39m]: [31mRedis connection error: Error: connect ECONNREFUSED 127.0.0.1:6379[39m
[2026-06-25 11:47:32:4732] [[31merror[39m]: [31mRedis connection error: Error: connect ECONNREFUSED 127.0.0.1:6379[39m
[2026-06-25 11:47:34:4734] [[31merror[39m]: [31mRedis connection error: Error: connect ECONNREFUSED 127.0.0.1:6379[39m
[2026-06-25 11:47:36:4736] [[31merror[39m]: [31mRedis connection error: Error: connect ECONNREFUSED 127.0.0.1:6379[39m
[2026-06-25 11:47:38:4738] [[31merror[39m]: [31mRedis connection error: Error: connect ECONNREFUSED 127.0.0.1:6379[39m
[2026-06-25 11:47:40:4740] [[31merror[39m]: [31mRedis connection error: Error: connect ECONNREFUSED 127.0.0.1:6379[39m
[2026-06-25 11:47:42:4742] [[31merror[39m]: [31mRedis connection error: Error: connect ECONNREFUSED 127.0.0.1:6379[39m
[2026-06-25 11:47:44:4744] [[31merror[39m]: [31mRedis connection error: Error: connect ECONNREFUSED 127.0.0.1:6379[39m
[2026-06-25 11:47:46:4746] [[31merror[39m]: [31mRedis connection error: Error: connect ECONNREFUSED 127.0.0.1:6379[39m
[2026-06-25 11:47:48:4748] [[31merror[39m]: [31mRedis connection error: Error: connect ECONNREFUSED 127.0.0.1:6379[39m
[2026-06-25 11:47:50:4750] [[31merror[39m]: [31mRedis connection error: Error: connect ECONNREFUSED 127.0.0.1:6379[39m
[2026-06-25 11:47:52:4752] [[31merror[39m]: [31mRedis connection error: Error: connect ECONNREFUSED 127.0.0.1:6379[39m
[2026-06-25 11:47:54:4754] [[31merror[39m]: [31mRedis connection error: Error: connect ECONNREFUSED 127.0.0.1:6379[39m
[2026-06-25 11:47:56:4756] [[31merror[39m]: [31mRedis connection error: Error: connect ECONNREFUSED 127.0.0.1:6379[39m
[2026-06-25 11:47:58:4758] [[31merror[39m]: [31mRedis connection error: Error: connect ECONNREFUSED 127.0.0.1:6379[39m
[2026-06-25 11:48:00:480] [[31merror[39m]: [31mRedis connection error: Error: connect ECONNREFUSED 127.0.0.1:6379[39m
[2026-06-25 11:48:02:482] [[31merror[39m]: [31mRedis connection error: Error: connect ECONNREFUSED 127.0.0.1:6379[39m
[2026-06-25 11:48:04:484] [[31merror[39m]: [31mRedis connection error: Error: connect ECONNREFUSED 127.0.0.1:6379[39m
[2026-06-25 11:48:06:486] [[31merror[39m]: [31mRedis connection error: Error: connect ECONNREFUSED 127.0.0.1:6379[39m
[2026-06-25 11:48:08:488] [[31merror[39m]: [31mRedis connection error: Error: connect ECONNREFUSED 127.0.0.1:6379[39m
[2026-06-25 11:48:10:4810] [[31merror[39m]: [31mRedis connection error: Error: connect ECONNREFUSED 127.0.0.1:6379[39m
[2026-06-25 11:48:12:4812] [[31merror[39m]: [31mRedis connection error: Error: connect ECONNREFUSED 127.0.0.1:6379[39m
[2026-06-25 11:48:14:4814] [[31merror[39m]: [31mRedis connection error: Error: connect ECONNREFUSED 127.0.0.1:6379[39m
[2026-06-25 11:48:16:4816] [[31merror[39m]: [31mRedis connection error: Error: connect ECONNREFUSED 127.0.0.1:6379[39m
[2026-06-25 11:48:18:4818] [[31merror[39m]: [31mRedis connection error: Error: connect ECONNREFUSED 127.0.0.1:6379[39m
[2026-06-25 11:48:20:4820] [[31merror[39m]: [31mRedis connection error: Error: connect ECONNREFUSED 127.0.0.1:6379[39m
[2026-06-25 11:48:22:4822] [[31merror[39m]: [31mRedis connection error: Error: connect ECONNREFUSED 127.0.0.1:6379[39m
[2026-06-25 11:48:24:4824] [[31merror[39m]: [31mRedis connection error: Error: connect ECONNREFUSED 127.0.0.1:6379[39m
[2026-06-25 11:48:26:4826] [[31merror[39m]: [31mRedis connection error: Error: connect ECONNREFUSED 127.0.0.1:6379[39m
[2026-06-25 11:48:28:4828] [[31merror[39m]: [31mRedis connection error: Error: connect ECONNREFUSED 127.0.0.1:6379[39m
[2026-06-25 11:48:30:4830] [[31merror[39m]: [31mRedis connection error: Error: connect ECONNREFUSED 127.0.0.1:6379[39m
[2026-06-25 11:48:32:4832] [[31merror[39m]: [31mRedis connection error: Error: connect ECONNREFUSED 127.0.0.1:6379[39m
[2026-06-25 11:48:34:4834] [[31merror[39m]: [31mRedis connection error: Error: connect ECONNREFUSED 127.0.0.1:6379[39m
[2026-06-25 11:48:36:4836] [[31merror[39m]: [31mRedis connection error: Error: connect ECONNREFUSED 127.0.0.1:6379[39m
[2026-06-25 11:48:38:4838] [[31merror[39m]: [31mRedis connection error: Error: connect ECONNREFUSED 127.0.0.1:6379[39m
[2026-06-25 11:48:40:4840] [[31merror[39m]: [31mRedis connection error: Error: connect ECONNREFUSED 127.0.0.1:6379[39m
[2026-06-25 11:48:42:4842] [[31merror[39m]: [31mRedis connection error: Error: connect ECONNREFUSED 127.0.0.1:6379[39m
[2026-06-25 11:48:44:4844] [[31merror[39m]: [31mRedis connection error: Error: connect ECONNREFUSED 127.0.0.1:6379[39m
[2026-06-25 11:48:46:4846] [[31merror[39m]: [31mRedis connection error: Error: connect ECONNREFUSED 127.0.0.1:6379[39m
[2026-06-25 11:48:48:4848] [[31merror[39m]: [31mRedis connection error: Error: connect ECONNREFUSED 127.0.0.1:6379[39m
[2026-06-25 11:48:50:4850] [[31merror[39m]: [31mRedis connection error: Error: connect ECONNREFUSED 127.0.0.1:6379[39m
[2026-06-25 11:48:52:4852] [[31merror[39m]: [31mRedis connection error: Error: connect ECONNREFUSED 127.0.0.1:6379[39m
[2026-06-25 11:48:54:4854] [[31merror[39m]: [31mRedis connection error: Error: connect ECONNREFUSED 127.0.0.1:6379[39m
[2026-06-25 11:48:56:4856] [[31merror[39m]: [31mRedis connection error: Error: connect ECONNREFUSED 127.0.0.1:6379[39m
[2026-06-25 11:48:58:4858] [[31merror[39m]: [31mRedis connection error: Error: connect ECONNREFUSED 127.0.0.1:6379[39m
[2026-06-25 11:49:00:490] [[31merror[39m]: [31mRedis connection error: Error: connect ECONNREFUSED 127.0.0.1:6379[39m
[2026-06-25 11:49:02:492] [[31merror[39m]: [31mRedis connection error: Error: connect ECONNREFUSED 127.0.0.1:6379[39m
[2026-06-25 11:49:04:494] [[31merror[39m]: [31mRedis connection error: Error: connect ECONNREFUSED 127.0.0.1:6379[39m
[2026-06-25 11:49:06:496] [[31merror[39m]: [31mRedis connection error: Error: connect ECONNREFUSED 127.0.0.1:6379[39m
[2026-06-25 11:49:08:498] [[31merror[39m]: [31mRedis connection error: Error: connect ECONNREFUSED 127.0.0.1:6379[39m
[2026-06-25 11:49:10:4910] [[31merror[39m]: [31mRedis connection error: Error: connect ECONNREFUSED 127.0.0.1:6379[39m
[2026-06-25 11:49:12:4912] [[31merror[39m]: [31mRedis connection error: Error: connect ECONNREFUSED 127.0.0.1:6379[39m
[2026-06-25 11:49:14:4914] [[31merror[39m]: [31mRedis connection error: Error: connect ECONNREFUSED 127.0.0.1:6379[39m
[2026-06-25 11:49:16:4916] [[31merror[39m]: [31mRedis connection error: Error: connect ECONNREFUSED 127.0.0.1:6379[39m
[2026-06-25 11:49:18:4918] [[31merror[39m]: [31mRedis connection error: Error: connect ECONNREFUSED 127.0.0.1:6379[39m
[2026-06-25 11:49:20:4920] [[31merror[39m]: [31mRedis connection error: Error: connect ECONNREFUSED 127.0.0.1:6379[39m
[2026-06-25 11:49:22:4922] [[31merror[39m]: [31mRedis connection error: Error: connect ECONNREFUSED 127.0.0.1:6379[39m
[2026-06-25 11:49:24:4924] [[31merror[39m]: [31mRedis connection error: Error: connect ECONNREFUSED 127.0.0.1:6379[39m
[2026-06-25 11:49:27:4927] [[31merror[39m]: [31mRedis connection error: Error: connect ECONNREFUSED 127.0.0.1:6379[39m
[2026-06-25 11:49:29:4929] [[31merror[39m]: [31mRedis connection error: Error: connect ECONNREFUSED 127.0.0.1:6379[39m
[2026-06-25 11:49:31:4931] [[31merror[39m]: [31mRedis connection error: Error: connect ECONNREFUSED 127.0.0.1:6379[39m
[2026-06-25 11:49:33:4933] [[31merror[39m]: [31mRedis connection error: Error: connect ECONNREFUSED 127.0.0.1:6379[39m
[2026-06-25 11:49:35:4935] [[31merror[39m]: [31mRedis connection error: Error: connect ECONNREFUSED 127.0.0.1:6379[39m
[2026-06-25 11:49:37:4937] [[31merror[39m]: [31mRedis connection error: Error: connect ECONNREFUSED 127.0.0.1:6379[39m
[2026-06-25 11:49:39:4939] [[31merror[39m]: [31mRedis connection error: Error: connect ECONNREFUSED 127.0.0.1:6379[39m
[2026-06-25 11:49:41:4941] [[31merror[39m]: [31mRedis connection error: Error: connect ECONNREFUSED 127.0.0.1:6379[39m
[2026-06-25 11:49:43:4943] [[31merror[39m]: [31mRedis connection error: Error: connect ECONNREFUSED 127.0.0.1:6379[39m
[2026-06-25 11:49:45:4945] [[31merror[39m]: [31mRedis connection error: Error: connect ECONNREFUSED 127.0.0.1:6379[39m
[2026-06-25 11:49:47:4947] [[31merror[39m]: [31mRedis connection error: Error: connect ECONNREFUSED 127.0.0.1:6379[39m
[2026-06-25 11:49:49:4949] [[31merror[39m]: [31mRedis connection error: Error: connect ECONNREFUSED 127.0.0.1:6379[39m
[2026-06-25 11:49:51:4951] [[31merror[39m]: [31mRedis connection error: Error: connect ECONNREFUSED 127.0.0.1:6379[39m
[2026-06-25 11:49:53:4953] [[31merror[39m]: [31mRedis connection error: Error: connect ECONNREFUSED 127.0.0.1:6379[39m
[2026-06-25 11:49:55:4955] [[31merror[39m]: [31mRedis connection error: Error: connect ECONNREFUSED 127.0.0.1:6379[39m
[2026-06-25 11:49:57:4957] [[31merror[39m]: [31mRedis connection error: Error: connect ECONNREFUSED 127.0.0.1:6379[39m
[2026-06-25 11:49:59:4959] [[31merror[39m]: [31mRedis connection error: Error: connect ECONNREFUSED 127.0.0.1:6379[39m
[2026-06-25 11:50:01:501] [[31merror[39m]: [31mRedis connection error: Error: connect ECONNREFUSED 127.0.0.1:6379[39m
[2026-06-25 11:50:03:503] [[31merror[39m]: [31mRedis connection error: Error: connect ECONNREFUSED 127.0.0.1:6379[39m
[2026-06-25 11:50:05:505] [[31merror[39m]: [31mRedis connection error: Error: connect ECONNREFUSED 127.0.0.1:6379[39m
[2026-06-25 11:50:07:507] [[31merror[39m]: [31mRedis connection error: Error: connect ECONNREFUSED 127.0.0.1:6379[39m
[2026-06-25 11:50:09:509] [[31merror[39m]: [31mRedis connection error: Error: connect ECONNREFUSED 127.0.0.1:6379[39m
[2026-06-25 11:50:11:5011] [[31merror[39m]: [31mRedis connection error: Error: connect ECONNREFUSED 127.0.0.1:6379[39m
[2026-06-25 11:50:13:5013] [[31merror[39m]: [31mRedis connection error: Error: connect ECONNREFUSED 127.0.0.1:6379[39m
[2026-06-25 11:50:15:5015] [[31merror[39m]: [31mRedis connection error: Error: connect ECONNREFUSED 127.0.0.1:6379[39m
[2026-06-25 11:50:17:5017] [[31merror[39m]: [31mRedis connection error: Error: connect ECONNREFUSED 127.0.0.1:6379[39m
[2026-06-25 11:50:19:5019] [[31merror[39m]: [31mRedis connection error: Error: connect ECONNREFUSED 127.0.0.1:6379[39m
[2026-06-25 11:50:21:5021] [[31merror[39m]: [31mRedis connection error: Error: connect ECONNREFUSED 127.0.0.1:6379[39m
[2026-06-25 11:50:23:5023] [[31merror[39m]: [31mRedis connection error: Error: connect ECONNREFUSED 127.0.0.1:6379[39m
[2026-06-25 11:50:25:5025] [[31merror[39m]: [31mRedis connection error: Error: connect ECONNREFUSED 127.0.0.1:6379[39m
[2026-06-25 11:50:27:5027] [[31merror[39m]: [31mRedis connection error: Error: connect ECONNREFUSED 127.0.0.1:6379[39m
[2026-06-25 11:50:29:5029] [[31merror[39m]: [31mRedis connection error: Error: connect ECONNREFUSED 127.0.0.1:6379[39m
[2026-06-25 11:50:31:5031] [[31merror[39m]: [31mRedis connection error: Error: connect ECONNREFUSED 127.0.0.1:6379[39m
[2026-06-25 11:50:33:5033] [[31merror[39m]: [31mRedis connection error: Error: connect ECONNREFUSED 127.0.0.1:6379[39m
[2026-06-25 11:50:35:5035] [[31merror[39m]: [31mRedis connection error: Error: connect ECONNREFUSED 127.0.0.1:6379[39m
[2026-06-25 11:50:37:5037] [[31merror[39m]: [31mRedis connection error: Error: connect ECONNREFUSED 127.0.0.1:6379[39m
[2026-06-25 11:50:39:5039] [[31merror[39m]: [31mRedis connection error: Error: connect ECONNREFUSED 127.0.0.1:6379[39m
[2026-06-25 11:50:41:5041] [[31merror[39m]: [31mRedis connection error: Error: connect ECONNREFUSED 127.0.0.1:6379[39m
[2026-06-25 11:50:43:5043] [[31merror[39m]: [31mRedis connection error: Error: connect ECONNREFUSED 127.0.0.1:6379[39m
[2026-06-25 11:50:45:5045] [[31merror[39m]: [31mRedis connection error: Error: connect ECONNREFUSED 127.0.0.1:6379[39m
[2026-06-25 11:50:47:5047] [[31merror[39m]: [31mRedis connection error: Error: connect ECONNREFUSED 127.0.0.1:6379[39m
[2026-06-25 11:50:49:5049] [[31merror[39m]: [31mRedis connection error: Error: connect ECONNREFUSED 127.0.0.1:6379[39m
[2026-06-25 11:50:51:5051] [[31merror[39m]: [31mRedis connection error: Error: connect ECONNREFUSED 127.0.0.1:6379[39m
[2026-06-25 11:50:53:5053] [[31merror[39m]: [31mRedis connection error: Error: connect ECONNREFUSED 127.0.0.1:6379[39m
[2026-06-25 11:50:55:5055] [[31merror[39m]: [31mRedis connection error: Error: connect ECONNREFUSED 127.0.0.1:6379[39m
[2026-06-25 11:50:57:5057] [[31merror[39m]: [31mRedis connection error: Error: connect ECONNREFUSED 127.0.0.1:6379[39m
[2026-06-25 11:50:59:5059] [[31merror[39m]: [31mRedis connection error: Error: connect ECONNREFUSED 127.0.0.1:6379[39m
[2026-06-25 11:51:01:511] [[31merror[39m]: [31mRedis connection error: Error: connect ECONNREFUSED 127.0.0.1:6379[39m
[2026-06-25 11:51:03:513] [[31merror[39m]: [31mRedis connection error: Error: connect ECONNREFUSED 127.0.0.1:6379[39m
[2026-06-25 11:51:05:515] [[31merror[39m]: [31mRedis connection error: Error: connect ECONNREFUSED 127.0.0.1:6379[39m
[2026-06-25 11:51:07:517] [[31merror[39m]: [31mRedis connection error: Error: connect ECONNREFUSED 127.0.0.1:6379[39m
[2026-06-25 11:51:09:519] [[31merror[39m]: [31mRedis connection error: Error: connect ECONNREFUSED 127.0.0.1:6379[39m
[2026-06-25 11:51:11:5111] [[31merror[39m]: [31mRedis connection error: Error: connect ECONNREFUSED 127.0.0.1:6379[39m
[2026-06-25 11:51:13:5113] [[31merror[39m]: [31mRedis connection error: Error: connect ECONNREFUSED 127.0.0.1:6379[39m
[2026-06-25 11:51:15:5115] [[31merror[39m]: [31mRedis connection error: Error: connect ECONNREFUSED 127.0.0.1:6379[39m
[2026-06-25 11:51:17:5117] [[31merror[39m]: [31mRedis connection error: Error: connect ECONNREFUSED 127.0.0.1:6379[39m
[2026-06-25 11:51:19:5119] [[31merror[39m]: [31mRedis connection error: Error: connect ECONNREFUSED 127.0.0.1:6379[39m
[2026-06-25 11:51:21:5121] [[31merror[39m]: [31mRedis connection error: Error: connect ECONNREFUSED 127.0.0.1:6379[39m
[2026-06-25 11:51:23:5123] [[31merror[39m]: [31mRedis connection error: Error: connect ECONNREFUSED 127.0.0.1:6379[39m
[2026-06-25 11:51:25:5125] [[31merror[39m]: [31mRedis connection error: Error: connect ECONNREFUSED 127.0.0.1:6379[39m
[2026-06-25 11:51:27:5127] [[31merror[39m]: [31mRedis connection error: Error: connect ECONNREFUSED 127.0.0.1:6379[39m
[2026-06-25 11:51:29:5129] [[31merror[39m]: [31mRedis connection error: Error: connect ECONNREFUSED 127.0.0.1:6379[39m
[2026-06-25 11:51:31:5131] [[31merror[39m]: [31mRedis connection error: Error: connect ECONNREFUSED 127.0.0.1:6379[39m
[2026-06-25 11:51:33:5133] [[31merror[39m]: [31mRedis connection error: Error: connect ECONNREFUSED 127.0.0.1:6379[39m
[2026-06-25 11:51:35:5135] [[31merror[39m]: [31mRedis connection error: Error: connect ECONNREFUSED 127.0.0.1:6379[39m
[2026-06-25 11:51:37:5137] [[31merror[39m]: [31mRedis connection error: Error: connect ECONNREFUSED 127.0.0.1:6379[39m
[2026-06-25 11:51:39:5139] [[31merror[39m]: [31mRedis connection error: Error: connect ECONNREFUSED 127.0.0.1:6379[39m
[2026-06-25 11:51:41:5141] [[31merror[39m]: [31mRedis connection error: Error: connect ECONNREFUSED 127.0.0.1:6379[39m
[2026-06-25 11:51:43:5143] [[31merror[39m]: [31mRedis connection error: Error: connect ECONNREFUSED 127.0.0.1:6379[39m
[2026-06-25 11:51:45:5145] [[31merror[39m]: [31mRedis connection error: Error: connect ECONNREFUSED 127.0.0.1:6379[39m
[2026-06-25 11:51:47:5147] [[31merror[39m]: [31mRedis connection error: Error: connect ECONNREFUSED 127.0.0.1:6379[39m
[2026-06-25 11:51:49:5149] [[31merror[39m]: [31mRedis connection error: Error: connect ECONNREFUSED 127.0.0.1:6379[39m
[2026-06-25 11:51:51:5151] [[31merror[39m]: [31mRedis connection error: Error: connect ECONNREFUSED 127.0.0.1:6379[39m
[2026-06-25 11:51:53:5153] [[31merror[39m]: [31mRedis connection error: Error: connect ECONNREFUSED 127.0.0.1:6379[39m
[2026-06-25 11:51:55:5155] [[31merror[39m]: [31mRedis connection error: Error: connect ECONNREFUSED 127.0.0.1:6379[39m
[2026-06-25 11:51:57:5157] [[31merror[39m]: [31mRedis connection error: Error: connect ECONNREFUSED 127.0.0.1:6379[39m
[2026-06-25 11:51:59:5159] [[31merror[39m]: [31mRedis connection error: Error: connect ECONNREFUSED 127.0.0.1:6379[39m
[2026-06-25 11:52:01:521] [[31merror[39m]: [31mRedis connection error: Error: connect ECONNREFUSED 127.0.0.1:6379[39m
[2026-06-25 11:52:03:523] [[31merror[39m]: [31mRedis connection error: Error: connect ECONNREFUSED 127.0.0.1:6379[39m
[2026-06-25 11:52:05:525] [[31merror[39m]: [31mRedis connection error: Error: connect ECONNREFUSED 127.0.0.1:6379[39m
[2026-06-25 11:52:08:528] [[31merror[39m]: [31mRedis connection error: Error: connect ECONNREFUSED 127.0.0.1:6379[39m
[2026-06-25 11:52:10:5210] [[31merror[39m]: [31mRedis connection error: Error: connect ECONNREFUSED 127.0.0.1:6379[39m
[2026-06-25 11:52:12:5212] [[31merror[39m]: [31mRedis connection error: Error: connect ECONNREFUSED 127.0.0.1:6379[39m
[2026-06-25 11:52:14:5214] [[31merror[39m]: [31mRedis connection error: Error: connect ECONNREFUSED 127.0.0.1:6379[39m
[2026-06-25 11:52:16:5216] [[31merror[39m]: [31mRedis connection error: Error: connect ECONNREFUSED 127.0.0.1:6379[39m
[2026-06-25 11:52:18:5218] [[31merror[39m]: [31mRedis connection error: Error: connect ECONNREFUSED 127.0.0.1:6379[39m
[2026-06-25 11:52:20:5220] [[31merror[39m]: [31mRedis connection error: Error: connect ECONNREFUSED 127.0.0.1:6379[39m
[2026-06-25 11:52:22:5222] [[31merror[39m]: [31mRedis connection error: Error: connect ECONNREFUSED 127.0.0.1:6379[39m
[2026-06-25 11:52:24:5224] [[31merror[39m]: [31mRedis connection error: Error: connect ECONNREFUSED 127.0.0.1:6379[39m
[2026-06-25 11:52:26:5226] [[31merror[39m]: [31mRedis connection error: Error: connect ECONNREFUSED 127.0.0.1:6379[39m
[2026-06-25 11:52:28:5228] [[31merror[39m]: [31mRedis connection error: Error: connect ECONNREFUSED 127.0.0.1:6379[39m
[2026-06-25 11:52:30:5230] [[31merror[39m]: [31mRedis connection error: Error: connect ECONNREFUSED 127.0.0.1:6379[39m
[2026-06-25 11:52:32:5232] [[31merror[39m]: [31mRedis connection error: Error: connect ECONNREFUSED 127.0.0.1:6379[39m
[2026-06-25 11:52:34:5234] [[31merror[39m]: [31mRedis connection error: Error: connect ECONNREFUSED 127.0.0.1:6379[39m
[2026-06-25 11:52:36:5236] [[31merror[39m]: [31mRedis connection error: Error: connect ECONNREFUSED 127.0.0.1:6379[39m
[2026-06-25 11:52:38:5238] [[31merror[39m]: [31mRedis connection error: Error: connect ECONNREFUSED 127.0.0.1:6379[39m
[2026-06-25 11:52:40:5240] [[31merror[39m]: [31mRedis connection error: Error: connect ECONNREFUSED 127.0.0.1:6379[39m
[2026-06-25 11:52:42:5242] [[31merror[39m]: [31mRedis connection error: Error: connect ECONNREFUSED 127.0.0.1:6379[39m
[2026-06-25 11:52:44:5244] [[31merror[39m]: [31mRedis connection error: Error: connect ECONNREFUSED 127.0.0.1:6379[39m
[2026-06-25 11:52:46:5246] [[31merror[39m]: [31mRedis connection error: Error: connect ECONNREFUSED 127.0.0.1:6379[39m
[2026-06-25 11:53:03:533] [[31merror[39m]: [31mRedis connection error: Error: connect ECONNREFUSED 127.0.0.1:6379[39m
[2026-06-25 11:53:05:535] [[31merror[39m]: [31mRedis connection error: Error: connect ECONNREFUSED 127.0.0.1:6379[39m
[2026-06-25 11:53:07:537] [[31merror[39m]: [31mRedis connection error: Error: connect ECONNREFUSED 127.0.0.1:6379[39m
[2026-06-25 11:54:44:5444] [[31merror[39m]: [31mRedis connection error: Error: connect ECONNREFUSED 127.0.0.1:6379[39m
[2026-06-25 11:54:46:5446] [[31merror[39m]: [31mRedis connection error: Error: connect ECONNREFUSED 127.0.0.1:6379[39m
[2026-06-25 11:54:48:5448] [[31merror[39m]: [31mRedis connection error: Error: connect ECONNREFUSED 127.0.0.1:6379[39m
[2026-06-25 11:54:50:5450] [[31merror[39m]: [31mRedis connection error: Error: connect ECONNREFUSED 127.0.0.1:6379[39m
[2026-06-25 11:54:52:5452] [[31merror[39m]: [31mRedis connection error: Error: connect ECONNREFUSED 127.0.0.1:6379[39m
[2026-06-25 11:54:54:5454] [[31merror[39m]: [31mRedis connection error: Error: connect ECONNREFUSED 127.0.0.1:6379[39m
[2026-06-25 11:54:56:5456] [[31merror[39m]: [31mRedis connection error: Error: connect ECONNREFUSED 127.0.0.1:6379[39m
[2026-06-25 11:54:58:5458] [[31merror[39m]: [31mRedis connection error: Error: connect ECONNREFUSED 127.0.0.1:6379[39m
[2026-06-25 11:55:01:551] [[31merror[39m]: [31mRedis connection error: Error: connect ECONNREFUSED 127.0.0.1:6379[39m
[2026-06-25 11:55:03:553] [[31merror[39m]: [31mRedis connection error: Error: connect ECONNREFUSED 127.0.0.1:6379[39m
[2026-06-25 11:55:06:556] [[31merror[39m]: [31mRedis connection error: Error: connect ECONNREFUSED 127.0.0.1:6379[39m
[2026-06-25 11:55:08:558] [[31merror[39m]: [31mRedis connection error: Error: connect ECONNREFUSED 127.0.0.1:6379[39m
[2026-06-25 11:55:10:5510] [[31merror[39m]: [31mRedis connection error: Error: connect ECONNREFUSED 127.0.0.1:6379[39m
[2026-06-25 11:55:13:5513] [[31merror[39m]: [31mRedis connection error: Error: connect ECONNREFUSED 127.0.0.1:6379[39m
[2026-06-25 11:55:15:5515] [[31merror[39m]: [31mRedis connection error: Error: connect ECONNREFUSED 127.0.0.1:6379[39m
[2026-06-25 11:55:17:5517] [[31merror[39m]: [31mRedis connection error: Error: connect ECONNREFUSED 127.0.0.1:6379[39m
[2026-06-25 11:55:20:5520] [[31merror[39m]: [31mRedis connection error: Error: connect ECONNREFUSED 127.0.0.1:6379[39m
[2026-06-25 11:55:22:5522] [[31merror[39m]: [31mRedis connection error: Error: connect ECONNREFUSED 127.0.0.1:6379[39m
[2026-06-25 11:55:24:5524] [[31merror[39m]: [31mRedis connection error: Error: connect ECONNREFUSED 127.0.0.1:6379[39m
[2026-06-25 11:55:26:5526] [[31merror[39m]: [31mRedis connection error: Error: connect ECONNREFUSED 127.0.0.1:6379[39m
[2026-06-25 11:55:28:5528] [[31merror[39m]: [31mRedis connection error: Error: connect ECONNREFUSED 127.0.0.1:6379[39m
[2026-06-25 11:55:30:5530] [[31merror[39m]: [31mRedis connection error: Error: connect ECONNREFUSED 127.0.0.1:6379[39m
[2026-06-25 11:55:32:5532] [[31merror[39m]: [31mRedis connection error: Error: connect ECONNREFUSED 127.0.0.1:6379[39m
[2026-06-25 11:55:34:5534] [[31merror[39m]: [31mRedis connection error: Error: connect ECONNREFUSED 127.0.0.1:6379[39m
[2026-06-25 11:55:36:5536] [[31merror[39m]: [31mRedis connection error: Error: connect ECONNREFUSED 127.0.0.1:6379[39m
[2026-06-25 11:55:38:5538] [[31merror[39m]: [31mRedis connection error: Error: connect ECONNREFUSED 127.0.0.1:6379[39m
[2026-06-25 11:55:40:5540] [[31merror[39m]: [31mRedis connection error: Error: connect ECONNREFUSED 127.0.0.1:6379[39m
[2026-06-25 11:55:42:5542] [[31merror[39m]: [31mRedis connection error: Error: connect ECONNREFUSED 127.0.0.1:6379[39m
[2026-06-25 11:55:44:5544] [[31merror[39m]: [31mRedis connection error: Error: connect ECONNREFUSED 127.0.0.1:6379[39m
[2026-06-25 11:55:46:5546] [[31merror[39m]: [31mRedis connection error: Error: connect ECONNREFUSED 127.0.0.1:6379[39m
[2026-06-25 11:55:48:5548] [[31merror[39m]: [31mRedis connection error: Error: connect ECONNREFUSED 127.0.0.1:6379[39m
[2026-06-25 11:55:50:5550] [[31merror[39m]: [31mRedis connection error: Error: connect ECONNREFUSED 127.0.0.1:6379[39m
[2026-06-25 11:55:52:5552] [[31merror[39m]: [31mRedis connection error: Error: connect ECONNREFUSED 127.0.0.1:6379[39m
[2026-06-25 11:55:54:5554] [[31merror[39m]: [31mRedis connection error: Error: connect ECONNREFUSED 127.0.0.1:6379[39m
[2026-06-25 11:55:56:5556] [[31merror[39m]: [31mRedis connection error: Error: connect ECONNREFUSED 127.0.0.1:6379[39m
[2026-06-25 11:55:58:5558] [[31merror[39m]: [31mRedis connection error: Error: connect ECONNREFUSED 127.0.0.1:6379[39m
[2026-06-25 11:56:00:560] [[31merror[39m]: [31mRedis connection error: Error: connect ECONNREFUSED 127.0.0.1:6379[39m
[2026-06-25 11:56:02:562] [[31merror[39m]: [31mRedis connection error: Error: connect ECONNREFUSED 127.0.0.1:6379[39m
[2026-06-25 11:56:04:564] [[31merror[39m]: [31mRedis connection error: Error: connect ECONNREFUSED 127.0.0.1:6379[39m
[2026-06-25 11:56:06:566] [[31merror[39m]: [31mRedis connection error: Error: connect ECONNREFUSED 127.0.0.1:6379[39m
[2026-06-25 11:56:08:568] [[31merror[39m]: [31mRedis connection error: Error: connect ECONNREFUSED 127.0.0.1:6379[39m
[2026-06-25 11:56:10:5610] [[31merror[39m]: [31mRedis connection error: Error: connect ECONNREFUSED 127.0.0.1:6379[39m
[2026-06-25 11:56:12:5612] [[31merror[39m]: [31mRedis connection error: Error: connect ECONNREFUSED 127.0.0.1:6379[39m
[2026-06-25 11:56:14:5614] [[31merror[39m]: [31mRedis connection error: Error: connect ECONNREFUSED 127.0.0.1:6379[39m
[2026-06-25 11:56:16:5616] [[31merror[39m]: [31mRedis connection error: Error: connect ECONNREFUSED 127.0.0.1:6379[39m
[2026-06-25 11:56:18:5618] [[31merror[39m]: [31mRedis connection error: Error: connect ECONNREFUSED 127.0.0.1:6379[39m
[2026-06-25 11:56:20:5620] [[31merror[39m]: [31mRedis connection error: Error: connect ECONNREFUSED 127.0.0.1:6379[39m
[2026-06-25 11:56:22:5622] [[31merror[39m]: [31mRedis connection error: Error: connect ECONNREFUSED 127.0.0.1:6379[39m
[2026-06-25 11:56:24:5624] [[31merror[39m]: [31mRedis connection error: Error: connect ECONNREFUSED 127.0.0.1:6379[39m
[2026-06-25 11:56:26:5626] [[31merror[39m]: [31mRedis connection error: Error: connect ECONNREFUSED 127.0.0.1:6379[39m
[2026-06-25 11:56:28:5628] [[31merror[39m]: [31mRedis connection error: Error: connect ECONNREFUSED 127.0.0.1:6379[39m
[2026-06-25 11:56:30:5630] [[31merror[39m]: [31mRedis connection error: Error: connect ECONNREFUSED 127.0.0.1:6379[39m
[2026-06-25 11:56:32:5632] [[31merror[39m]: [31mRedis connection error: Error: connect ECONNREFUSED 127.0.0.1:6379[39m
[2026-06-25 11:56:34:5634] [[31merror[39m]: [31mRedis connection error: Error: connect ECONNREFUSED 127.0.0.1:6379[39m
[2026-06-25 11:56:36:5636] [[31merror[39m]: [31mRedis connection error: Error: connect ECONNREFUSED 127.0.0.1:6379[39m
[2026-06-25 11:56:38:5638] [[31merror[39m]: [31mRedis connection error: Error: connect ECONNREFUSED 127.0.0.1:6379[39m
[2026-06-25 11:56:40:5640] [[31merror[39m]: [31mRedis connection error: Error: connect ECONNREFUSED 127.0.0.1:6379[39m
[2026-06-25 11:56:42:5642] [[31merror[39m]: [31mRedis connection error: Error: connect ECONNREFUSED 127.0.0.1:6379[39m
[2026-06-25 11:56:44:5644] [[31merror[39m]: [31mRedis connection error: Error: connect ECONNREFUSED 127.0.0.1:6379[39m
[2026-06-25 11:56:46:5646] [[31merror[39m]: [31mRedis connection error: Error: connect ECONNREFUSED 127.0.0.1:6379[39m
[2026-06-25 11:56:49:5649] [[31merror[39m]: [31mRedis connection error: Error: connect ECONNREFUSED 127.0.0.1:6379[39m
[2026-06-25 11:56:51:5651] [[31merror[39m]: [31mRedis connection error: Error: connect ECONNREFUSED 127.0.0.1:6379[39m
[2026-06-25 11:56:53:5653] [[31merror[39m]: [31mRedis connection error: Error: connect ECONNREFUSED 127.0.0.1:6379[39m
[2026-06-25 11:56:55:5655] [[31merror[39m]: [31mRedis connection error: Error: connect ECONNREFUSED 127.0.0.1:6379[39m
[2026-06-25 11:56:57:5657] [[31merror[39m]: [31mRedis connection error: Error: connect ECONNREFUSED 127.0.0.1:6379[39m
[2026-06-25 11:56:59:5659] [[31merror[39m]: [31mRedis connection error: Error: connect ECONNREFUSED 127.0.0.1:6379[39m
[2026-06-25 11:57:01:571] [[31merror[39m]: [31mRedis connection error: Error: connect ECONNREFUSED 127.0.0.1:6379[39m
[2026-06-25 11:57:03:573] [[31merror[39m]: [31mRedis connection error: Error: connect ECONNREFUSED 127.0.0.1:6379[39m
[2026-06-25 11:57:05:575] [[31merror[39m]: [31mRedis connection error: Error: connect ECONNREFUSED 127.0.0.1:6379[39m
[2026-06-25 11:57:07:577] [[31merror[39m]: [31mRedis connection error: Error: connect ECONNREFUSED 127.0.0.1:6379[39m
[2026-06-25 11:57:09:579] [[31merror[39m]: [31mRedis connection error: Error: connect ECONNREFUSED 127.0.0.1:6379[39m
[2026-06-25 11:57:11:5711] [[31merror[39m]: [31mRedis connection error: Error: connect ECONNREFUSED 127.0.0.1:6379[39m
[2026-06-25 11:57:13:5713] [[31merror[39m]: [31mRedis connection error: Error: connect ECONNREFUSED 127.0.0.1:6379[39m
[2026-06-25 11:57:15:5715] [[31merror[39m]: [31mRedis connection error: Error: connect ECONNREFUSED 127.0.0.1:6379[39m
[2026-06-25 11:57:17:5717] [[31merror[39m]: [31mRedis connection error: Error: connect ECONNREFUSED 127.0.0.1:6379[39m
[2026-06-25 11:57:19:5719] [[31merror[39m]: [31mRedis connection error: Error: connect ECONNREFUSED 127.0.0.1:6379[39m
[2026-06-25 11:57:21:5721] [[31merror[39m]: [31mRedis connection error: Error: connect ECONNREFUSED 127.0.0.1:6379[39m
[2026-06-25 11:57:23:5723] [[31merror[39m]: [31mRedis connection error: Error: connect ECONNREFUSED 127.0.0.1:6379[39m
[2026-06-25 11:57:25:5725] [[31merror[39m]: [31mRedis connection error: Error: connect ECONNREFUSED 127.0.0.1:6379[39m
[2026-06-25 11:57:27:5727] [[31merror[39m]: [31mRedis connection error: Error: connect ECONNREFUSED 127.0.0.1:6379[39m
[2026-06-25 11:57:29:5729] [[31merror[39m]: [31mRedis connection error: Error: connect ECONNREFUSED 127.0.0.1:6379[39m
[2026-06-25 11:57:31:5731] [[31merror[39m]: [31mRedis connection error: Error: connect ECONNREFUSED 127.0.0.1:6379[39m
[2026-06-25 11:57:33:5733] [[31merror[39m]: [31mRedis connection error: Error: connect ECONNREFUSED 127.0.0.1:6379[39m
[2026-06-25 11:57:35:5735] [[31merror[39m]: [31mRedis connection error: Error: connect ECONNREFUSED 127.0.0.1:6379[39m
[2026-06-25 11:57:37:5737] [[31merror[39m]: [31mRedis connection error: Error: connect ECONNREFUSED 127.0.0.1:6379[39m
[2026-06-25 11:57:39:5739] [[31merror[39m]: [31mRedis connection error: Error: connect ECONNREFUSED 127.0.0.1:6379[39m
[2026-06-25 11:57:41:5741] [[31merror[39m]: [31mRedis connection error: Error: connect ECONNREFUSED 127.0.0.1:6379[39m
[2026-06-25 11:57:43:5743] [[31merror[39m]: [31mRedis connection error: Error: connect ECONNREFUSED 127.0.0.1:6379[39m
[2026-06-25 11:57:45:5745] [[31merror[39m]: [31mRedis connection error: Error: connect ECONNREFUSED 127.0.0.1:6379[39m
[2026-06-25 11:57:47:5747] [[31merror[39m]: [31mRedis connection error: Error: connect ECONNREFUSED 127.0.0.1:6379[39m
[2026-06-25 11:57:49:5749] [[31merror[39m]: [31mRedis connection error: Error: connect ECONNREFUSED 127.0.0.1:6379[39m
[2026-06-25 11:57:51:5751] [[31merror[39m]: [31mRedis connection error: Error: connect ECONNREFUSED 127.0.0.1:6379[39m
[2026-06-25 11:57:53:5753] [[31merror[39m]: [31mRedis connection error: Error: connect ECONNREFUSED 127.0.0.1:6379[39m
[2026-06-25 11:57:55:5755] [[31merror[39m]: [31mRedis connection error: Error: connect ECONNREFUSED 127.0.0.1:6379[39m
[2026-06-25 11:57:57:5757] [[31merror[39m]: [31mRedis connection error: Error: connect ECONNREFUSED 127.0.0.1:6379[39m
[2026-06-25 11:57:59:5759] [[31merror[39m]: [31mRedis connection error: Error: connect ECONNREFUSED 127.0.0.1:6379[39m
[2026-06-25 11:58:01:581] [[31merror[39m]: [31mRedis connection error: Error: connect ECONNREFUSED 127.0.0.1:6379[39m
[2026-06-25 11:58:03:583] [[31merror[39m]: [31mRedis connection error: Error: connect ECONNREFUSED 127.0.0.1:6379[39m
[2026-06-25 11:58:05:585] [[31merror[39m]: [31mRedis connection error: Error: connect ECONNREFUSED 127.0.0.1:6379[39m
[2026-06-25 11:58:07:587] [[31merror[39m]: [31mRedis connection error: Error: connect ECONNREFUSED 127.0.0.1:6379[39m
[2026-06-25 11:58:09:589] [[31merror[39m]: [31mRedis connection error: Error: connect ECONNREFUSED 127.0.0.1:6379[39m
[2026-06-25 11:58:11:5811] [[31merror[39m]: [31mRedis connection error: Error: connect ECONNREFUSED 127.0.0.1:6379[39m
[2026-06-25 11:58:13:5813] [[31merror[39m]: [31mRedis connection error: Error: connect ECONNREFUSED 127.0.0.1:6379[39m
[2026-06-25 11:58:15:5815] [[31merror[39m]: [31mRedis connection error: Error: connect ECONNREFUSED 127.0.0.1:6379[39m
[2026-06-25 11:58:17:5817] [[31merror[39m]: [31mRedis connection error: Error: connect ECONNREFUSED 127.0.0.1:6379[39m
[2026-06-25 11:58:19:5819] [[31merror[39m]: [31mRedis connection error: Error: connect ECONNREFUSED 127.0.0.1:6379[39m
[2026-06-25 11:58:21:5821] [[31merror[39m]: [31mRedis connection error: Error: connect ECONNREFUSED 127.0.0.1:6379[39m
[2026-06-25 11:58:23:5823] [[31merror[39m]: [31mRedis connection error: Error: connect ECONNREFUSED 127.0.0.1:6379[39m
[2026-06-25 11:58:25:5825] [[31merror[39m]: [31mRedis connection error: Error: connect ECONNREFUSED 127.0.0.1:6379[39m
[2026-06-25 11:58:27:5827] [[31merror[39m]: [31mRedis connection error: Error: connect ECONNREFUSED 127.0.0.1:6379[39m
[2026-06-25 11:58:29:5829] [[31merror[39m]: [31mRedis connection error: Error: connect ECONNREFUSED 127.0.0.1:6379[39m
[2026-06-25 11:58:31:5831] [[31merror[39m]: [31mRedis connection error: Error: connect ECONNREFUSED 127.0.0.1:6379[39m
[2026-06-25 11:58:33:5833] [[31merror[39m]: [31mRedis connection error: Error: connect ECONNREFUSED 127.0.0.1:6379[39m
[2026-06-25 11:58:35:5835] [[31merror[39m]: [31mRedis connection error: Error: connect ECONNREFUSED 127.0.0.1:6379[39m
[2026-06-25 11:58:37:5837] [[31merror[39m]: [31mRedis connection error: Error: connect ECONNREFUSED 127.0.0.1:6379[39m
[2026-06-25 11:58:39:5839] [[31merror[39m]: [31mRedis connection error: Error: connect ECONNREFUSED 127.0.0.1:6379[39m
[2026-06-25 11:58:41:5841] [[31merror[39m]: [31mRedis connection error: Error: connect ECONNREFUSED 127.0.0.1:6379[39m
[2026-06-25 11:58:43:5843] [[31merror[39m]: [31mRedis connection error: Error: connect ECONNREFUSED 127.0.0.1:6379[39m
[2026-06-25 11:58:45:5845] [[31merror[39m]: [31mRedis connection error: Error: connect ECONNREFUSED 127.0.0.1:6379[39m
[2026-06-25 11:58:47:5847] [[31merror[39m]: [31mRedis connection error: Error: connect ECONNREFUSED 127.0.0.1:6379[39m
[2026-06-25 11:58:49:5849] [[31merror[39m]: [31mRedis connection error: Error: connect ECONNREFUSED 127.0.0.1:6379[39m
[2026-06-25 11:58:51:5851] [[31merror[39m]: [31mRedis connection error: Error: connect ECONNREFUSED 127.0.0.1:6379[39m
[2026-06-25 11:58:53:5853] [[31merror[39m]: [31mRedis connection error: Error: connect ECONNREFUSED 127.0.0.1:6379[39m
[2026-06-25 11:58:55:5855] [[31merror[39m]: [31mRedis connection error: Error: connect ECONNREFUSED 127.0.0.1:6379[39m
[2026-06-25 11:58:57:5857] [[31merror[39m]: [31mRedis connection error: Error: connect ECONNREFUSED 127.0.0.1:6379[39m
[2026-06-25 11:58:59:5859] [[31merror[39m]: [31mRedis connection error: Error: connect ECONNREFUSED 127.0.0.1:6379[39m
[2026-06-25 11:59:01:591] [[31merror[39m]: [31mRedis connection error: Error: connect ECONNREFUSED 127.0.0.1:6379[39m
[2026-06-25 11:59:03:593] [[31merror[39m]: [31mRedis connection error: Error: connect ECONNREFUSED 127.0.0.1:6379[39m
[2026-06-25 11:59:05:595] [[31merror[39m]: [31mRedis connection error: Error: connect ECONNREFUSED 127.0.0.1:6379[39m
[2026-06-25 11:59:07:597] [[31merror[39m]: [31mRedis connection error: Error: connect ECONNREFUSED 127.0.0.1:6379[39m
[2026-06-25 11:59:09:599] [[31merror[39m]: [31mRedis connection error: Error: connect ECONNREFUSED 127.0.0.1:6379[39m
[2026-06-25 11:59:11:5911] [[31merror[39m]: [31mRedis connection error: Error: connect ECONNREFUSED 127.0.0.1:6379[39m
[2026-06-25 11:59:13:5913] [[31merror[39m]: [31mRedis connection error: Error: connect ECONNREFUSED 127.0.0.1:6379[39m
[2026-06-25 11:59:15:5915] [[31merror[39m]: [31mRedis connection error: Error: connect ECONNREFUSED 127.0.0.1:6379[39m
[2026-06-25 11:59:17:5917] [[31merror[39m]: [31mRedis connection error: Error: connect ECONNREFUSED 127.0.0.1:6379[39m
[2026-06-25 11:59:19:5919] [[31merror[39m]: [31mRedis connection error: Error: connect ECONNREFUSED 127.0.0.1:6379[39m
[2026-06-25 11:59:21:5921] [[31merror[39m]: [31mRedis connection error: Error: connect ECONNREFUSED 127.0.0.1:6379[39m
[2026-06-25 11:59:23:5923] [[31merror[39m]: [31mRedis connection error: Error: connect ECONNREFUSED 127.0.0.1:6379[39m
[2026-06-25 11:59:25:5925] [[31merror[39m]: [31mRedis connection error: Error: connect ECONNREFUSED 127.0.0.1:6379[39m
[2026-06-25 11:59:27:5927] [[31merror[39m]: [31mRedis connection error: Error: connect ECONNREFUSED 127.0.0.1:6379[39m
[2026-06-25 11:59:29:5929] [[31merror[39m]: [31mRedis connection error: Error: connect ECONNREFUSED 127.0.0.1:6379[39m
[2026-06-25 11:59:31:5931] [[31merror[39m]: [31mRedis connection error: Error: connect ECONNREFUSED 127.0.0.1:6379[39m
[2026-06-25 11:59:33:5933] [[31merror[39m]: [31mRedis connection error: Error: connect ECONNREFUSED 127.0.0.1:6379[39m
[2026-06-25 11:59:35:5935] [[31merror[39m]: [31mRedis connection error: Error: connect ECONNREFUSED 127.0.0.1:6379[39m
[2026-06-25 11:59:38:5938] [[31merror[39m]: [31mRedis connection error: Error: connect ECONNREFUSED 127.0.0.1:6379[39m
[2026-06-25 11:59:40:5940] [[31merror[39m]: [31mRedis connection error: Error: connect ECONNREFUSED 127.0.0.1:6379[39m
[2026-06-25 11:59:42:5942] [[31merror[39m]: [31mRedis connection error: Error: connect ECONNREFUSED 127.0.0.1:6379[39m
[2026-06-25 11:59:44:5944] [[31merror[39m]: [31mRedis connection error: Error: connect ECONNREFUSED 127.0.0.1:6379[39m
[2026-06-25 11:59:46:5946] [[31merror[39m]: [31mRedis connection error: Error: connect ECONNREFUSED 127.0.0.1:6379[39m
[2026-06-25 11:59:48:5948] [[31merror[39m]: [31mRedis connection error: Error: connect ECONNREFUSED 127.0.0.1:6379[39m
[2026-06-25 11:59:50:5950] [[31merror[39m]: [31mRedis connection error: Error: connect ECONNREFUSED 127.0.0.1:6379[39m
[2026-06-25 11:59:52:5952] [[31merror[39m]: [31mRedis connection error: Error: connect ECONNREFUSED 127.0.0.1:6379[39m
[2026-06-25 11:59:54:5954] [[31merror[39m]: [31mRedis connection error: Error: connect ECONNREFUSED 127.0.0.1:6379[39m
[2026-06-25 11:59:56:5956] [[31merror[39m]: [31mRedis connection error: Error: connect ECONNREFUSED 127.0.0.1:6379[39m
[2026-06-25 11:59:58:5958] [[31merror[39m]: [31mRedis connection error: Error: connect ECONNREFUSED 127.0.0.1:6379[39m
[2026-06-25 12:00:00:00] [[31merror[39m]: [31mRedis connection error: Error: connect ECONNREFUSED 127.0.0.1:6379[39m
[2026-06-25 12:00:02:02] [[31merror[39m]: [31mRedis connection error: Error: connect ECONNREFUSED 127.0.0.1:6379[39m
[2026-06-25 12:00:04:04] [[31merror[39m]: [31mRedis connection error: Error: connect ECONNREFUSED 127.0.0.1:6379[39m
[2026-06-25 12:00:06:06] [[31merror[39m]: [31mRedis connection error: Error: connect ECONNREFUSED 127.0.0.1:6379[39m
[2026-06-25 12:00:08:08] [[31merror[39m]: [31mRedis connection error: Error: connect ECONNREFUSED 127.0.0.1:6379[39m
[2026-06-25 12:00:10:010] [[31merror[39m]: [31mRedis connection error: Error: connect ECONNREFUSED 127.0.0.1:6379[39m
[2026-06-25 12:00:12:012] [[31merror[39m]: [31mRedis connection error: Error: connect ECONNREFUSED 127.0.0.1:6379[39m
[2026-06-25 12:00:14:014] [[31merror[39m]: [31mRedis connection error: Error: connect ECONNREFUSED 127.0.0.1:6379[39m
[2026-06-25 12:00:16:016] [[31merror[39m]: [31mRedis connection error: Error: connect ECONNREFUSED 127.0.0.1:6379[39m
[2026-06-25 12:00:18:018] [[31merror[39m]: [31mRedis connection error: Error: connect ECONNREFUSED 127.0.0.1:6379[39m
[2026-06-25 12:00:20:020] [[31merror[39m]: [31mRedis connection error: Error: connect ECONNREFUSED 127.0.0.1:6379[39m
[2026-06-25 12:00:22:022] [[31merror[39m]: [31mRedis connection error: Error: connect ECONNREFUSED 127.0.0.1:6379[39m
[2026-06-25 12:00:24:024] [[31merror[39m]: [31mRedis connection error: Error: connect ECONNREFUSED 127.0.0.1:6379[39m
[2026-06-25 12:00:26:026] [[31merror[39m]: [31mRedis connection error: Error: connect ECONNREFUSED 127.0.0.1:6379[39m
[2026-06-25 12:00:28:028] [[31merror[39m]: [31mRedis connection error: Error: connect ECONNREFUSED 127.0.0.1:6379[39m
[2026-06-25 12:00:30:030] [[31merror[39m]: [31mRedis connection error: Error: connect ECONNREFUSED 127.0.0.1:6379[39m
[2026-06-25 12:00:32:032] [[31merror[39m]: [31mRedis connection error: Error: connect ECONNREFUSED 127.0.0.1:6379[39m
[2026-06-25 12:00:34:034] [[31merror[39m]: [31mRedis connection error: Error: connect ECONNREFUSED 127.0.0.1:6379[39m
[2026-06-25 12:00:36:036] [[31merror[39m]: [31mRedis connection error: Error: connect ECONNREFUSED 127.0.0.1:6379[39m
[2026-06-25 12:00:38:038] [[31merror[39m]: [31mRedis connection error: Error: connect ECONNREFUSED 127.0.0.1:6379[39m
[2026-06-25 12:00:40:040] [[31merror[39m]: [31mRedis connection error: Error: connect ECONNREFUSED 127.0.0.1:6379[39m
[2026-06-25 12:00:42:042] [[31merror[39m]: [31mRedis connection error: Error: connect ECONNREFUSED 127.0.0.1:6379[39m
[2026-06-25 12:00:44:044] [[31merror[39m]: [31mRedis connection error: Error: connect ECONNREFUSED 127.0.0.1:6379[39m
[2026-06-25 12:00:46:046] [[31merror[39m]: [31mRedis connection error: Error: connect ECONNREFUSED 127.0.0.1:6379[39m
[2026-06-25 12:00:48:048] [[31merror[39m]: [31mRedis connection error: Error: connect ECONNREFUSED 127.0.0.1:6379[39m
[2026-06-25 12:00:50:050] [[31merror[39m]: [31mRedis connection error: Error: connect ECONNREFUSED 127.0.0.1:6379[39m
[2026-06-25 12:00:52:052] [[31merror[39m]: [31mRedis connection error: Error: connect ECONNREFUSED 127.0.0.1:6379[39m
[2026-06-25 12:00:54:054] [[31merror[39m]: [31mRedis connection error: Error: connect ECONNREFUSED 127.0.0.1:6379[39m
[2026-06-25 12:00:56:056] [[31merror[39m]: [31mRedis connection error: Error: connect ECONNREFUSED 127.0.0.1:6379[39m
[2026-06-25 12:00:58:058] [[31merror[39m]: [31mRedis connection error: Error: connect ECONNREFUSED 127.0.0.1:6379[39m
[2026-06-25 12:01:00:10] [[31merror[39m]: [31mRedis connection error: Error: connect ECONNREFUSED 127.0.0.1:6379[39m
[2026-06-25 12:01:02:12] [[31merror[39m]: [31mRedis connection error: Error: connect ECONNREFUSED 127.0.0.1:6379[39m
[2026-06-25 12:01:04:14] [[31merror[39m]: [31mRedis connection error: Error: connect ECONNREFUSED 127.0.0.1:6379[39m
[2026-06-25 12:01:06:16] [[31merror[39m]: [31mRedis connection error: Error: connect ECONNREFUSED 127.0.0.1:6379[39m
[2026-06-25 12:01:08:18] [[31merror[39m]: [31mRedis connection error: Error: connect ECONNREFUSED 127.0.0.1:6379[39m
[2026-06-25 12:01:10:110] [[31merror[39m]: [31mRedis connection error: Error: connect ECONNREFUSED 127.0.0.1:6379[39m
[2026-06-25 12:01:12:112] [[31merror[39m]: [31mRedis connection error: Error: connect ECONNREFUSED 127.0.0.1:6379[39m
[2026-06-25 12:01:14:114] [[31merror[39m]: [31mRedis connection error: Error: connect ECONNREFUSED 127.0.0.1:6379[39m
[2026-06-25 12:01:16:116] [[31merror[39m]: [31mRedis connection error: Error: connect ECONNREFUSED 127.0.0.1:6379[39m
[2026-06-25 12:01:18:118] [[31merror[39m]: [31mRedis connection error: Error: connect ECONNREFUSED 127.0.0.1:6379[39m
[2026-06-25 12:01:20:120] [[31merror[39m]: [31mRedis connection error: Error: connect ECONNREFUSED 127.0.0.1:6379[39m
[2026-06-25 12:01:22:122] [[31merror[39m]: [31mRedis connection error: Error: connect ECONNREFUSED 127.0.0.1:6379[39m
[2026-06-25 12:01:24:124] [[31merror[39m]: [31mRedis connection error: Error: connect ECONNREFUSED 127.0.0.1:6379[39m
[2026-06-25 12:01:26:126] [[31merror[39m]: [31mRedis connection error: Error: connect ECONNREFUSED 127.0.0.1:6379[39m
[2026-06-25 12:01:28:128] [[31merror[39m]: [31mRedis connection error: Error: connect ECONNREFUSED 127.0.0.1:6379[39m
[2026-06-25 12:01:30:130] [[31merror[39m]: [31mRedis connection error: Error: connect ECONNREFUSED 127.0.0.1:6379[39m
[2026-06-25 12:01:32:132] [[31merror[39m]: [31mRedis connection error: Error: connect ECONNREFUSED 127.0.0.1:6379[39m
[2026-06-25 12:01:34:134] [[31merror[39m]: [31mRedis connection error: Error: connect ECONNREFUSED 127.0.0.1:6379[39m
[2026-06-25 12:01:36:136] [[31merror[39m]: [31mRedis connection error: Error: connect ECONNREFUSED 127.0.0.1:6379[39m
[2026-06-25 12:01:38:138] [[31merror[39m]: [31mRedis connection error: Error: connect ECONNREFUSED 127.0.0.1:6379[39m
[2026-06-25 12:01:40:140] [[31merror[39m]: [31mRedis connection error: Error: connect ECONNREFUSED 127.0.0.1:6379[39m
[2026-06-25 12:01:42:142] [[31merror[39m]: [31mRedis connection error: Error: connect ECONNREFUSED 127.0.0.1:6379[39m
[2026-06-25 12:01:44:144] [[31merror[39m]: [31mRedis connection error: Error: connect ECONNREFUSED 127.0.0.1:6379[39m
[2026-06-25 12:01:46:146] [[31merror[39m]: [31mRedis connection error: Error: connect ECONNREFUSED 127.0.0.1:6379[39m
[2026-06-25 12:01:48:148] [[31merror[39m]: [31mRedis connection error: Error: connect ECONNREFUSED 127.0.0.1:6379[39m
[2026-06-25 12:01:50:150] [[31merror[39m]: [31mRedis connection error: Error: connect ECONNREFUSED 127.0.0.1:6379[39m
[2026-06-25 12:01:52:152] [[31merror[39m]: [31mRedis connection error: Error: connect ECONNREFUSED 127.0.0.1:6379[39m
[2026-06-25 12:01:54:154] [[31merror[39m]: [31mRedis connection error: Error: connect ECONNREFUSED 127.0.0.1:6379[39m
[2026-06-25 12:01:56:156] [[31merror[39m]: [31mRedis connection error: Error: connect ECONNREFUSED 127.0.0.1:6379[39m
[2026-06-25 12:01:58:158] [[31merror[39m]: [31mRedis connection error: Error: connect ECONNREFUSED 127.0.0.1:6379[39m
[2026-06-25 12:02:00:20] [[31merror[39m]: [31mRedis connection error: Error: connect ECONNREFUSED 127.0.0.1:6379[39m
[2026-06-25 12:02:02:22] [[31merror[39m]: [31mRedis connection error: Error: connect ECONNREFUSED 127.0.0.1:6379[39m
[2026-06-25 12:02:04:24] [[31merror[39m]: [31mRedis connection error: Error: connect ECONNREFUSED 127.0.0.1:6379[39m
[2026-06-25 12:02:06:26] [[31merror[39m]: [31mRedis connection error: Error: connect ECONNREFUSED 127.0.0.1:6379[39m
[2026-06-25 12:02:08:28] [[31merror[39m]: [31mRedis connection error: Error: connect ECONNREFUSED 127.0.0.1:6379[39m
[2026-06-25 12:02:10:210] [[31merror[39m]: [31mRedis connection error: Error: connect ECONNREFUSED 127.0.0.1:6379[39m
[2026-06-25 12:02:12:212] [[31merror[39m]: [31mRedis connection error: Error: connect ECONNREFUSED 127.0.0.1:6379[39m
[2026-06-25 12:02:14:214] [[31merror[39m]: [31mRedis connection error: Error: connect ECONNREFUSED 127.0.0.1:6379[39m
[2026-06-25 12:02:16:216] [[31merror[39m]: [31mRedis connection error: Error: connect ECONNREFUSED 127.0.0.1:6379[39m
[2026-06-25 12:02:18:218] [[31merror[39m]: [31mRedis connection error: Error: connect ECONNREFUSED 127.0.0.1:6379[39m
[2026-06-25 12:02:20:220] [[31merror[39m]: [31mRedis connection error: Error: connect ECONNREFUSED 127.0.0.1:6379[39m
[2026-06-25 12:02:22:222] [[31merror[39m]: [31mRedis connection error: Error: connect ECONNREFUSED 127.0.0.1:6379[39m
[2026-06-25 12:02:24:224] [[31merror[39m]: [31mRedis connection error: Error: connect ECONNREFUSED 127.0.0.1:6379[39m
[2026-06-25 12:02:26:226] [[31merror[39m]: [31mRedis connection error: Error: connect ECONNREFUSED 127.0.0.1:6379[39m
[2026-06-25 12:02:28:228] [[31merror[39m]: [31mRedis connection error: Error: connect ECONNREFUSED 127.0.0.1:6379[39m
[2026-06-25 12:02:31:231] [[31merror[39m]: [31mRedis connection error: Error: connect ECONNREFUSED 127.0.0.1:6379[39m
[2026-06-25 12:02:33:233] [[31merror[39m]: [31mRedis connection error: Error: connect ECONNREFUSED 127.0.0.1:6379[39m
[2026-06-25 12:02:35:235] [[31merror[39m]: [31mRedis connection error: Error: connect ECONNREFUSED 127.0.0.1:6379[39m
[2026-06-25 12:02:37:237] [[31merror[39m]: [31mRedis connection error: Error: connect ECONNREFUSED 127.0.0.1:6379[39m
[2026-06-25 12:02:39:239] [[31merror[39m]: [31mRedis connection error: Error: connect ECONNREFUSED 127.0.0.1:6379[39m
[2026-06-25 12:02:41:241] [[31merror[39m]: [31mRedis connection error: Error: connect ECONNREFUSED 127.0.0.1:6379[39m
[2026-06-25 12:02:43:243] [[31merror[39m]: [31mRedis connection error: Error: connect ECONNREFUSED 127.0.0.1:6379[39m
[2026-06-25 12:02:45:245] [[31merror[39m]: [31mRedis connection error: Error: connect ECONNREFUSED 127.0.0.1:6379[39m
[2026-06-25 12:02:47:247] [[31merror[39m]: [31mRedis connection error: Error: connect ECONNREFUSED 127.0.0.1:6379[39m
[2026-06-25 12:02:49:249] [[31merror[39m]: [31mRedis connection error: Error: connect ECONNREFUSED 127.0.0.1:6379[39m
[2026-06-25 12:02:51:251] [[31merror[39m]: [31mRedis connection error: Error: connect ECONNREFUSED 127.0.0.1:6379[39m
[2026-06-25 12:02:53:253] [[31merror[39m]: [31mRedis connection error: Error: connect ECONNREFUSED 127.0.0.1:6379[39m
[2026-06-25 12:02:55:255] [[31merror[39m]: [31mRedis connection error: Error: connect ECONNREFUSED 127.0.0.1:6379[39m
[2026-06-25 12:02:57:257] [[31merror[39m]: [31mRedis connection error: Error: connect ECONNREFUSED 127.0.0.1:6379[39m
[2026-06-25 12:02:59:259] [[31merror[39m]: [31mRedis connection error: Error: connect ECONNREFUSED 127.0.0.1:6379[39m
[2026-06-25 12:03:01:31] [[31merror[39m]: [31mRedis connection error: Error: connect ECONNREFUSED 127.0.0.1:6379[39m
[2026-06-25 12:03:03:33] [[31merror[39m]: [31mRedis connection error: Error: connect ECONNREFUSED 127.0.0.1:6379[39m
[2026-06-25 12:03:05:35] [[31merror[39m]: [31mRedis connection error: Error: connect ECONNREFUSED 127.0.0.1:6379[39m
[2026-06-25 12:03:07:37] [[31merror[39m]: [31mRedis connection error: Error: connect ECONNREFUSED 127.0.0.1:6379[39m
[2026-06-25 12:03:09:39] [[31merror[39m]: [31mRedis connection error: Error: connect ECONNREFUSED 127.0.0.1:6379[39m
[2026-06-25 12:03:11:311] [[31merror[39m]: [31mRedis connection error: Error: connect ECONNREFUSED 127.0.0.1:6379[39m
[2026-06-25 12:03:13:313] [[31merror[39m]: [31mRedis connection error: Error: connect ECONNREFUSED 127.0.0.1:6379[39m
[2026-06-25 12:03:15:315] [[31merror[39m]: [31mRedis connection error: Error: connect ECONNREFUSED 127.0.0.1:6379[39m
[2026-06-25 12:03:17:317] [[31merror[39m]: [31mRedis connection error: Error: connect ECONNREFUSED 127.0.0.1:6379[39m
[2026-06-25 12:03:19:319] [[31merror[39m]: [31mRedis connection error: Error: connect ECONNREFUSED 127.0.0.1:6379[39m
[2026-06-25 12:03:21:321] [[31merror[39m]: [31mRedis connection error: Error: connect ECONNREFUSED 127.0.0.1:6379[39m
[2026-06-25 12:03:23:323] [[31merror[39m]: [31mRedis connection error: Error: connect ECONNREFUSED 127.0.0.1:6379[39m
[2026-06-25 12:03:25:325] [[31merror[39m]: [31mRedis connection error: Error: connect ECONNREFUSED 127.0.0.1:6379[39m
[2026-06-25 12:03:27:327] [[31merror[39m]: [31mRedis connection error: Error: connect ECONNREFUSED 127.0.0.1:6379[39m
[2026-06-25 12:03:29:329] [[31merror[39m]: [31mRedis connection error: Error: connect ECONNREFUSED 127.0.0.1:6379[39m
[2026-06-25 12:03:31:331] [[31merror[39m]: [31mRedis connection error: Error: connect ECONNREFUSED 127.0.0.1:6379[39m
[2026-06-25 12:03:33:333] [[31merror[39m]: [31mRedis connection error: Error: connect ECONNREFUSED 127.0.0.1:6379[39m
[2026-06-25 12:03:35:335] [[31merror[39m]: [31mRedis connection error: Error: connect ECONNREFUSED 127.0.0.1:6379[39m
[2026-06-25 12:03:37:337] [[31merror[39m]: [31mRedis connection error: Error: connect ECONNREFUSED 127.0.0.1:6379[39m
[2026-06-25 12:03:39:339] [[31merror[39m]: [31mRedis connection error: Error: connect ECONNREFUSED 127.0.0.1:6379[39m
[2026-06-25 12:03:41:341] [[31merror[39m]: [31mRedis connection error: Error: connect ECONNREFUSED 127.0.0.1:6379[39m
[2026-06-25 12:03:43:343] [[31merror[39m]: [31mRedis connection error: Error: connect ECONNREFUSED 127.0.0.1:6379[39m
[2026-06-25 12:03:45:345] [[31merror[39m]: [31mRedis connection error: Error: connect ECONNREFUSED 127.0.0.1:6379[39m
[2026-06-25 12:03:47:347] [[31merror[39m]: [31mRedis connection error: Error: connect ECONNREFUSED 127.0.0.1:6379[39m
[2026-06-25 12:03:49:349] [[31merror[39m]: [31mRedis connection error: Error: connect ECONNREFUSED 127.0.0.1:6379[39m
[2026-06-25 12:03:51:351] [[31merror[39m]: [31mRedis connection error: Error: connect ECONNREFUSED 127.0.0.1:6379[39m
[2026-06-25 12:03:53:353] [[31merror[39m]: [31mRedis connection error: Error: connect ECONNREFUSED 127.0.0.1:6379[39m
[2026-06-25 12:03:55:355] [[31merror[39m]: [31mRedis connection error: Error: connect ECONNREFUSED 127.0.0.1:6379[39m
[2026-06-25 12:03:57:357] [[31merror[39m]: [31mRedis connection error: Error: connect ECONNREFUSED 127.0.0.1:6379[39m
[2026-06-25 12:03:59:359] [[31merror[39m]: [31mRedis connection error: Error: connect ECONNREFUSED 127.0.0.1:6379[39m
[2026-06-25 12:04:01:41] [[31merror[39m]: [31mRedis connection error: Error: connect ECONNREFUSED 127.0.0.1:6379[39m
[2026-06-25 12:04:03:43] [[31merror[39m]: [31mRedis connection error: Error: connect ECONNREFUSED 127.0.0.1:6379[39m
[2026-06-25 12:04:05:45] [[31merror[39m]: [31mRedis connection error: Error: connect ECONNREFUSED 127.0.0.1:6379[39m
[2026-06-25 12:04:07:47] [[31merror[39m]: [31mRedis connection error: Error: connect ECONNREFUSED 127.0.0.1:6379[39m
[2026-06-25 12:04:09:49] [[31merror[39m]: [31mRedis connection error: Error: connect ECONNREFUSED 127.0.0.1:6379[39m
[2026-06-25 12:04:11:411] [[31merror[39m]: [31mRedis connection error: Error: connect ECONNREFUSED 127.0.0.1:6379[39m
[2026-06-25 12:04:13:413] [[31merror[39m]: [31mRedis connection error: Error: connect ECONNREFUSED 127.0.0.1:6379[39m
[2026-06-25 12:04:15:415] [[31merror[39m]: [31mRedis connection error: Error: connect ECONNREFUSED 127.0.0.1:6379[39m
[2026-06-25 12:04:17:417] [[31merror[39m]: [31mRedis connection error: Error: connect ECONNREFUSED 127.0.0.1:6379[39m
[2026-06-25 12:04:19:419] [[31merror[39m]: [31mRedis connection error: Error: connect ECONNREFUSED 127.0.0.1:6379[39m
[2026-06-25 12:04:21:421] [[31merror[39m]: [31mRedis connection error: Error: connect ECONNREFUSED 127.0.0.1:6379[39m
[2026-06-25 12:04:23:423] [[31merror[39m]: [31mRedis connection error: Error: connect ECONNREFUSED 127.0.0.1:6379[39m
[2026-06-25 12:04:25:425] [[31merror[39m]: [31mRedis connection error: Error: connect ECONNREFUSED 127.0.0.1:6379[39m
[2026-06-25 12:04:27:427] [[31merror[39m]: [31mRedis connection error: Error: connect ECONNREFUSED 127.0.0.1:6379[39m
[2026-06-25 12:04:29:429] [[31merror[39m]: [31mRedis connection error: Error: connect ECONNREFUSED 127.0.0.1:6379[39m
[2026-06-25 12:04:31:431] [[31merror[39m]: [31mRedis connection error: Error: connect ECONNREFUSED 127.0.0.1:6379[39m
[2026-06-25 12:04:33:433] [[31merror[39m]: [31mRedis connection error: Error: connect ECONNREFUSED 127.0.0.1:6379[39m
[2026-06-25 12:04:35:435] [[31merror[39m]: [31mRedis connection error: Error: connect ECONNREFUSED 127.0.0.1:6379[39m
[2026-06-25 12:04:37:437] [[31merror[39m]: [31mRedis connection error: Error: connect ECONNREFUSED 127.0.0.1:6379[39m
[2026-06-25 12:04:39:439] [[31merror[39m]: [31mRedis connection error: Error: connect ECONNREFUSED 127.0.0.1:6379[39m
[2026-06-25 12:04:41:441] [[31merror[39m]: [31mRedis connection error: Error: connect ECONNREFUSED 127.0.0.1:6379[39m
[2026-06-25 12:04:43:443] [[31merror[39m]: [31mRedis connection error: Error: connect ECONNREFUSED 127.0.0.1:6379[39m
[2026-06-25 12:04:45:445] [[31merror[39m]: [31mRedis connection error: Error: connect ECONNREFUSED 127.0.0.1:6379[39m
[2026-06-25 12:04:47:447] [[31merror[39m]: [31mRedis connection error: Error: connect ECONNREFUSED 127.0.0.1:6379[39m
[2026-06-25 12:04:49:449] [[31merror[39m]: [31mRedis connection error: Error: connect ECONNREFUSED 127.0.0.1:6379[39m
[2026-06-25 12:04:51:451] [[31merror[39m]: [31mRedis connection error: Error: connect ECONNREFUSED 127.0.0.1:6379[39m
[2026-06-25 12:04:53:453] [[31merror[39m]: [31mRedis connection error: Error: connect ECONNREFUSED 127.0.0.1:6379[39m
[2026-06-25 12:04:55:455] [[31merror[39m]: [31mRedis connection error: Error: connect ECONNREFUSED 127.0.0.1:6379[39m
[2026-06-25 12:04:57:457] [[31merror[39m]: [31mRedis connection error: Error: connect ECONNREFUSED 127.0.0.1:6379[39m
[2026-06-25 12:04:59:459] [[31merror[39m]: [31mRedis connection error: Error: connect ECONNREFUSED 127.0.0.1:6379[39m
[2026-06-25 12:05:01:51] [[31merror[39m]: [31mRedis connection error: Error: connect ECONNREFUSED 127.0.0.1:6379[39m
[2026-06-25 12:05:03:53] [[31merror[39m]: [31mRedis connection error: Error: connect ECONNREFUSED 127.0.0.1:6379[39m
[2026-06-25 12:05:05:55] [[31merror[39m]: [31mRedis connection error: Error: connect ECONNREFUSED 127.0.0.1:6379[39m
[2026-06-25 12:05:07:57] [[31merror[39m]: [31mRedis connection error: Error: connect ECONNREFUSED 127.0.0.1:6379[39m
[2026-06-25 12:05:09:59] [[31merror[39m]: [31mRedis connection error: Error: connect ECONNREFUSED 127.0.0.1:6379[39m
[2026-06-25 12:05:11:511] [[31merror[39m]: [31mRedis connection error: Error: connect ECONNREFUSED 127.0.0.1:6379[39m
[2026-06-25 12:05:13:513] [[31merror[39m]: [31mRedis connection error: Error: connect ECONNREFUSED 127.0.0.1:6379[39m
[2026-06-25 12:05:15:515] [[31merror[39m]: [31mRedis connection error: Error: connect ECONNREFUSED 127.0.0.1:6379[39m
[2026-06-25 12:05:17:517] [[31merror[39m]: [31mRedis connection error: Error: connect ECONNREFUSED 127.0.0.1:6379[39m
[2026-06-25 12:05:19:519] [[31merror[39m]: [31mRedis connection error: Error: connect ECONNREFUSED 127.0.0.1:6379[39m
[2026-06-25 12:05:21:521] [[31merror[39m]: [31mRedis connection error: Error: connect ECONNREFUSED 127.0.0.1:6379[39m
[2026-06-25 12:05:23:523] [[31merror[39m]: [31mRedis connection error: Error: connect ECONNREFUSED 127.0.0.1:6379[39m
[2026-06-25 12:05:25:525] [[31merror[39m]: [31mRedis connection error: Error: connect ECONNREFUSED 127.0.0.1:6379[39m
[2026-06-25 12:05:27:527] [[31merror[39m]: [31mRedis connection error: Error: connect ECONNREFUSED 127.0.0.1:6379[39m
[2026-06-25 12:05:30:530] [[31merror[39m]: [31mRedis connection error: Error: connect ECONNREFUSED 127.0.0.1:6379[39m
[2026-06-25 12:05:32:532] [[31merror[39m]: [31mRedis connection error: Error: connect ECONNREFUSED 127.0.0.1:6379[39m
[2026-06-25 12:05:34:534] [[31merror[39m]: [31mRedis connection error: Error: connect ECONNREFUSED 127.0.0.1:6379[39m
[2026-06-25 12:05:36:536] [[31merror[39m]: [31mRedis connection error: Error: connect ECONNREFUSED 127.0.0.1:6379[39m
[2026-06-25 12:05:38:538] [[31merror[39m]: [31mRedis connection error: Error: connect ECONNREFUSED 127.0.0.1:6379[39m
[2026-06-25 12:05:40:540] [[31merror[39m]: [31mRedis connection error: Error: connect ECONNREFUSED 127.0.0.1:6379[39m
[2026-06-25 12:05:42:542] [[31merror[39m]: [31mRedis connection error: Error: connect ECONNREFUSED 127.0.0.1:6379[39m
[2026-06-25 12:05:44:544] [[31merror[39m]: [31mRedis connection error: Error: connect ECONNREFUSED 127.0.0.1:6379[39m
[2026-06-25 12:05:46:546] [[31merror[39m]: [31mRedis connection error: Error: connect ECONNREFUSED 127.0.0.1:6379[39m
[2026-06-25 12:05:48:548] [[31merror[39m]: [31mRedis connection error: Error: connect ECONNREFUSED 127.0.0.1:6379[39m
[2026-06-25 12:05:50:550] [[31merror[39m]: [31mRedis connection error: Error: connect ECONNREFUSED 127.0.0.1:6379[39m
[2026-06-25 12:05:52:552] [[31merror[39m]: [31mRedis connection error: Error: connect ECONNREFUSED 127.0.0.1:6379[39m
[2026-06-25 12:05:54:554] [[31merror[39m]: [31mRedis connection error: Error: connect ECONNREFUSED 127.0.0.1:6379[39m
[2026-06-25 12:05:56:556] [[31merror[39m]: [31mRedis connection error: Error: connect ECONNREFUSED 127.0.0.1:6379[39m
[2026-06-25 12:05:58:558] [[31merror[39m]: [31mRedis connection error: Error: connect ECONNREFUSED 127.0.0.1:6379[39m
[2026-06-25 12:06:00:60] [[31merror[39m]: [31mRedis connection error: Error: connect ECONNREFUSED 127.0.0.1:6379[39m
[2026-06-25 12:06:02:62] [[31merror[39m]: [31mRedis connection error: Error: connect ECONNREFUSED 127.0.0.1:6379[39m
[2026-06-25 12:06:04:64] [[31merror[39m]: [31mRedis connection error: Error: connect ECONNREFUSED 127.0.0.1:6379[39m
[2026-06-25 12:06:06:66] [[31merror[39m]: [31mRedis connection error: Error: connect ECONNREFUSED 127.0.0.1:6379[39m
[2026-06-25 12:06:08:68] [[31merror[39m]: [31mRedis connection error: Error: connect ECONNREFUSED 127.0.0.1:6379[39m
[2026-06-25 12:06:10:610] [[31merror[39m]: [31mRedis connection error: Error: connect ECONNREFUSED 127.0.0.1:6379[39m
[2026-06-25 12:06:12:612] [[31merror[39m]: [31mRedis connection error: Error: connect ECONNREFUSED 127.0.0.1:6379[39m
[2026-06-25 12:06:14:614] [[31merror[39m]: [31mRedis connection error: Error: connect ECONNREFUSED 127.0.0.1:6379[39m
[2026-06-25 12:06:16:616] [[31merror[39m]: [31mRedis connection error: Error: connect ECONNREFUSED 127.0.0.1:6379[39m
[2026-06-25 12:06:18:618] [[31merror[39m]: [31mRedis connection error: Error: connect ECONNREFUSED 127.0.0.1:6379[39m
[2026-06-25 12:06:20:620] [[31merror[39m]: [31mRedis connection error: Error: connect ECONNREFUSED 127.0.0.1:6379[39m
[2026-06-25 12:06:22:622] [[31merror[39m]: [31mRedis connection error: Error: connect ECONNREFUSED 127.0.0.1:6379[39m
[2026-06-25 12:06:24:624] [[31merror[39m]: [31mRedis connection error: Error: connect ECONNREFUSED 127.0.0.1:6379[39m
[2026-06-25 12:06:26:626] [[31merror[39m]: [31mRedis connection error: Error: connect ECONNREFUSED 127.0.0.1:6379[39m
[2026-06-25 12:06:28:628] [[31merror[39m]: [31mRedis connection error: Error: connect ECONNREFUSED 127.0.0.1:6379[39m
[2026-06-25 12:06:30:630] [[31merror[39m]: [31mRedis connection error: Error: connect ECONNREFUSED 127.0.0.1:6379[39m
[2026-06-25 12:06:32:632] [[31merror[39m]: [31mRedis connection error: Error: connect ECONNREFUSED 127.0.0.1:6379[39m
[2026-06-25 12:06:34:634] [[31merror[39m]: [31mRedis connection error: Error: connect ECONNREFUSED 127.0.0.1:6379[39m
[2026-06-25 12:06:36:636] [[31merror[39m]: [31mRedis connection error: Error: connect ECONNREFUSED 127.0.0.1:6379[39m
[2026-06-25 12:06:38:638] [[31merror[39m]: [31mRedis connection error: Error: connect ECONNREFUSED 127.0.0.1:6379[39m
[2026-06-25 12:06:40:640] [[31merror[39m]: [31mRedis connection error: Error: connect ECONNREFUSED 127.0.0.1:6379[39m
[2026-06-25 12:06:42:642] [[31merror[39m]: [31mRedis connection error: Error: connect ECONNREFUSED 127.0.0.1:6379[39m
[2026-06-25 12:06:44:644] [[31merror[39m]: [31mRedis connection error: Error: connect ECONNREFUSED 127.0.0.1:6379[39m
[2026-06-25 12:06:46:646] [[31merror[39m]: [31mRedis connection error: Error: connect ECONNREFUSED 127.0.0.1:6379[39m
[2026-06-25 12:06:48:648] [[31merror[39m]: [31mRedis connection error: Error: connect ECONNREFUSED 127.0.0.1:6379[39m
[2026-06-25 12:06:50:650] [[31merror[39m]: [31mRedis connection error: Error: connect ECONNREFUSED 127.0.0.1:6379[39m
[2026-06-25 12:06:52:652] [[31merror[39m]: [31mRedis connection error: Error: connect ECONNREFUSED 127.0.0.1:6379[39m
[2026-06-25 12:06:54:654] [[31merror[39m]: [31mRedis connection error: Error: connect ECONNREFUSED 127.0.0.1:6379[39m
[2026-06-25 12:06:56:656] [[31merror[39m]: [31mRedis connection error: Error: connect ECONNREFUSED 127.0.0.1:6379[39m
[2026-06-25 12:06:58:658] [[31merror[39m]: [31mRedis connection error: Error: connect ECONNREFUSED 127.0.0.1:6379[39m
[2026-06-25 12:07:00:70] [[31merror[39m]: [31mRedis connection error: Error: connect ECONNREFUSED 127.0.0.1:6379[39m
[2026-06-25 12:07:02:72] [[31merror[39m]: [31mRedis connection error: Error: connect ECONNREFUSED 127.0.0.1:6379[39m
[2026-06-25 12:07:04:74] [[31merror[39m]: [31mRedis connection error: Error: connect ECONNREFUSED 127.0.0.1:6379[39m
[2026-06-25 12:07:06:76] [[31merror[39m]: [31mRedis connection error: Error: connect ECONNREFUSED 127.0.0.1:6379[39m
[2026-06-25 12:14:53:1453] [[31merror[39m]: [31mRedis connection error: Error: connect ECONNREFUSED 127.0.0.1:6379[39m
[2026-06-25 12:14:55:1455] [[31merror[39m]: [31mRedis connection error: Error: connect ECONNREFUSED 127.0.0.1:6379[39m
[2026-06-25 12:14:57:1457] [[31merror[39m]: [31mRedis connection error: Error: connect ECONNREFUSED 127.0.0.1:6379[39m
[2026-06-25 12:14:59:1459] [[31merror[39m]: [31mRedis connection error: Error: connect ECONNREFUSED 127.0.0.1:6379[39m
[2026-06-25 12:15:01:151] [[31merror[39m]: [31mRedis connection error: Error: connect ECONNREFUSED 127.0.0.1:6379[39m
[2026-06-25 12:15:03:153] [[31merror[39m]: [31mRedis connection error: Error: connect ECONNREFUSED 127.0.0.1:6379[39m
[2026-06-25 12:15:05:155] [[31merror[39m]: [31mRedis connection error: Error: connect ECONNREFUSED 127.0.0.1:6379[39m
[2026-06-25 12:17:00:170] [[31merror[39m]: [31mRedis connection error: Error: connect ECONNREFUSED 127.0.0.1:6379[39m
[2026-06-25 12:17:02:172] [[31merror[39m]: [31mRedis connection error: Error: connect ECONNREFUSED 127.0.0.1:6379[39m
[2026-06-25 12:17:04:174] [[31merror[39m]: [31mRedis connection error: Error: connect ECONNREFUSED 127.0.0.1:6379[39m
[2026-06-25 12:17:06:176] [[31merror[39m]: [31mRedis connection error: Error: connect ECONNREFUSED 127.0.0.1:6379[39m
[2026-06-25 12:17:09:179] [[31merror[39m]: [31mRedis connection error: Error: connect ECONNREFUSED 127.0.0.1:6379[39m
[2026-06-25 12:17:11:1711] [[31merror[39m]: [31mRedis connection error: Error: connect ECONNREFUSED 127.0.0.1:6379[39m
[2026-06-25 12:17:13:1713] [[31merror[39m]: [31mRedis connection error: Error: connect ECONNREFUSED 127.0.0.1:6379[39m
[2026-06-25 12:17:16:1716] [[31merror[39m]: [31mRedis connection error: Error: connect ECONNREFUSED 127.0.0.1:6379[39m
[2026-06-25 12:17:18:1718] [[31merror[39m]: [31mRedis connection error: Error: connect ECONNREFUSED 127.0.0.1:6379[39m
[2026-06-25 12:17:20:1720] [[31merror[39m]: [31mRedis connection error: Error: connect ECONNREFUSED 127.0.0.1:6379[39m
[2026-06-25 12:17:22:1722] [[31merror[39m]: [31mRedis connection error: Error: connect ECONNREFUSED 127.0.0.1:6379[39m
[2026-06-25 12:17:24:1724] [[31merror[39m]: [31mRedis connection error: Error: connect ECONNREFUSED 127.0.0.1:6379[39m
[2026-06-25 12:17:26:1726] [[31merror[39m]: [31mRedis connection error: Error: connect ECONNREFUSED 127.0.0.1:6379[39m
[2026-06-25 12:17:28:1728] [[31merror[39m]: [31mRedis connection error: Error: connect ECONNREFUSED 127.0.0.1:6379[39m
[2026-06-25 12:17:30:1730] [[31merror[39m]: [31mRedis connection error: Error: connect ECONNREFUSED 127.0.0.1:6379[39m
[2026-06-25 12:17:32:1732] [[31merror[39m]: [31mRedis connection error: Error: connect ECONNREFUSED 127.0.0.1:6379[39m
[2026-06-25 12:17:34:1734] [[31merror[39m]: [31mRedis connection error: Error: connect ECONNREFUSED 127.0.0.1:6379[39m
[2026-06-25 12:17:36:1736] [[31merror[39m]: [31mRedis connection error: Error: connect ECONNREFUSED 127.0.0.1:6379[39m
[2026-06-25 12:17:38:1738] [[31merror[39m]: [31mRedis connection error: Error: connect ECONNREFUSED 127.0.0.1:6379[39m
[2026-06-25 12:17:41:1741] [[31merror[39m]: [31mRedis connection error: Error: connect ECONNREFUSED 127.0.0.1:6379[39m
[2026-06-25 12:17:43:1743] [[31merror[39m]: [31mRedis connection error: Error: connect ECONNREFUSED 127.0.0.1:6379[39m
[2026-06-25 12:17:45:1745] [[31merror[39m]: [31mRedis connection error: Error: connect ECONNREFUSED 127.0.0.1:6379[39m
[2026-06-25 12:17:47:1747] [[31merror[39m]: [31mRedis connection error: Error: connect ECONNREFUSED 127.0.0.1:6379[39m
[2026-06-25 12:17:49:1749] [[31merror[39m]: [31mRedis connection error: Error: connect ECONNREFUSED 127.0.0.1:6379[39m
[2026-06-25 12:17:51:1751] [[31merror[39m]: [31mRedis connection error: Error: connect ECONNREFUSED 127.0.0.1:6379[39m
[2026-06-25 12:17:53:1753] [[31merror[39m]: [31mRedis connection error: Error: connect ECONNREFUSED 127.0.0.1:6379[39m
[2026-06-25 12:17:55:1755] [[31merror[39m]: [31mRedis connection error: Error: connect ECONNREFUSED 127.0.0.1:6379[39m
[2026-06-25 12:17:57:1757] [[31merror[39m]: [31mRedis connection error: Error: connect ECONNREFUSED 127.0.0.1:6379[39m
[2026-06-25 12:17:59:1759] [[31merror[39m]: [31mRedis connection error: Error: connect ECONNREFUSED 127.0.0.1:6379[39m
[2026-06-25 12:18:01:181] [[31merror[39m]: [31mRedis connection error: Error: connect ECONNREFUSED 127.0.0.1:6379[39m
[2026-06-25 12:18:03:183] [[31merror[39m]: [31mRedis connection error: Error: connect ECONNREFUSED 127.0.0.1:6379[39m
[2026-06-25 12:18:05:185] [[31merror[39m]: [31mRedis connection error: Error: connect ECONNREFUSED 127.0.0.1:6379[39m
[2026-06-25 12:18:07:187] [[31merror[39m]: [31mRedis connection error: Error: connect ECONNREFUSED 127.0.0.1:6379[39m
[2026-06-25 12:18:09:189] [[31merror[39m]: [31mRedis connection error: Error: connect ECONNREFUSED 127.0.0.1:6379[39m
[2026-06-25 12:18:11:1811] [[31merror[39m]: [31mRedis connection error: Error: connect ECONNREFUSED 127.0.0.1:6379[39m
[2026-06-25 12:18:13:1813] [[31merror[39m]: [31mRedis connection error: Error: connect ECONNREFUSED 127.0.0.1:6379[39m
[2026-06-25 12:18:15:1815] [[31merror[39m]: [31mRedis connection error: Error: connect ECONNREFUSED 127.0.0.1:6379[39m
[2026-06-25 12:18:17:1817] [[31merror[39m]: [31mRedis connection error: Error: connect ECONNREFUSED 127.0.0.1:6379[39m
[2026-06-25 12:18:19:1819] [[31merror[39m]: [31mRedis connection error: Error: connect ECONNREFUSED 127.0.0.1:6379[39m
[2026-06-25 12:18:21:1821] [[31merror[39m]: [31mRedis connection error: Error: connect ECONNREFUSED 127.0.0.1:6379[39m
[2026-06-25 12:18:23:1823] [[31merror[39m]: [31mRedis connection error: Error: connect ECONNREFUSED 127.0.0.1:6379[39m
[2026-06-25 12:18:25:1825] [[31merror[39m]: [31mRedis connection error: Error: connect ECONNREFUSED 127.0.0.1:6379[39m
[2026-06-25 12:18:27:1827] [[31merror[39m]: [31mRedis connection error: Error: connect ECONNREFUSED 127.0.0.1:6379[39m
[2026-06-25 12:18:29:1829] [[31merror[39m]: [31mRedis connection error: Error: connect ECONNREFUSED 127.0.0.1:6379[39m
[2026-06-25 12:18:31:1831] [[31merror[39m]: [31mRedis connection error: Error: connect ECONNREFUSED 127.0.0.1:6379[39m
[2026-06-25 12:18:33:1833] [[31merror[39m]: [31mRedis connection error: Error: connect ECONNREFUSED 127.0.0.1:6379[39m
[2026-06-25 12:18:35:1835] [[31merror[39m]: [31mRedis connection error: Error: connect ECONNREFUSED 127.0.0.1:6379[39m
[2026-06-25 12:18:37:1837] [[31merror[39m]: [31mRedis connection error: Error: connect ECONNREFUSED 127.0.0.1:6379[39m
[2026-06-25 12:18:39:1839] [[31merror[39m]: [31mRedis connection error: Error: connect ECONNREFUSED 127.0.0.1:6379[39m
[2026-06-25 12:18:41:1841] [[31merror[39m]: [31mRedis connection error: Error: connect ECONNREFUSED 127.0.0.1:6379[39m
[2026-06-25 12:18:43:1843] [[31merror[39m]: [31mRedis connection error: Error: connect ECONNREFUSED 127.0.0.1:6379[39m
[2026-06-25 12:18:45:1845] [[31merror[39m]: [31mRedis connection error: Error: connect ECONNREFUSED 127.0.0.1:6379[39m
[2026-06-25 12:18:47:1847] [[31merror[39m]: [31mRedis connection error: Error: connect ECONNREFUSED 127.0.0.1:6379[39m
[2026-06-25 12:18:49:1849] [[31merror[39m]: [31mRedis connection error: Error: connect ECONNREFUSED 127.0.0.1:6379[39m
[2026-06-25 12:18:51:1851] [[31merror[39m]: [31mRedis connection error: Error: connect ECONNREFUSED 127.0.0.1:6379[39m
[2026-06-25 12:18:53:1853] [[31merror[39m]: [31mRedis connection error: Error: connect ECONNREFUSED 127.0.0.1:6379[39m
[2026-06-25 12:18:55:1855] [[31merror[39m]: [31mRedis connection error: Error: connect ECONNREFUSED 127.0.0.1:6379[39m
[2026-06-25 12:18:57:1857] [[31merror[39m]: [31mRedis connection error: Error: connect ECONNREFUSED 127.0.0.1:6379[39m
[2026-06-25 12:18:59:1859] [[31merror[39m]: [31mRedis connection error: Error: connect ECONNREFUSED 127.0.0.1:6379[39m
[2026-06-25 12:19:01:191] [[31merror[39m]: [31mRedis connection error: Error: connect ECONNREFUSED 127.0.0.1:6379[39m
[2026-06-25 12:19:03:193] [[31merror[39m]: [31mRedis connection error: Error: connect ECONNREFUSED 127.0.0.1:6379[39m
[2026-06-25 12:19:05:195] [[31merror[39m]: [31mRedis connection error: Error: connect ECONNREFUSED 127.0.0.1:6379[39m
[2026-06-25 12:19:07:197] [[31merror[39m]: [31mRedis connection error: Error: connect ECONNREFUSED 127.0.0.1:6379[39m
[2026-06-25 12:19:09:199] [[31merror[39m]: [31mRedis connection error: Error: connect ECONNREFUSED 127.0.0.1:6379[39m
[2026-06-25 12:19:11:1911] [[31merror[39m]: [31mRedis connection error: Error: connect ECONNREFUSED 127.0.0.1:6379[39m
[2026-06-25 12:19:13:1913] [[31merror[39m]: [31mRedis connection error: Error: connect ECONNREFUSED 127.0.0.1:6379[39m
[2026-06-25 12:19:15:1915] [[31merror[39m]: [31mRedis connection error: Error: connect ECONNREFUSED 127.0.0.1:6379[39m
[2026-06-25 12:19:17:1917] [[31merror[39m]: [31mRedis connection error: Error: connect ECONNREFUSED 127.0.0.1:6379[39m
[2026-06-25 12:19:19:1919] [[31merror[39m]: [31mRedis connection error: Error: connect ECONNREFUSED 127.0.0.1:6379[39m
[2026-06-25 12:19:21:1921] [[31merror[39m]: [31mRedis connection error: Error: connect ECONNREFUSED 127.0.0.1:6379[39m
[2026-06-25 12:19:23:1923] [[31merror[39m]: [31mRedis connection error: Error: connect ECONNREFUSED 127.0.0.1:6379[39m
[2026-06-25 12:19:25:1925] [[31merror[39m]: [31mRedis connection error: Error: connect ECONNREFUSED 127.0.0.1:6379[39m
[2026-06-25 12:19:27:1927] [[31merror[39m]: [31mRedis connection error: Error: connect ECONNREFUSED 127.0.0.1:6379[39m
[2026-06-25 12:19:30:1930] [[31merror[39m]: [31mRedis connection error: Error: connect ECONNREFUSED 127.0.0.1:6379[39m
[2026-06-25 12:19:32:1932] [[31merror[39m]: [31mRedis connection error: Error: connect ECONNREFUSED 127.0.0.1:6379[39m
[2026-06-25 12:19:34:1934] [[31merror[39m]: [31mRedis connection error: Error: connect ECONNREFUSED 127.0.0.1:6379[39m
[2026-06-25 12:19:36:1936] [[31merror[39m]: [31mRedis connection error: Error: connect ECONNREFUSED 127.0.0.1:6379[39m
[2026-06-25 12:19:38:1938] [[31merror[39m]: [31mRedis connection error: Error: connect ECONNREFUSED 127.0.0.1:6379[39m
[2026-06-25 12:19:40:1940] [[31merror[39m]: [31mRedis connection error: Error: connect ECONNREFUSED 127.0.0.1:6379[39m
[2026-06-25 12:19:42:1942] [[31merror[39m]: [31mRedis connection error: Error: connect ECONNREFUSED 127.0.0.1:6379[39m
[2026-06-25 12:19:44:1944] [[31merror[39m]: [31mRedis connection error: Error: connect ECONNREFUSED 127.0.0.1:6379[39m
[2026-06-25 12:19:46:1946] [[31merror[39m]: [31mRedis connection error: Error: connect ECONNREFUSED 127.0.0.1:6379[39m
[2026-06-25 12:19:48:1948] [[31merror[39m]: [31mRedis connection error: Error: connect ECONNREFUSED 127.0.0.1:6379[39m
[2026-06-25 12:19:50:1950] [[31merror[39m]: [31mRedis connection error: Error: connect ECONNREFUSED 127.0.0.1:6379[39m
[2026-06-25 12:19:52:1952] [[31merror[39m]: [31mRedis connection error: Error: connect ECONNREFUSED 127.0.0.1:6379[39m
[2026-06-25 12:19:54:1954] [[31merror[39m]: [31mRedis connection error: Error: connect ECONNREFUSED 127.0.0.1:6379[39m
[2026-06-25 12:19:56:1956] [[31merror[39m]: [31mRedis connection error: Error: connect ECONNREFUSED 127.0.0.1:6379[39m
[2026-06-25 12:19:58:1958] [[31merror[39m]: [31mRedis connection error: Error: connect ECONNREFUSED 127.0.0.1:6379[39m
[2026-06-25 12:20:00:200] [[31merror[39m]: [31mRedis connection error: Error: connect ECONNREFUSED 127.0.0.1:6379[39m
[2026-06-25 12:20:02:202] [[31merror[39m]: [31mRedis connection error: Error: connect ECONNREFUSED 127.0.0.1:6379[39m
[2026-06-25 12:20:04:204] [[31merror[39m]: [31mRedis connection error: Error: connect ECONNREFUSED 127.0.0.1:6379[39m
[2026-06-25 12:20:06:206] [[31merror[39m]: [31mRedis connection error: Error: connect ECONNREFUSED 127.0.0.1:6379[39m
[2026-06-25 12:20:08:208] [[31merror[39m]: [31mRedis connection error: Error: connect ECONNREFUSED 127.0.0.1:6379[39m
[2026-06-25 12:20:10:2010] [[31merror[39m]: [31mRedis connection error: Error: connect ECONNREFUSED 127.0.0.1:6379[39m
[2026-06-25 12:20:12:2012] [[31merror[39m]: [31mRedis connection error: Error: connect ECONNREFUSED 127.0.0.1:6379[39m
[2026-06-25 12:20:14:2014] [[31merror[39m]: [31mRedis connection error: Error: connect ECONNREFUSED 127.0.0.1:6379[39m
[2026-06-25 12:20:16:2016] [[31merror[39m]: [31mRedis connection error: Error: connect ECONNREFUSED 127.0.0.1:6379[39m
[2026-06-25 12:20:18:2018] [[31merror[39m]: [31mRedis connection error: Error: connect ECONNREFUSED 127.0.0.1:6379[39m
[2026-06-25 12:20:20:2020] [[31merror[39m]: [31mRedis connection error: Error: connect ECONNREFUSED 127.0.0.1:6379[39m
[2026-06-25 12:20:22:2022] [[31merror[39m]: [31mRedis connection error: Error: connect ECONNREFUSED 127.0.0.1:6379[39m
[2026-06-25 12:20:24:2024] [[31merror[39m]: [31mRedis connection error: Error: connect ECONNREFUSED 127.0.0.1:6379[39m
[2026-06-25 12:20:26:2026] [[31merror[39m]: [31mRedis connection error: Error: connect ECONNREFUSED 127.0.0.1:6379[39m
[2026-06-25 12:20:28:2028] [[31merror[39m]: [31mRedis connection error: Error: connect ECONNREFUSED 127.0.0.1:6379[39m
[2026-06-25 12:20:30:2030] [[31merror[39m]: [31mRedis connection error: Error: connect ECONNREFUSED 127.0.0.1:6379[39m
[2026-06-25 12:20:32:2032] [[31merror[39m]: [31mRedis connection error: Error: connect ECONNREFUSED 127.0.0.1:6379[39m
[2026-06-25 12:20:34:2034] [[31merror[39m]: [31mRedis connection error: Error: connect ECONNREFUSED 127.0.0.1:6379[39m
[2026-06-25 12:20:36:2036] [[31merror[39m]: [31mRedis connection error: Error: connect ECONNREFUSED 127.0.0.1:6379[39m
[2026-06-25 12:20:38:2038] [[31merror[39m]: [31mRedis connection error: Error: connect ECONNREFUSED 127.0.0.1:6379[39m
[2026-06-25 12:20:40:2040] [[31merror[39m]: [31mRedis connection error: Error: connect ECONNREFUSED 127.0.0.1:6379[39m
[2026-06-25 12:20:42:2042] [[31merror[39m]: [31mRedis connection error: Error: connect ECONNREFUSED 127.0.0.1:6379[39m
[2026-06-25 12:20:44:2044] [[31merror[39m]: [31mRedis connection error: Error: connect ECONNREFUSED 127.0.0.1:6379[39m
[2026-06-25 12:20:46:2046] [[31merror[39m]: [31mRedis connection error: Error: connect ECONNREFUSED 127.0.0.1:6379[39m
[2026-06-25 12:20:48:2048] [[31merror[39m]: [31mRedis connection error: Error: connect ECONNREFUSED 127.0.0.1:6379[39m
[2026-06-25 12:20:50:2050] [[31merror[39m]: [31mRedis connection error: Error: connect ECONNREFUSED 127.0.0.1:6379[39m
[2026-06-25 12:20:52:2052] [[31merror[39m]: [31mRedis connection error: Error: connect ECONNREFUSED 127.0.0.1:6379[39m
[2026-06-25 12:20:54:2054] [[31merror[39m]: [31mRedis connection error: Error: connect ECONNREFUSED 127.0.0.1:6379[39m
[2026-06-25 12:20:56:2056] [[31merror[39m]: [31mRedis connection error: Error: connect ECONNREFUSED 127.0.0.1:6379[39m
[2026-06-25 12:20:58:2058] [[31merror[39m]: [31mRedis connection error: Error: connect ECONNREFUSED 127.0.0.1:6379[39m
[2026-06-25 12:21:00:210] [[31merror[39m]: [31mRedis connection error: Error: connect ECONNREFUSED 127.0.0.1:6379[39m
[2026-06-25 12:21:02:212] [[31merror[39m]: [31mRedis connection error: Error: connect ECONNREFUSED 127.0.0.1:6379[39m
[2026-06-25 12:21:04:214] [[31merror[39m]: [31mRedis connection error: Error: connect ECONNREFUSED 127.0.0.1:6379[39m
[2026-06-25 12:21:06:216] [[31merror[39m]: [31mRedis connection error: Error: connect ECONNREFUSED 127.0.0.1:6379[39m
[2026-06-25 12:21:08:218] [[31merror[39m]: [31mRedis connection error: Error: connect ECONNREFUSED 127.0.0.1:6379[39m
[2026-06-25 12:21:10:2110] [[31merror[39m]: [31mRedis connection error: Error: connect ECONNREFUSED 127.0.0.1:6379[39m
[2026-06-25 12:21:12:2112] [[31merror[39m]: [31mRedis connection error: Error: connect ECONNREFUSED 127.0.0.1:6379[39m
[2026-06-25 12:21:14:2114] [[31merror[39m]: [31mRedis connection error: Error: connect ECONNREFUSED 127.0.0.1:6379[39m
[2026-06-25 12:21:16:2116] [[31merror[39m]: [31mRedis connection error: Error: connect ECONNREFUSED 127.0.0.1:6379[39m
[2026-06-25 12:21:18:2118] [[31merror[39m]: [31mRedis connection error: Error: connect ECONNREFUSED 127.0.0.1:6379[39m
[2026-06-25 12:21:20:2120] [[31merror[39m]: [31mRedis connection error: Error: connect ECONNREFUSED 127.0.0.1:6379[39m
[2026-06-25 12:21:22:2122] [[31merror[39m]: [31mRedis connection error: Error: connect ECONNREFUSED 127.0.0.1:6379[39m
[2026-06-25 12:21:24:2124] [[31merror[39m]: [31mRedis connection error: Error: connect ECONNREFUSED 127.0.0.1:6379[39m
[2026-06-25 12:21:26:2126] [[31merror[39m]: [31mRedis connection error: Error: connect ECONNREFUSED 127.0.0.1:6379[39m
[2026-06-25 12:21:28:2128] [[31merror[39m]: [31mRedis connection error: Error: connect ECONNREFUSED 127.0.0.1:6379[39m
[2026-06-25 12:21:30:2130] [[31merror[39m]: [31mRedis connection error: Error: connect ECONNREFUSED 127.0.0.1:6379[39m
[2026-06-25 12:21:32:2132] [[31merror[39m]: [31mRedis connection error: Error: connect ECONNREFUSED 127.0.0.1:6379[39m
[2026-06-25 12:21:34:2134] [[31merror[39m]: [31mRedis connection error: Error: connect ECONNREFUSED 127.0.0.1:6379[39m
[2026-06-25 12:21:36:2136] [[31merror[39m]: [31mRedis connection error: Error: connect ECONNREFUSED 127.0.0.1:6379[39m
[2026-06-25 12:21:38:2138] [[31merror[39m]: [31mRedis connection error: Error: connect ECONNREFUSED 127.0.0.1:6379[39m
[2026-06-25 12:21:40:2140] [[31merror[39m]: [31mRedis connection error: Error: connect ECONNREFUSED 127.0.0.1:6379[39m
[2026-06-25 12:21:42:2142] [[31merror[39m]: [31mRedis connection error: Error: connect ECONNREFUSED 127.0.0.1:6379[39m
[2026-06-25 12:21:44:2144] [[31merror[39m]: [31mRedis connection error: Error: connect ECONNREFUSED 127.0.0.1:6379[39m
[2026-06-25 12:21:46:2146] [[31merror[39m]: [31mRedis connection error: Error: connect ECONNREFUSED 127.0.0.1:6379[39m
[2026-06-25 12:21:49:2149] [[31merror[39m]: [31mRedis connection error: Error: connect ECONNREFUSED 127.0.0.1:6379[39m
[2026-06-25 12:21:51:2151] [[31merror[39m]: [31mRedis connection error: Error: connect ECONNREFUSED 127.0.0.1:6379[39m
[2026-06-25 12:21:53:2153] [[31merror[39m]: [31mRedis connection error: Error: connect ECONNREFUSED 127.0.0.1:6379[39m
[2026-06-25 12:21:55:2155] [[31merror[39m]: [31mRedis connection error: Error: connect ECONNREFUSED 127.0.0.1:6379[39m
[2026-06-25 12:21:57:2157] [[31merror[39m]: [31mRedis connection error: Error: connect ECONNREFUSED 127.0.0.1:6379[39m
[2026-06-25 12:21:59:2159] [[31merror[39m]: [31mRedis connection error: Error: connect ECONNREFUSED 127.0.0.1:6379[39m
[2026-06-25 12:22:01:221] [[31merror[39m]: [31mRedis connection error: Error: connect ECONNREFUSED 127.0.0.1:6379[39m
[2026-06-25 12:22:03:223] [[31merror[39m]: [31mRedis connection error: Error: connect ECONNREFUSED 127.0.0.1:6379[39m
[2026-06-25 12:22:05:225] [[31merror[39m]: [31mRedis connection error: Error: connect ECONNREFUSED 127.0.0.1:6379[39m
[2026-06-25 12:22:07:227] [[31merror[39m]: [31mRedis connection error: Error: connect ECONNREFUSED 127.0.0.1:6379[39m
[2026-06-25 12:22:09:229] [[31merror[39m]: [31mRedis connection error: Error: connect ECONNREFUSED 127.0.0.1:6379[39m
[2026-06-25 12:22:11:2211] [[31merror[39m]: [31mRedis connection error: Error: connect ECONNREFUSED 127.0.0.1:6379[39m
[2026-06-25 12:22:13:2213] [[31merror[39m]: [31mRedis connection error: Error: connect ECONNREFUSED 127.0.0.1:6379[39m
[2026-06-25 12:22:15:2215] [[31merror[39m]: [31mRedis connection error: Error: connect ECONNREFUSED 127.0.0.1:6379[39m
[2026-06-25 12:22:17:2217] [[31merror[39m]: [31mRedis connection error: Error: connect ECONNREFUSED 127.0.0.1:6379[39m
[2026-06-25 12:22:19:2219] [[31merror[39m]: [31mRedis connection error: Error: connect ECONNREFUSED 127.0.0.1:6379[39m
[2026-06-25 12:22:21:2221] [[31merror[39m]: [31mRedis connection error: Error: connect ECONNREFUSED 127.0.0.1:6379[39m
[2026-06-25 12:22:23:2223] [[31merror[39m]: [31mRedis connection error: Error: connect ECONNREFUSED 127.0.0.1:6379[39m
[2026-06-25 12:22:25:2225] [[31merror[39m]: [31mRedis connection error: Error: connect ECONNREFUSED 127.0.0.1:6379[39m
[2026-06-25 12:22:27:2227] [[31merror[39m]: [31mRedis connection error: Error: connect ECONNREFUSED 127.0.0.1:6379[39m
[2026-06-25 12:22:29:2229] [[31merror[39m]: [31mRedis connection error: Error: connect ECONNREFUSED 127.0.0.1:6379[39m
[2026-06-25 12:22:31:2231] [[31merror[39m]: [31mRedis connection error: Error: connect ECONNREFUSED 127.0.0.1:6379[39m
[2026-06-25 12:22:33:2233] [[31merror[39m]: [31mRedis connection error: Error: connect ECONNREFUSED 127.0.0.1:6379[39m
[2026-06-25 12:22:35:2235] [[31merror[39m]: [31mRedis connection error: Error: connect ECONNREFUSED 127.0.0.1:6379[39m
[2026-06-25 12:22:37:2237] [[31merror[39m]: [31mRedis connection error: Error: connect ECONNREFUSED 127.0.0.1:6379[39m
[2026-06-25 12:22:39:2239] [[31merror[39m]: [31mRedis connection error: Error: connect ECONNREFUSED 127.0.0.1:6379[39m
[2026-06-25 12:22:41:2241] [[31merror[39m]: [31mRedis connection error: Error: connect ECONNREFUSED 127.0.0.1:6379[39m
[2026-06-25 12:22:43:2243] [[31merror[39m]: [31mRedis connection error: Error: connect ECONNREFUSED 127.0.0.1:6379[39m
[2026-06-25 12:22:45:2245] [[31merror[39m]: [31mRedis connection error: Error: connect ECONNREFUSED 127.0.0.1:6379[39m
[2026-06-25 12:22:47:2247] [[31merror[39m]: [31mRedis connection error: Error: connect ECONNREFUSED 127.0.0.1:6379[39m
[2026-06-25 12:22:49:2249] [[31merror[39m]: [31mRedis connection error: Error: connect ECONNREFUSED 127.0.0.1:6379[39m
[2026-06-25 12:22:51:2251] [[31merror[39m]: [31mRedis connection error: Error: connect ECONNREFUSED 127.0.0.1:6379[39m
[2026-06-25 12:22:53:2253] [[31merror[39m]: [31mRedis connection error: Error: connect ECONNREFUSED 127.0.0.1:6379[39m
[2026-06-25 12:22:55:2255] [[31merror[39m]: [31mRedis connection error: Error: connect ECONNREFUSED 127.0.0.1:6379[39m
[2026-06-25 12:22:57:2257] [[31merror[39m]: [31mRedis connection error: Error: connect ECONNREFUSED 127.0.0.1:6379[39m
[2026-06-25 12:22:59:2259] [[31merror[39m]: [31mRedis connection error: Error: connect ECONNREFUSED 127.0.0.1:6379[39m
[2026-06-25 12:23:01:231] [[31merror[39m]: [31mRedis connection error: Error: connect ECONNREFUSED 127.0.0.1:6379[39m
[2026-06-25 12:23:03:233] [[31merror[39m]: [31mRedis connection error: Error: connect ECONNREFUSED 127.0.0.1:6379[39m
[2026-06-25 12:23:05:235] [[31merror[39m]: [31mRedis connection error: Error: connect ECONNREFUSED 127.0.0.1:6379[39m
[2026-06-25 12:23:07:237] [[31merror[39m]: [31mRedis connection error: Error: connect ECONNREFUSED 127.0.0.1:6379[39m
[2026-06-25 12:23:09:239] [[31merror[39m]: [31mRedis connection error: Error: connect ECONNREFUSED 127.0.0.1:6379[39m
[2026-06-25 12:23:11:2311] [[31merror[39m]: [31mRedis connection error: Error: connect ECONNREFUSED 127.0.0.1:6379[39m
[2026-06-25 12:23:13:2313] [[31merror[39m]: [31mRedis connection error: Error: connect ECONNREFUSED 127.0.0.1:6379[39m
[2026-06-25 12:23:15:2315] [[31merror[39m]: [31mRedis connection error: Error: connect ECONNREFUSED 127.0.0.1:6379[39m
[2026-06-25 12:23:17:2317] [[31merror[39m]: [31mRedis connection error: Error: connect ECONNREFUSED 127.0.0.1:6379[39m
[2026-06-25 12:23:19:2319] [[31merror[39m]: [31mRedis connection error: Error: connect ECONNREFUSED 127.0.0.1:6379[39m
[2026-06-25 12:23:21:2321] [[31merror[39m]: [31mRedis connection error: Error: connect ECONNREFUSED 127.0.0.1:6379[39m
[2026-06-25 12:23:23:2323] [[31merror[39m]: [31mRedis connection error: Error: connect ECONNREFUSED 127.0.0.1:6379[39m
[2026-06-25 12:23:25:2325] [[31merror[39m]: [31mRedis connection error: Error: connect ECONNREFUSED 127.0.0.1:6379[39m
[2026-06-25 12:23:27:2327] [[31merror[39m]: [31mRedis connection error: Error: connect ECONNREFUSED 127.0.0.1:6379[39m
[2026-06-25 12:23:29:2329] [[31merror[39m]: [31mRedis connection error: Error: connect ECONNREFUSED 127.0.0.1:6379[39m
[2026-06-25 12:23:31:2331] [[31merror[39m]: [31mRedis connection error: Error: connect ECONNREFUSED 127.0.0.1:6379[39m
[2026-06-25 12:23:33:2333] [[31merror[39m]: [31mRedis connection error: Error: connect ECONNREFUSED 127.0.0.1:6379[39m
[2026-06-25 12:23:35:2335] [[31merror[39m]: [31mRedis connection error: Error: connect ECONNREFUSED 127.0.0.1:6379[39m
[2026-06-25 12:23:37:2337] [[31merror[39m]: [31mRedis connection error: Error: connect ECONNREFUSED 127.0.0.1:6379[39m
[2026-06-25 12:23:39:2339] [[31merror[39m]: [31mRedis connection error: Error: connect ECONNREFUSED 127.0.0.1:6379[39m
[2026-06-25 12:23:41:2341] [[31merror[39m]: [31mRedis connection error: Error: connect ECONNREFUSED 127.0.0.1:6379[39m
[2026-06-25 12:23:43:2343] [[31merror[39m]: [31mRedis connection error: Error: connect ECONNREFUSED 127.0.0.1:6379[39m
[2026-06-25 12:23:45:2345] [[31merror[39m]: [31mRedis connection error: Error: connect ECONNREFUSED 127.0.0.1:6379[39m
[2026-06-25 12:23:47:2347] [[31merror[39m]: [31mRedis connection error: Error: connect ECONNREFUSED 127.0.0.1:6379[39m
[2026-06-25 12:23:49:2349] [[31merror[39m]: [31mRedis connection error: Error: connect ECONNREFUSED 127.0.0.1:6379[39m
[2026-06-25 12:23:51:2351] [[31merror[39m]: [31mRedis connection error: Error: connect ECONNREFUSED 127.0.0.1:6379[39m
[2026-06-25 12:23:53:2353] [[31merror[39m]: [31mRedis connection error: Error: connect ECONNREFUSED 127.0.0.1:6379[39m
[2026-06-25 12:23:55:2355] [[31merror[39m]: [31mRedis connection error: Error: connect ECONNREFUSED 127.0.0.1:6379[39m
[2026-06-25 12:23:57:2357] [[31merror[39m]: [31mRedis connection error: Error: connect ECONNREFUSED 127.0.0.1:6379[39m
[2026-06-25 12:23:59:2359] [[31merror[39m]: [31mRedis connection error: Error: connect ECONNREFUSED 127.0.0.1:6379[39m
[2026-06-25 12:24:01:241] [[31merror[39m]: [31mRedis connection error: Error: connect ECONNREFUSED 127.0.0.1:6379[39m
[2026-06-25 12:24:03:243] [[31merror[39m]: [31mRedis connection error: Error: connect ECONNREFUSED 127.0.0.1:6379[39m
[2026-06-25 12:24:05:245] [[31merror[39m]: [31mRedis connection error: Error: connect ECONNREFUSED 127.0.0.1:6379[39m
[2026-06-25 12:24:07:247] [[31merror[39m]: [31mRedis connection error: Error: connect ECONNREFUSED 127.0.0.1:6379[39m
[2026-06-25 12:24:09:249] [[31merror[39m]: [31mRedis connection error: Error: connect ECONNREFUSED 127.0.0.1:6379[39m
[2026-06-25 12:24:11:2411] [[31merror[39m]: [31mRedis connection error: Error: connect ECONNREFUSED 127.0.0.1:6379[39m
[2026-06-25 12:24:13:2413] [[31merror[39m]: [31mRedis connection error: Error: connect ECONNREFUSED 127.0.0.1:6379[39m
[2026-06-25 12:24:15:2415] [[31merror[39m]: [31mRedis connection error: Error: connect ECONNREFUSED 127.0.0.1:6379[39m
[2026-06-25 12:24:17:2417] [[31merror[39m]: [31mRedis connection error: Error: connect ECONNREFUSED 127.0.0.1:6379[39m
[2026-06-25 12:24:20:2420] [[31merror[39m]: [31mRedis connection error: Error: connect ECONNREFUSED 127.0.0.1:6379[39m
[2026-06-25 12:24:22:2422] [[31merror[39m]: [31mRedis connection error: Error: connect ECONNREFUSED 127.0.0.1:6379[39m
[2026-06-25 12:24:24:2424] [[31merror[39m]: [31mRedis connection error: Error: connect ECONNREFUSED 127.0.0.1:6379[39m
[2026-06-25 12:24:26:2426] [[31merror[39m]: [31mRedis connection error: Error: connect ECONNREFUSED 127.0.0.1:6379[39m
[2026-06-25 12:24:28:2428] [[31merror[39m]: [31mRedis connection error: Error: connect ECONNREFUSED 127.0.0.1:6379[39m
[2026-06-25 12:24:30:2430] [[31merror[39m]: [31mRedis connection error: Error: connect ECONNREFUSED 127.0.0.1:6379[39m
[2026-06-25 12:24:32:2432] [[31merror[39m]: [31mRedis connection error: Error: connect ECONNREFUSED 127.0.0.1:6379[39m
[2026-06-25 12:24:34:2434] [[31merror[39m]: [31mRedis connection error: Error: connect ECONNREFUSED 127.0.0.1:6379[39m
[2026-06-25 12:24:36:2436] [[31merror[39m]: [31mRedis connection error: Error: connect ECONNREFUSED 127.0.0.1:6379[39m
[2026-06-25 12:24:38:2438] [[31merror[39m]: [31mRedis connection error: Error: connect ECONNREFUSED 127.0.0.1:6379[39m
[2026-06-25 12:24:40:2440] [[31merror[39m]: [31mRedis connection error: Error: connect ECONNREFUSED 127.0.0.1:6379[39m
[2026-06-25 12:24:42:2442] [[31merror[39m]: [31mRedis connection error: Error: connect ECONNREFUSED 127.0.0.1:6379[39m
[2026-06-25 12:24:44:2444] [[31merror[39m]: [31mRedis connection error: Error: connect ECONNREFUSED 127.0.0.1:6379[39m
[2026-06-25 12:24:46:2446] [[31merror[39m]: [31mRedis connection error: Error: connect ECONNREFUSED 127.0.0.1:6379[39m
[2026-06-25 12:24:48:2448] [[31merror[39m]: [31mRedis connection error: Error: connect ECONNREFUSED 127.0.0.1:6379[39m
[2026-06-25 12:24:50:2450] [[31merror[39m]: [31mRedis connection error: Error: connect ECONNREFUSED 127.0.0.1:6379[39m
[2026-06-25 12:24:52:2452] [[31merror[39m]: [31mRedis connection error: Error: connect ECONNREFUSED 127.0.0.1:6379[39m
[2026-06-25 12:24:54:2454] [[31merror[39m]: [31mRedis connection error: Error: connect ECONNREFUSED 127.0.0.1:6379[39m
[2026-06-25 12:24:56:2456] [[31merror[39m]: [31mRedis connection error: Error: connect ECONNREFUSED 127.0.0.1:6379[39m
[2026-06-25 12:24:58:2458] [[31merror[39m]: [31mRedis connection error: Error: connect ECONNREFUSED 127.0.0.1:6379[39m
[2026-06-25 12:25:00:250] [[31merror[39m]: [31mRedis connection error: Error: connect ECONNREFUSED 127.0.0.1:6379[39m
[2026-06-25 12:25:02:252] [[31merror[39m]: [31mRedis connection error: Error: connect ECONNREFUSED 127.0.0.1:6379[39m
[2026-06-25 12:25:04:254] [[31merror[39m]: [31mRedis connection error: Error: connect ECONNREFUSED 127.0.0.1:6379[39m
[2026-06-25 12:25:06:256] [[31merror[39m]: [31mRedis connection error: Error: connect ECONNREFUSED 127.0.0.1:6379[39m
[2026-06-25 12:25:08:258] [[31merror[39m]: [31mRedis connection error: Error: connect ECONNREFUSED 127.0.0.1:6379[39m
[2026-06-25 12:25:10:2510] [[31merror[39m]: [31mRedis connection error: Error: connect ECONNREFUSED 127.0.0.1:6379[39m
[2026-06-25 12:25:12:2512] [[31merror[39m]: [31mRedis connection error: Error: connect ECONNREFUSED 127.0.0.1:6379[39m
[2026-06-25 12:25:14:2514] [[31merror[39m]: [31mRedis connection error: Error: connect ECONNREFUSED 127.0.0.1:6379[39m
[2026-06-25 12:25:16:2516] [[31merror[39m]: [31mRedis connection error: Error: connect ECONNREFUSED 127.0.0.1:6379[39m
[2026-06-25 12:25:18:2518] [[31merror[39m]: [31mRedis connection error: Error: connect ECONNREFUSED 127.0.0.1:6379[39m
[2026-06-25 12:25:20:2520] [[31merror[39m]: [31mRedis connection error: Error: connect ECONNREFUSED 127.0.0.1:6379[39m
[2026-06-25 12:25:22:2522] [[31merror[39m]: [31mRedis connection error: Error: connect ECONNREFUSED 127.0.0.1:6379[39m
[2026-06-25 12:25:24:2524] [[31merror[39m]: [31mRedis connection error: Error: connect ECONNREFUSED 127.0.0.1:6379[39m
[2026-06-25 12:25:26:2526] [[31merror[39m]: [31mRedis connection error: Error: connect ECONNREFUSED 127.0.0.1:6379[39m
[2026-06-25 12:25:28:2528] [[31merror[39m]: [31mRedis connection error: Error: connect ECONNREFUSED 127.0.0.1:6379[39m
[2026-06-25 12:25:30:2530] [[31merror[39m]: [31mRedis connection error: Error: connect ECONNREFUSED 127.0.0.1:6379[39m
[2026-06-25 12:25:32:2532] [[31merror[39m]: [31mRedis connection error: Error: connect ECONNREFUSED 127.0.0.1:6379[39m
[2026-06-25 12:25:34:2534] [[31merror[39m]: [31mRedis connection error: Error: connect ECONNREFUSED 127.0.0.1:6379[39m
[2026-06-25 12:25:36:2536] [[31merror[39m]: [31mRedis connection error: Error: connect ECONNREFUSED 127.0.0.1:6379[39m
[2026-06-25 12:25:38:2538] [[31merror[39m]: [31mRedis connection error: Error: connect ECONNREFUSED 127.0.0.1:6379[39m
[2026-06-25 12:25:40:2540] [[31merror[39m]: [31mRedis connection error: Error: connect ECONNREFUSED 127.0.0.1:6379[39m
[2026-06-25 12:25:42:2542] [[31merror[39m]: [31mRedis connection error: Error: connect ECONNREFUSED 127.0.0.1:6379[39m
[2026-06-25 12:25:44:2544] [[31merror[39m]: [31mRedis connection error: Error: connect ECONNREFUSED 127.0.0.1:6379[39m
[2026-06-25 12:25:46:2546] [[31merror[39m]: [31mRedis connection error: Error: connect ECONNREFUSED 127.0.0.1:6379[39m
[2026-06-25 12:25:48:2548] [[31merror[39m]: [31mRedis connection error: Error: connect ECONNREFUSED 127.0.0.1:6379[39m
[2026-06-25 12:25:50:2550] [[31merror[39m]: [31mRedis connection error: Error: connect ECONNREFUSED 127.0.0.1:6379[39m
[2026-06-25 12:25:52:2552] [[31merror[39m]: [31mRedis connection error: Error: connect ECONNREFUSED 127.0.0.1:6379[39m
[2026-06-25 12:25:54:2554] [[31merror[39m]: [31mRedis connection error: Error: connect ECONNREFUSED 127.0.0.1:6379[39m
[2026-06-25 12:25:56:2556] [[31merror[39m]: [31mRedis connection error: Error: connect ECONNREFUSED 127.0.0.1:6379[39m
[2026-06-25 12:25:58:2558] [[31merror[39m]: [31mRedis connection error: Error: connect ECONNREFUSED 127.0.0.1:6379[39m
[2026-06-25 12:26:00:260] [[31merror[39m]: [31mRedis connection error: Error: connect ECONNREFUSED 127.0.0.1:6379[39m
[2026-06-25 12:26:02:262] [[31merror[39m]: [31mRedis connection error: Error: connect ECONNREFUSED 127.0.0.1:6379[39m
[2026-06-25 12:26:04:264] [[31merror[39m]: [31mRedis connection error: Error: connect ECONNREFUSED 127.0.0.1:6379[39m
[2026-06-25 12:26:06:266] [[31merror[39m]: [31mRedis connection error: Error: connect ECONNREFUSED 127.0.0.1:6379[39m
[2026-06-25 12:26:08:268] [[31merror[39m]: [31mRedis connection error: Error: connect ECONNREFUSED 127.0.0.1:6379[39m
[2026-06-25 12:26:10:2610] [[31merror[39m]: [31mRedis connection error: Error: connect ECONNREFUSED 127.0.0.1:6379[39m
[2026-06-25 12:26:12:2612] [[31merror[39m]: [31mRedis connection error: Error: connect ECONNREFUSED 127.0.0.1:6379[39m
[2026-06-25 12:26:14:2614] [[31merror[39m]: [31mRedis connection error: Error: connect ECONNREFUSED 127.0.0.1:6379[39m
[2026-06-25 12:26:16:2616] [[31merror[39m]: [31mRedis connection error: Error: connect ECONNREFUSED 127.0.0.1:6379[39m
[2026-06-25 12:26:18:2618] [[31merror[39m]: [31mRedis connection error: Error: connect ECONNREFUSED 127.0.0.1:6379[39m
[2026-06-25 12:26:20:2620] [[31merror[39m]: [31mRedis connection error: Error: connect ECONNREFUSED 127.0.0.1:6379[39m
[2026-06-25 12:26:22:2622] [[31merror[39m]: [31mRedis connection error: Error: connect ECONNREFUSED 127.0.0.1:6379[39m
[2026-06-25 12:26:24:2624] [[31merror[39m]: [31mRedis connection error: Error: connect ECONNREFUSED 127.0.0.1:6379[39m
[2026-06-25 12:26:26:2626] [[31merror[39m]: [31mRedis connection error: Error: connect ECONNREFUSED 127.0.0.1:6379[39m
[2026-06-25 12:26:28:2628] [[31merror[39m]: [31mRedis connection error: Error: connect ECONNREFUSED 127.0.0.1:6379[39m
[2026-06-25 12:26:30:2630] [[31merror[39m]: [31mRedis connection error: Error: connect ECONNREFUSED 127.0.0.1:6379[39m
[2026-06-25 12:26:33:2633] [[31merror[39m]: [31mRedis connection error: Error: connect ECONNREFUSED 127.0.0.1:6379[39m
[2026-06-25 12:26:35:2635] [[31merror[39m]: [31mRedis connection error: Error: connect ECONNREFUSED 127.0.0.1:6379[39m
[2026-06-25 12:26:37:2637] [[31merror[39m]: [31mRedis connection error: Error: connect ECONNREFUSED 127.0.0.1:6379[39m
[2026-06-25 12:26:39:2639] [[31merror[39m]: [31mRedis connection error: Error: connect ECONNREFUSED 127.0.0.1:6379[39m
[2026-06-25 12:26:41:2641] [[31merror[39m]: [31mRedis connection error: Error: connect ECONNREFUSED 127.0.0.1:6379[39m
[2026-06-25 12:26:43:2643] [[31merror[39m]: [31mRedis connection error: Error: connect ECONNREFUSED 127.0.0.1:6379[39m
[2026-06-25 12:26:45:2645] [[31merror[39m]: [31mRedis connection error: Error: connect ECONNREFUSED 127.0.0.1:6379[39m
[2026-06-25 12:26:47:2647] [[31merror[39m]: [31mRedis connection error: Error: connect ECONNREFUSED 127.0.0.1:6379[39m
[2026-06-25 12:26:49:2649] [[31merror[39m]: [31mRedis connection error: Error: connect ECONNREFUSED 127.0.0.1:6379[39m
[2026-06-25 12:26:51:2651] [[31merror[39m]: [31mRedis connection error: Error: connect ECONNREFUSED 127.0.0.1:6379[39m
[2026-06-25 12:26:53:2653] [[31merror[39m]: [31mRedis connection error: Error: connect ECONNREFUSED 127.0.0.1:6379[39m
[2026-06-25 12:26:55:2655] [[31merror[39m]: [31mRedis connection error: Error: connect ECONNREFUSED 127.0.0.1:6379[39m
[2026-06-25 12:26:57:2657] [[31merror[39m]: [31mRedis connection error: Error: connect ECONNREFUSED 127.0.0.1:6379[39m
[2026-06-25 12:26:59:2659] [[31merror[39m]: [31mRedis connection error: Error: connect ECONNREFUSED 127.0.0.1:6379[39m
[2026-06-25 12:27:01:271] [[31merror[39m]: [31mRedis connection error: Error: connect ECONNREFUSED 127.0.0.1:6379[39m
[2026-06-25 12:27:03:273] [[31merror[39m]: [31mRedis connection error: Error: connect ECONNREFUSED 127.0.0.1:6379[39m
[2026-06-25 12:27:05:275] [[31merror[39m]: [31mRedis connection error: Error: connect ECONNREFUSED 127.0.0.1:6379[39m
[2026-06-25 12:27:07:277] [[31merror[39m]: [31mRedis connection error: Error: connect ECONNREFUSED 127.0.0.1:6379[39m
[2026-06-25 12:27:09:279] [[31merror[39m]: [31mRedis connection error: Error: connect ECONNREFUSED 127.0.0.1:6379[39m
[2026-06-25 12:27:11:2711] [[31merror[39m]: [31mRedis connection error: Error: connect ECONNREFUSED 127.0.0.1:6379[39m
[2026-06-25 12:27:13:2713] [[31merror[39m]: [31mRedis connection error: Error: connect ECONNREFUSED 127.0.0.1:6379[39m
[2026-06-25 12:27:15:2715] [[31merror[39m]: [31mRedis connection error: Error: connect ECONNREFUSED 127.0.0.1:6379[39m
[2026-06-25 12:27:17:2717] [[31merror[39m]: [31mRedis connection error: Error: connect ECONNREFUSED 127.0.0.1:6379[39m
[2026-06-25 12:27:19:2719] [[31merror[39m]: [31mRedis connection error: Error: connect ECONNREFUSED 127.0.0.1:6379[39m
[2026-06-25 12:27:21:2721] [[31merror[39m]: [31mRedis connection error: Error: connect ECONNREFUSED 127.0.0.1:6379[39m
[2026-06-25 12:27:23:2723] [[31merror[39m]: [31mRedis connection error: Error: connect ECONNREFUSED 127.0.0.1:6379[39m
[2026-06-25 12:27:26:2726] [[31merror[39m]: [31mRedis connection error: Error: connect ECONNREFUSED 127.0.0.1:6379[39m
[2026-06-25 12:27:29:2729] [[31merror[39m]: [31mRedis connection error: Error: connect ECONNREFUSED 127.0.0.1:6379[39m
[2026-06-25 12:27:31:2731] [[31merror[39m]: [31mRedis connection error: Error: connect ECONNREFUSED 127.0.0.1:6379[39m
[2026-06-25 12:27:33:2733] [[31merror[39m]: [31mRedis connection error: Error: connect ECONNREFUSED 127.0.0.1:6379[39m
[2026-06-25 12:27:35:2735] [[31merror[39m]: [31mRedis connection error: Error: connect ECONNREFUSED 127.0.0.1:6379[39m
[2026-06-25 12:27:37:2737] [[31merror[39m]: [31mRedis connection error: Error: connect ECONNREFUSED 127.0.0.1:6379[39m
[2026-06-25 12:27:39:2739] [[31merror[39m]: [31mRedis connection error: Error: connect ECONNREFUSED 127.0.0.1:6379[39m
[2026-06-25 12:27:41:2741] [[31merror[39m]: [31mRedis connection error: Error: connect ECONNREFUSED 127.0.0.1:6379[39m
[2026-06-25 12:27:43:2743] [[31merror[39m]: [31mRedis connection error: Error: connect ECONNREFUSED 127.0.0.1:6379[39m
[2026-06-25 12:27:45:2745] [[31merror[39m]: [31mRedis connection error: Error: connect ECONNREFUSED 127.0.0.1:6379[39m
[2026-06-25 12:27:47:2747] [[31merror[39m]: [31mRedis connection error: Error: connect ECONNREFUSED 127.0.0.1:6379[39m
[2026-06-25 12:27:49:2749] [[31merror[39m]: [31mRedis connection error: Error: connect ECONNREFUSED 127.0.0.1:6379[39m
[2026-06-25 12:27:51:2751] [[31merror[39m]: [31mRedis connection error: Error: connect ECONNREFUSED 127.0.0.1:6379[39m
[2026-06-25 12:27:53:2753] [[31merror[39m]: [31mRedis connection error: Error: connect ECONNREFUSED 127.0.0.1:6379[39m
[2026-06-25 12:27:55:2755] [[31merror[39m]: [31mRedis connection error: Error: connect ECONNREFUSED 127.0.0.1:6379[39m
[2026-06-25 12:27:57:2757] [[31merror[39m]: [31mRedis connection error: Error: connect ECONNREFUSED 127.0.0.1:6379[39m
[2026-06-25 12:27:59:2759] [[31merror[39m]: [31mRedis connection error: Error: connect ECONNREFUSED 127.0.0.1:6379[39m
[2026-06-25 12:28:01:281] [[31merror[39m]: [31mRedis connection error: Error: connect ECONNREFUSED 127.0.0.1:6379[39m
[2026-06-25 12:28:03:283] [[31merror[39m]: [31mRedis connection error: Error: connect ECONNREFUSED 127.0.0.1:6379[39m
[2026-06-25 12:28:05:285] [[31merror[39m]: [31mRedis connection error: Error: connect ECONNREFUSED 127.0.0.1:6379[39m
[2026-06-25 12:28:07:287] [[31merror[39m]: [31mRedis connection error: Error: connect ECONNREFUSED 127.0.0.1:6379[39m
[2026-06-25 12:28:09:289] [[31merror[39m]: [31mRedis connection error: Error: connect ECONNREFUSED 127.0.0.1:6379[39m
[2026-06-25 12:28:11:2811] [[31merror[39m]: [31mRedis connection error: Error: connect ECONNREFUSED 127.0.0.1:6379[39m
[2026-06-25 12:28:13:2813] [[31merror[39m]: [31mRedis connection error: Error: connect ECONNREFUSED 127.0.0.1:6379[39m
[2026-06-25 12:28:15:2815] [[31merror[39m]: [31mRedis connection error: Error: connect ECONNREFUSED 127.0.0.1:6379[39m
[2026-06-25 12:28:17:2817] [[31merror[39m]: [31mRedis connection error: Error: connect ECONNREFUSED 127.0.0.1:6379[39m
[2026-06-25 12:28:19:2819] [[31merror[39m]: [31mRedis connection error: Error: connect ECONNREFUSED 127.0.0.1:6379[39m
[2026-06-25 12:28:21:2821] [[31merror[39m]: [31mRedis connection error: Error: connect ECONNREFUSED 127.0.0.1:6379[39m
[2026-06-25 12:28:23:2823] [[31merror[39m]: [31mRedis connection error: Error: connect ECONNREFUSED 127.0.0.1:6379[39m
[2026-06-25 12:28:25:2825] [[31merror[39m]: [31mRedis connection error: Error: connect ECONNREFUSED 127.0.0.1:6379[39m
[2026-06-25 12:28:27:2827] [[31merror[39m]: [31mRedis connection error: Error: connect ECONNREFUSED 127.0.0.1:6379[39m
[2026-06-25 12:28:29:2829] [[31merror[39m]: [31mRedis connection error: Error: connect ECONNREFUSED 127.0.0.1:6379[39m
[2026-06-25 12:28:31:2831] [[31merror[39m]: [31mRedis connection error: Error: connect ECONNREFUSED 127.0.0.1:6379[39m
[2026-06-25 12:28:33:2833] [[31merror[39m]: [31mRedis connection error: Error: connect ECONNREFUSED 127.0.0.1:6379[39m
[2026-06-25 12:28:35:2835] [[31merror[39m]: [31mRedis connection error: Error: connect ECONNREFUSED 127.0.0.1:6379[39m
[2026-06-25 12:28:38:2838] [[31merror[39m]: [31mRedis connection error: Error: connect ECONNREFUSED 127.0.0.1:6379[39m
[2026-06-25 12:28:38:2838] [[31merror[39m]: [31mCache middleware error: MaxRetriesPerRequestError: Reached the max retries per request limit (which is 20). Refer to "maxRetriesPerRequest" option for details.[39m
[2026-06-25 12:28:38:2838] [[31merror[39m]: [31mCache middleware error: MaxRetriesPerRequestError: Reached the max retries per request limit (which is 20). Refer to "maxRetriesPerRequest" option for details.[39m
[2026-06-25 12:28:40:2840] [[31merror[39m]: [31mRedis connection error: Error: connect ECONNREFUSED 127.0.0.1:6379[39m
[2026-06-25 12:28:42:2842] [[31merror[39m]: [31mRedis connection error: Error: connect ECONNREFUSED 127.0.0.1:6379[39m
[2026-06-25 12:28:44:2844] [[31merror[39m]: [31mRedis connection error: Error: connect ECONNREFUSED 127.0.0.1:6379[39m
[2026-06-25 12:28:46:2846] [[31merror[39m]: [31mRedis connection error: Error: connect ECONNREFUSED 127.0.0.1:6379[39m
[2026-06-25 12:28:48:2848] [[31merror[39m]: [31mRedis connection error: Error: connect ECONNREFUSED 127.0.0.1:6379[39m
[2026-06-25 12:28:50:2850] [[31merror[39m]: [31mRedis connection error: Error: connect ECONNREFUSED 127.0.0.1:6379[39m
[2026-06-25 12:28:52:2852] [[31merror[39m]: [31mRedis connection error: Error: connect ECONNREFUSED 127.0.0.1:6379[39m
[2026-06-25 12:28:54:2854] [[31merror[39m]: [31mRedis connection error: Error: connect ECONNREFUSED 127.0.0.1:6379[39m
[2026-06-25 12:28:56:2856] [[31merror[39m]: [31mRedis connection error: Error: connect ECONNREFUSED 127.0.0.1:6379[39m
[2026-06-25 12:28:58:2858] [[31merror[39m]: [31mRedis connection error: Error: connect ECONNREFUSED 127.0.0.1:6379[39m
[2026-06-25 12:29:00:290] [[31merror[39m]: [31mRedis connection error: Error: connect ECONNREFUSED 127.0.0.1:6379[39m
[2026-06-25 12:29:02:292] [[31merror[39m]: [31mRedis connection error: Error: connect ECONNREFUSED 127.0.0.1:6379[39m
[2026-06-25 12:29:04:294] [[31merror[39m]: [31mRedis connection error: Error: connect ECONNREFUSED 127.0.0.1:6379[39m
[2026-06-25 12:29:06:296] [[31merror[39m]: [31mRedis connection error: Error: connect ECONNREFUSED 127.0.0.1:6379[39m
[2026-06-25 12:29:08:298] [[31merror[39m]: [31mRedis connection error: Error: connect ECONNREFUSED 127.0.0.1:6379[39m
[2026-06-25 12:29:10:2910] [[31merror[39m]: [31mRedis connection error: Error: connect ECONNREFUSED 127.0.0.1:6379[39m
[2026-06-25 12:29:12:2912] [[31merror[39m]: [31mRedis connection error: Error: connect ECONNREFUSED 127.0.0.1:6379[39m
[2026-06-25 12:29:14:2914] [[31merror[39m]: [31mRedis connection error: Error: connect ECONNREFUSED 127.0.0.1:6379[39m
[2026-06-25 12:29:16:2916] [[31merror[39m]: [31mRedis connection error: Error: connect ECONNREFUSED 127.0.0.1:6379[39m
[2026-06-25 12:29:18:2918] [[31merror[39m]: [31mRedis connection error: Error: connect ECONNREFUSED 127.0.0.1:6379[39m
[2026-06-25 12:29:20:2920] [[31merror[39m]: [31mRedis connection error: Error: connect ECONNREFUSED 127.0.0.1:6379[39m
[2026-06-25 12:29:22:2922] [[31merror[39m]: [31mRedis connection error: Error: connect ECONNREFUSED 127.0.0.1:6379[39m
[2026-06-25 12:29:24:2924] [[31merror[39m]: [31mRedis connection error: Error: connect ECONNREFUSED 127.0.0.1:6379[39m
[2026-06-25 12:29:26:2926] [[31merror[39m]: [31mRedis connection error: Error: connect ECONNREFUSED 127.0.0.1:6379[39m
[2026-06-25 12:29:28:2928] [[31merror[39m]: [31mRedis connection error: Error: connect ECONNREFUSED 127.0.0.1:6379[39m
[2026-06-25 12:29:30:2930] [[31merror[39m]: [31mRedis connection error: Error: connect ECONNREFUSED 127.0.0.1:6379[39m
[2026-06-25 12:29:32:2932] [[31merror[39m]: [31mRedis connection error: Error: connect ECONNREFUSED 127.0.0.1:6379[39m
[2026-06-25 12:29:34:2934] [[31merror[39m]: [31mRedis connection error: Error: connect ECONNREFUSED 127.0.0.1:6379[39m
[2026-06-25 12:29:36:2936] [[31merror[39m]: [31mRedis connection error: Error: connect ECONNREFUSED 127.0.0.1:6379[39m
[2026-06-25 12:29:38:2938] [[31merror[39m]: [31mRedis connection error: Error: connect ECONNREFUSED 127.0.0.1:6379[39m
[2026-06-25 12:29:40:2940] [[31merror[39m]: [31mRedis connection error: Error: connect ECONNREFUSED 127.0.0.1:6379[39m
[2026-06-25 12:29:42:2942] [[31merror[39m]: [31mRedis connection error: Error: connect ECONNREFUSED 127.0.0.1:6379[39m
[2026-06-25 12:29:44:2944] [[31merror[39m]: [31mRedis connection error: Error: connect ECONNREFUSED 127.0.0.1:6379[39m
[2026-06-25 12:29:46:2946] [[31merror[39m]: [31mRedis connection error: Error: connect ECONNREFUSED 127.0.0.1:6379[39m
[2026-06-25 12:29:48:2948] [[31merror[39m]: [31mRedis connection error: Error: connect ECONNREFUSED 127.0.0.1:6379[39m
[2026-06-25 12:29:50:2950] [[31merror[39m]: [31mRedis connection error: Error: connect ECONNREFUSED 127.0.0.1:6379[39m
[2026-06-25 12:29:52:2952] [[31merror[39m]: [31mRedis connection error: Error: connect ECONNREFUSED 127.0.0.1:6379[39m
[2026-06-25 12:29:54:2954] [[31merror[39m]: [31mRedis connection error: Error: connect ECONNREFUSED 127.0.0.1:6379[39m
[2026-06-25 12:29:56:2956] [[31merror[39m]: [31mRedis connection error: Error: connect ECONNREFUSED 127.0.0.1:6379[39m
[2026-06-25 12:29:58:2958] [[31merror[39m]: [31mRedis connection error: Error: connect ECONNREFUSED 127.0.0.1:6379[39m
[2026-06-25 12:30:01:301] [[31merror[39m]: [31mRedis connection error: Error: connect ECONNREFUSED 127.0.0.1:6379[39m
[2026-06-25 12:30:03:303] [[31merror[39m]: [31mRedis connection error: Error: connect ECONNREFUSED 127.0.0.1:6379[39m
[2026-06-25 12:30:05:305] [[31merror[39m]: [31mRedis connection error: Error: connect ECONNREFUSED 127.0.0.1:6379[39m
[2026-06-25 12:30:07:307] [[31merror[39m]: [31mRedis connection error: Error: connect ECONNREFUSED 127.0.0.1:6379[39m
[2026-06-25 12:30:09:309] [[31merror[39m]: [31mRedis connection error: Error: connect ECONNREFUSED 127.0.0.1:6379[39m
[2026-06-25 12:30:11:3011] [[31merror[39m]: [31mRedis connection error: Error: connect ECONNREFUSED 127.0.0.1:6379[39m
[2026-06-25 12:30:13:3013] [[31merror[39m]: [31mRedis connection error: Error: connect ECONNREFUSED 127.0.0.1:6379[39m
[2026-06-25 12:30:15:3015] [[31merror[39m]: [31mRedis connection error: Error: connect ECONNREFUSED 127.0.0.1:6379[39m
[2026-06-25 12:30:17:3017] [[31merror[39m]: [31mRedis connection error: Error: connect ECONNREFUSED 127.0.0.1:6379[39m
[2026-06-25 12:30:19:3019] [[31merror[39m]: [31mRedis connection error: Error: connect ECONNREFUSED 127.0.0.1:6379[39m
[2026-06-25 12:30:21:3021] [[31merror[39m]: [31mRedis connection error: Error: connect ECONNREFUSED 127.0.0.1:6379[39m
[2026-06-25 12:30:23:3023] [[31merror[39m]: [31mRedis connection error: Error: connect ECONNREFUSED 127.0.0.1:6379[39m
[2026-06-25 12:30:25:3025] [[31merror[39m]: [31mRedis connection error: Error: connect ECONNREFUSED 127.0.0.1:6379[39m
[2026-06-25 12:30:27:3027] [[31merror[39m]: [31mRedis connection error: Error: connect ECONNREFUSED 127.0.0.1:6379[39m
[2026-06-25 12:30:29:3029] [[31merror[39m]: [31mRedis connection error: Error: connect ECONNREFUSED 127.0.0.1:6379[39m
[2026-06-25 12:30:31:3031] [[31merror[39m]: [31mRedis connection error: Error: connect ECONNREFUSED 127.0.0.1:6379[39m
[2026-06-25 12:30:33:3033] [[31merror[39m]: [31mRedis connection error: Error: connect ECONNREFUSED 127.0.0.1:6379[39m
[2026-06-25 12:30:35:3035] [[31merror[39m]: [31mRedis connection error: Error: connect ECONNREFUSED 127.0.0.1:6379[39m
[2026-06-25 12:30:37:3037] [[31merror[39m]: [31mRedis connection error: Error: connect ECONNREFUSED 127.0.0.1:6379[39m
[2026-06-25 12:30:39:3039] [[31merror[39m]: [31mRedis connection error: Error: connect ECONNREFUSED 127.0.0.1:6379[39m
[2026-06-25 12:30:41:3041] [[31merror[39m]: [31mRedis connection error: Error: connect ECONNREFUSED 127.0.0.1:6379[39m
[2026-06-25 12:30:43:3043] [[31merror[39m]: [31mRedis connection error: Error: connect ECONNREFUSED 127.0.0.1:6379[39m
[2026-06-25 12:30:45:3045] [[31merror[39m]: [31mRedis connection error: Error: connect ECONNREFUSED 127.0.0.1:6379[39m
[2026-06-25 12:30:47:3047] [[31merror[39m]: [31mRedis connection error: Error: connect ECONNREFUSED 127.0.0.1:6379[39m
[2026-06-25 12:30:49:3049] [[31merror[39m]: [31mRedis connection error: Error: connect ECONNREFUSED 127.0.0.1:6379[39m
[2026-06-25 12:30:51:3051] [[31merror[39m]: [31mRedis connection error: Error: connect ECONNREFUSED 127.0.0.1:6379[39m
[2026-06-25 12:30:53:3053] [[31merror[39m]: [31mRedis connection error: Error: connect ECONNREFUSED 127.0.0.1:6379[39m
[2026-06-25 12:30:55:3055] [[31merror[39m]: [31mRedis connection error: Error: connect ECONNREFUSED 127.0.0.1:6379[39m
[2026-06-25 12:30:57:3057] [[31merror[39m]: [31mRedis connection error: Error: connect ECONNREFUSED 127.0.0.1:6379[39m
[2026-06-25 12:30:59:3059] [[31merror[39m]: [31mRedis connection error: Error: connect ECONNREFUSED 127.0.0.1:6379[39m
[2026-06-25 12:31:01:311] [[31merror[39m]: [31mRedis connection error: Error: connect ECONNREFUSED 127.0.0.1:6379[39m
[2026-06-25 12:31:03:313] [[31merror[39m]: [31mRedis connection error: Error: connect ECONNREFUSED 127.0.0.1:6379[39m
[2026-06-25 12:31:05:315] [[31merror[39m]: [31mRedis connection error: Error: connect ECONNREFUSED 127.0.0.1:6379[39m
[2026-06-25 12:31:07:317] [[31merror[39m]: [31mRedis connection error: Error: connect ECONNREFUSED 127.0.0.1:6379[39m
[2026-06-25 12:31:09:319] [[31merror[39m]: [31mRedis connection error: Error: connect ECONNREFUSED 127.0.0.1:6379[39m
[2026-06-25 12:31:11:3111] [[31merror[39m]: [31mRedis connection error: Error: connect ECONNREFUSED 127.0.0.1:6379[39m
[2026-06-25 12:31:13:3113] [[31merror[39m]: [31mRedis connection error: Error: connect ECONNREFUSED 127.0.0.1:6379[39m
[2026-06-25 12:31:15:3115] [[31merror[39m]: [31mRedis connection error: Error: connect ECONNREFUSED 127.0.0.1:6379[39m
[2026-06-25 12:31:17:3117] [[31merror[39m]: [31mRedis connection error: Error: connect ECONNREFUSED 127.0.0.1:6379[39m
[2026-06-25 12:31:19:3119] [[31merror[39m]: [31mRedis connection error: Error: connect ECONNREFUSED 127.0.0.1:6379[39m
[2026-06-25 12:31:22:3122] [[31merror[39m]: [31mRedis connection error: Error: connect ECONNREFUSED 127.0.0.1:6379[39m
[2026-06-25 12:31:24:3124] [[31merror[39m]: [31mRedis connection error: Error: connect ECONNREFUSED 127.0.0.1:6379[39m
[2026-06-25 12:31:26:3126] [[31merror[39m]: [31mRedis connection error: Error: connect ECONNREFUSED 127.0.0.1:6379[39m
[2026-06-25 12:31:28:3128] [[31merror[39m]: [31mRedis connection error: Error: connect ECONNREFUSED 127.0.0.1:6379[39m
[2026-06-25 12:31:30:3130] [[31merror[39m]: [31mRedis connection error: Error: connect ECONNREFUSED 127.0.0.1:6379[39m
[2026-06-25 12:31:32:3132] [[31merror[39m]: [31mRedis connection error: Error: connect ECONNREFUSED 127.0.0.1:6379[39m
[2026-06-25 12:31:34:3134] [[31merror[39m]: [31mRedis connection error: Error: connect ECONNREFUSED 127.0.0.1:6379[39m
[2026-06-25 12:31:36:3136] [[31merror[39m]: [31mRedis connection error: Error: connect ECONNREFUSED 127.0.0.1:6379[39m
[2026-06-25 12:31:38:3138] [[31merror[39m]: [31mRedis connection error: Error: connect ECONNREFUSED 127.0.0.1:6379[39m
[2026-06-25 12:31:40:3140] [[31merror[39m]: [31mRedis connection error: Error: connect ECONNREFUSED 127.0.0.1:6379[39m
[2026-06-25 12:31:42:3142] [[31merror[39m]: [31mRedis connection error: Error: connect ECONNREFUSED 127.0.0.1:6379[39m
[2026-06-25 12:31:44:3144] [[31merror[39m]: [31mRedis connection error: Error: connect ECONNREFUSED 127.0.0.1:6379[39m
[2026-06-25 12:31:46:3146] [[31merror[39m]: [31mRedis connection error: Error: connect ECONNREFUSED 127.0.0.1:6379[39m
[2026-06-25 12:31:48:3148] [[31merror[39m]: [31mRedis connection error: Error: connect ECONNREFUSED 127.0.0.1:6379[39m
[2026-06-25 12:31:50:3150] [[31merror[39m]: [31mRedis connection error: Error: connect ECONNREFUSED 127.0.0.1:6379[39m
[2026-06-25 12:31:52:3152] [[31merror[39m]: [31mRedis connection error: Error: connect ECONNREFUSED 127.0.0.1:6379[39m
[2026-06-25 12:31:54:3154] [[31merror[39m]: [31mRedis connection error: Error: connect ECONNREFUSED 127.0.0.1:6379[39m
[2026-06-25 12:31:56:3156] [[31merror[39m]: [31mRedis connection error: Error: connect ECONNREFUSED 127.0.0.1:6379[39m
[2026-06-25 12:31:58:3158] [[31merror[39m]: [31mRedis connection error: Error: connect ECONNREFUSED 127.0.0.1:6379[39m
[2026-06-25 12:32:00:320] [[31merror[39m]: [31mRedis connection error: Error: connect ECONNREFUSED 127.0.0.1:6379[39m
[2026-06-25 12:32:02:322] [[31merror[39m]: [31mRedis connection error: Error: connect ECONNREFUSED 127.0.0.1:6379[39m
[2026-06-25 12:32:04:324] [[31merror[39m]: [31mRedis connection error: Error: connect ECONNREFUSED 127.0.0.1:6379[39m
[2026-06-25 12:32:06:326] [[31merror[39m]: [31mRedis connection error: Error: connect ECONNREFUSED 127.0.0.1:6379[39m
[2026-06-25 12:32:08:328] [[31merror[39m]: [31mRedis connection error: Error: connect ECONNREFUSED 127.0.0.1:6379[39m
[2026-06-25 12:32:10:3210] [[31merror[39m]: [31mRedis connection error: Error: connect ECONNREFUSED 127.0.0.1:6379[39m
[2026-06-25 12:32:12:3212] [[31merror[39m]: [31mRedis connection error: Error: connect ECONNREFUSED 127.0.0.1:6379[39m
[2026-06-25 12:32:14:3214] [[31merror[39m]: [31mRedis connection error: Error: connect ECONNREFUSED 127.0.0.1:6379[39m
[2026-06-25 12:32:16:3216] [[31merror[39m]: [31mRedis connection error: Error: connect ECONNREFUSED 127.0.0.1:6379[39m
[2026-06-25 12:32:18:3218] [[31merror[39m]: [31mRedis connection error: Error: connect ECONNREFUSED 127.0.0.1:6379[39m
[2026-06-25 12:32:20:3220] [[31merror[39m]: [31mRedis connection error: Error: connect ECONNREFUSED 127.0.0.1:6379[39m
[2026-06-25 12:32:22:3222] [[31merror[39m]: [31mRedis connection error: Error: connect ECONNREFUSED 127.0.0.1:6379[39m
[2026-06-25 12:32:24:3224] [[31merror[39m]: [31mRedis connection error: Error: connect ECONNREFUSED 127.0.0.1:6379[39m
[2026-06-25 12:32:26:3226] [[31merror[39m]: [31mRedis connection error: Error: connect ECONNREFUSED 127.0.0.1:6379[39m
[2026-06-25 12:32:28:3228] [[31merror[39m]: [31mRedis connection error: Error: connect ECONNREFUSED 127.0.0.1:6379[39m
[2026-06-25 12:32:30:3230] [[31merror[39m]: [31mRedis connection error: Error: connect ECONNREFUSED 127.0.0.1:6379[39m
[2026-06-25 12:32:32:3232] [[31merror[39m]: [31mRedis connection error: Error: connect ECONNREFUSED 127.0.0.1:6379[39m
[2026-06-25 12:32:34:3234] [[31merror[39m]: [31mRedis connection error: Error: connect ECONNREFUSED 127.0.0.1:6379[39m
[2026-06-25 12:32:36:3236] [[31merror[39m]: [31mRedis connection error: Error: connect ECONNREFUSED 127.0.0.1:6379[39m
[2026-06-25 12:32:38:3238] [[31merror[39m]: [31mRedis connection error: Error: connect ECONNREFUSED 127.0.0.1:6379[39m
[2026-06-25 12:32:40:3240] [[31merror[39m]: [31mRedis connection error: Error: connect ECONNREFUSED 127.0.0.1:6379[39m
[2026-06-25 12:32:42:3242] [[31merror[39m]: [31mRedis connection error: Error: connect ECONNREFUSED 127.0.0.1:6379[39m
[2026-06-25 12:32:44:3244] [[31merror[39m]: [31mRedis connection error: Error: connect ECONNREFUSED 127.0.0.1:6379[39m
[2026-06-25 12:32:46:3246] [[31merror[39m]: [31mRedis connection error: Error: connect ECONNREFUSED 127.0.0.1:6379[39m
[2026-06-25 12:32:48:3248] [[31merror[39m]: [31mRedis connection error: Error: connect ECONNREFUSED 127.0.0.1:6379[39m
[2026-06-25 12:32:50:3250] [[31merror[39m]: [31mRedis connection error: Error: connect ECONNREFUSED 127.0.0.1:6379[39m
[2026-06-25 12:32:52:3252] [[31merror[39m]: [31mRedis connection error: Error: connect ECONNREFUSED 127.0.0.1:6379[39m
[2026-06-25 12:32:54:3254] [[31merror[39m]: [31mRedis connection error: Error: connect ECONNREFUSED 127.0.0.1:6379[39m
[2026-06-25 12:32:56:3256] [[31merror[39m]: [31mRedis connection error: Error: connect ECONNREFUSED 127.0.0.1:6379[39m
[2026-06-25 12:32:58:3258] [[31merror[39m]: [31mRedis connection error: Error: connect ECONNREFUSED 127.0.0.1:6379[39m
[2026-06-25 12:33:00:330] [[31merror[39m]: [31mRedis connection error: Error: connect ECONNREFUSED 127.0.0.1:6379[39m
[2026-06-25 12:33:02:332] [[31merror[39m]: [31mRedis connection error: Error: connect ECONNREFUSED 127.0.0.1:6379[39m
[2026-06-25 12:33:04:334] [[31merror[39m]: [31mRedis connection error: Error: connect ECONNREFUSED 127.0.0.1:6379[39m
[2026-06-25 12:33:06:336] [[31merror[39m]: [31mRedis connection error: Error: connect ECONNREFUSED 127.0.0.1:6379[39m
[2026-06-25 12:33:09:339] [[31merror[39m]: [31mRedis connection error: Error: connect ECONNREFUSED 127.0.0.1:6379[39m
[2026-06-25 12:33:11:3311] [[31merror[39m]: [31mRedis connection error: Error: connect ECONNREFUSED 127.0.0.1:6379[39m
[2026-06-25 12:33:13:3313] [[31merror[39m]: [31mRedis connection error: Error: connect ECONNREFUSED 127.0.0.1:6379[39m
[2026-06-25 12:33:15:3315] [[31merror[39m]: [31mRedis connection error: Error: connect ECONNREFUSED 127.0.0.1:6379[39m
[2026-06-25 12:33:17:3317] [[31merror[39m]: [31mRedis connection error: Error: connect ECONNREFUSED 127.0.0.1:6379[39m
[2026-06-25 12:33:19:3319] [[31merror[39m]: [31mRedis connection error: Error: connect ECONNREFUSED 127.0.0.1:6379[39m
[2026-06-25 12:33:21:3321] [[31merror[39m]: [31mRedis connection error: Error: connect ECONNREFUSED 127.0.0.1:6379[39m
[2026-06-25 12:33:23:3323] [[31merror[39m]: [31mRedis connection error: Error: connect ECONNREFUSED 127.0.0.1:6379[39m
[2026-06-25 12:33:25:3325] [[31merror[39m]: [31mRedis connection error: Error: connect ECONNREFUSED 127.0.0.1:6379[39m
[2026-06-25 12:33:27:3327] [[31merror[39m]: [31mRedis connection error: Error: connect ECONNREFUSED 127.0.0.1:6379[39m
[2026-06-25 12:33:29:3329] [[31merror[39m]: [31mRedis connection error: Error: connect ECONNREFUSED 127.0.0.1:6379[39m
[2026-06-25 12:33:31:3331] [[31merror[39m]: [31mRedis connection error: Error: connect ECONNREFUSED 127.0.0.1:6379[39m
[2026-06-25 12:33:33:3333] [[31merror[39m]: [31mRedis connection error: Error: connect ECONNREFUSED 127.0.0.1:6379[39m
[2026-06-25 12:33:35:3335] [[31merror[39m]: [31mRedis connection error: Error: connect ECONNREFUSED 127.0.0.1:6379[39m
[2026-06-25 12:33:35:3335] [[31merror[39m]: [31mCache middleware error: MaxRetriesPerRequestError: Reached the max retries per request limit (which is 20). Refer to "maxRetriesPerRequest" option for details.[39m
[2026-06-25 12:33:35:3335] [[31merror[39m]: [31mCache middleware error: MaxRetriesPerRequestError: Reached the max retries per request limit (which is 20). Refer to "maxRetriesPerRequest" option for details.[39m
[2026-06-25 12:33:35:3335] [[31merror[39m]: [31mCache middleware error: MaxRetriesPerRequestError: Reached the max retries per request limit (which is 20). Refer to "maxRetriesPerRequest" option for details.[39m
[2026-06-25 12:33:37:3337] [[31merror[39m]: [31mRedis connection error: Error: connect ECONNREFUSED 127.0.0.1:6379[39m
[2026-06-25 12:33:39:3339] [[31merror[39m]: [31mRedis connection error: Error: connect ECONNREFUSED 127.0.0.1:6379[39m
[2026-06-25 12:33:41:3341] [[31merror[39m]: [31mRedis connection error: Error: connect ECONNREFUSED 127.0.0.1:6379[39m
[2026-06-25 12:33:43:3343] [[31merror[39m]: [31mRedis connection error: Error: connect ECONNREFUSED 127.0.0.1:6379[39m
[2026-06-25 12:33:45:3345] [[31merror[39m]: [31mRedis connection error: Error: connect ECONNREFUSED 127.0.0.1:6379[39m
[2026-06-25 12:33:47:3347] [[31merror[39m]: [31mRedis connection error: Error: connect ECONNREFUSED 127.0.0.1:6379[39m
[2026-06-25 12:33:49:3349] [[31merror[39m]: [31mRedis connection error: Error: connect ECONNREFUSED 127.0.0.1:6379[39m
[2026-06-25 12:33:51:3351] [[31merror[39m]: [31mRedis connection error: Error: connect ECONNREFUSED 127.0.0.1:6379[39m
[2026-06-25 12:33:53:3353] [[31merror[39m]: [31mRedis connection error: Error: connect ECONNREFUSED 127.0.0.1:6379[39m
[2026-06-25 12:33:55:3355] [[31merror[39m]: [31mRedis connection error: Error: connect ECONNREFUSED 127.0.0.1:6379[39m
[2026-06-25 12:33:57:3357] [[31merror[39m]: [31mRedis connection error: Error: connect ECONNREFUSED 127.0.0.1:6379[39m
[2026-06-25 12:33:59:3359] [[31merror[39m]: [31mRedis connection error: Error: connect ECONNREFUSED 127.0.0.1:6379[39m
[2026-06-25 12:34:01:341] [[31merror[39m]: [31mRedis connection error: Error: connect ECONNREFUSED 127.0.0.1:6379[39m
[2026-06-25 12:34:03:343] [[31merror[39m]: [31mRedis connection error: Error: connect ECONNREFUSED 127.0.0.1:6379[39m
[2026-06-25 12:34:05:345] [[31merror[39m]: [31mRedis connection error: Error: connect ECONNREFUSED 127.0.0.1:6379[39m
[2026-06-25 12:34:07:347] [[31merror[39m]: [31mRedis connection error: Error: connect ECONNREFUSED 127.0.0.1:6379[39m
[2026-06-25 12:34:09:349] [[31merror[39m]: [31mRedis connection error: Error: connect ECONNREFUSED 127.0.0.1:6379[39m
[2026-06-25 12:34:11:3411] [[31merror[39m]: [31mRedis connection error: Error: connect ECONNREFUSED 127.0.0.1:6379[39m
[2026-06-25 12:34:13:3413] [[31merror[39m]: [31mRedis connection error: Error: connect ECONNREFUSED 127.0.0.1:6379[39m
[2026-06-25 12:34:15:3415] [[31merror[39m]: [31mRedis connection error: Error: connect ECONNREFUSED 127.0.0.1:6379[39m
[2026-06-25 12:34:17:3417] [[31merror[39m]: [31mRedis connection error: Error: connect ECONNREFUSED 127.0.0.1:6379[39m
[2026-06-25 12:34:19:3419] [[31merror[39m]: [31mRedis connection error: Error: connect ECONNREFUSED 127.0.0.1:6379[39m
[2026-06-25 12:34:21:3421] [[31merror[39m]: [31mRedis connection error: Error: connect ECONNREFUSED 127.0.0.1:6379[39m
[2026-06-25 12:34:23:3423] [[31merror[39m]: [31mRedis connection error: Error: connect ECONNREFUSED 127.0.0.1:6379[39m
[2026-06-25 12:34:25:3425] [[31merror[39m]: [31mRedis connection error: Error: connect ECONNREFUSED 127.0.0.1:6379[39m
[2026-06-25 12:34:27:3427] [[31merror[39m]: [31mRedis connection error: Error: connect ECONNREFUSED 127.0.0.1:6379[39m
[2026-06-25 12:34:29:3429] [[31merror[39m]: [31mRedis connection error: Error: connect ECONNREFUSED 127.0.0.1:6379[39m
[2026-06-25 12:34:31:3431] [[31merror[39m]: [31mRedis connection error: Error: connect ECONNREFUSED 127.0.0.1:6379[39m
[2026-06-25 12:34:33:3433] [[31merror[39m]: [31mRedis connection error: Error: connect ECONNREFUSED 127.0.0.1:6379[39m
[2026-06-25 12:34:35:3435] [[31merror[39m]: [31mRedis connection error: Error: connect ECONNREFUSED 127.0.0.1:6379[39m
[2026-06-25 12:34:37:3437] [[31merror[39m]: [31mRedis connection error: Error: connect ECONNREFUSED 127.0.0.1:6379[39m
[2026-06-25 12:34:39:3439] [[31merror[39m]: [31mRedis connection error: Error: connect ECONNREFUSED 127.0.0.1:6379[39m
[2026-06-25 12:34:41:3441] [[31merror[39m]: [31mRedis connection error: Error: connect ECONNREFUSED 127.0.0.1:6379[39m
[2026-06-25 12:34:55:3455] [[32minfo[39m]: [32mLocal In-Memory submission task worker ready.[39m
[2026-06-25 12:34:55:3455] [[32minfo[39m]: [32mLocal In-Memory submission task queue initialized.[39m
[2026-06-25 12:34:55:3455] [[32minfo[39m]: [32mServer running on port 5000 in development mode.[39m
[2026-06-25 12:34:55:3455] [[31merror[39m]: [31mRedis connection error: Error: connect ECONNREFUSED 127.0.0.1:6379[39m
[2026-06-25 12:34:55:3455] [[31merror[39m]: [31mRedis connection error: Error: connect ECONNREFUSED 127.0.0.1:6379[39m
[2026-06-25 12:34:56:3456] [[31merror[39m]: [31mRedis connection error: Error: connect ECONNREFUSED 127.0.0.1:6379[39m
[2026-06-25 12:34:56:3456] [[31merror[39m]: [31mRedis connection error: Error: connect ECONNREFUSED 127.0.0.1:6379[39m
[2026-06-25 12:34:56:3456] [[31merror[39m]: [31mRedis connection error: Error: connect ECONNREFUSED 127.0.0.1:6379[39m
[2026-06-25 12:34:56:3456] [[31merror[39m]: [31mRedis connection error: Error: connect ECONNREFUSED 127.0.0.1:6379[39m
[2026-06-25 12:34:56:3456] [[31merror[39m]: [31mRedis connection error: Error: connect ECONNREFUSED 127.0.0.1:6379[39m
[2026-06-25 12:34:57:3457] [[31merror[39m]: [31mRedis connection error: Error: connect ECONNREFUSED 127.0.0.1:6379[39m
[2026-06-25 12:34:57:3457] [[31merror[39m]: [31mRedis connection error: Error: connect ECONNREFUSED 127.0.0.1:6379[39m
[2026-06-25 12:34:58:3458] [[31merror[39m]: [31mRedis connection error: Error: connect ECONNREFUSED 127.0.0.1:6379[39m
[2026-06-25 12:34:58:3458] [[31merror[39m]: [31mRedis connection error: Error: connect ECONNREFUSED 127.0.0.1:6379[39m
[2026-06-25 12:34:59:3459] [[31merror[39m]: [31mRedis connection error: Error: connect ECONNREFUSED 127.0.0.1:6379[39m
[2026-06-25 12:34:59:3459] [[31merror[39m]: [31mRedis connection error: Error: connect ECONNREFUSED 127.0.0.1:6379[39m
[2026-06-25 12:35:00:350] [[31merror[39m]: [31mRedis connection error: Error: connect ECONNREFUSED 127.0.0.1:6379[39m
[2026-06-25 12:35:01:351] [[31merror[39m]: [31mRedis connection error: Error: connect ECONNREFUSED 127.0.0.1:6379[39m
[2026-06-25 12:35:02:352] [[31merror[39m]: [31mRedis connection error: Error: connect ECONNREFUSED 127.0.0.1:6379[39m
[2026-06-25 12:35:02:352] [[31merror[39m]: [31mRedis connection error: Error: connect ECONNREFUSED 127.0.0.1:6379[39m
[2026-06-25 12:35:03:353] [[31merror[39m]: [31mRedis connection error: Error: connect ECONNREFUSED 127.0.0.1:6379[39m
[2026-06-25 12:35:04:354] [[31merror[39m]: [31mRedis connection error: Error: connect ECONNREFUSED 127.0.0.1:6379[39m
[2026-06-25 12:35:05:355] [[31merror[39m]: [31mRedis connection error: Error: connect ECONNREFUSED 127.0.0.1:6379[39m
[2026-06-25 12:35:06:356] [[31merror[39m]: [31mRedis connection error: Error: connect ECONNREFUSED 127.0.0.1:6379[39m
[2026-06-25 12:35:07:357] [[31merror[39m]: [31mRedis connection error: Error: connect ECONNREFUSED 127.0.0.1:6379[39m
[2026-06-25 12:35:08:358] [[31merror[39m]: [31mRedis connection error: Error: connect ECONNREFUSED 127.0.0.1:6379[39m
[2026-06-25 12:35:09:359] [[31merror[39m]: [31mRedis connection error: Error: connect ECONNREFUSED 127.0.0.1:6379[39m
[2026-06-25 12:35:11:3511] [[31merror[39m]: [31mRedis connection error: Error: connect ECONNREFUSED 127.0.0.1:6379[39m
[2026-06-25 12:35:12:3512] [[31merror[39m]: [31mRedis connection error: Error: connect ECONNREFUSED 127.0.0.1:6379[39m
[2026-06-25 12:35:13:3513] [[31merror[39m]: [31mRedis connection error: Error: connect ECONNREFUSED 127.0.0.1:6379[39m
[2026-06-25 12:35:15:3515] [[31merror[39m]: [31mRedis connection error: Error: connect ECONNREFUSED 127.0.0.1:6379[39m
[2026-06-25 12:35:16:3516] [[31merror[39m]: [31mRedis connection error: Error: connect ECONNREFUSED 127.0.0.1:6379[39m
[2026-06-25 12:35:17:3517] [[31merror[39m]: [31mRedis connection error: Error: connect ECONNREFUSED 127.0.0.1:6379[39m
[2026-06-25 12:35:19:3519] [[31merror[39m]: [31mRedis connection error: Error: connect ECONNREFUSED 127.0.0.1:6379[39m
[2026-06-25 12:35:21:3521] [[31merror[39m]: [31mRedis connection error: Error: connect ECONNREFUSED 127.0.0.1:6379[39m
[2026-06-25 12:35:22:3522] [[31merror[39m]: [31mRedis connection error: Error: connect ECONNREFUSED 127.0.0.1:6379[39m
[2026-06-25 12:35:24:3524] [[31merror[39m]: [31mRedis connection error: Error: connect ECONNREFUSED 127.0.0.1:6379[39m
[2026-06-25 12:35:26:3526] [[31merror[39m]: [31mRedis connection error: Error: connect ECONNREFUSED 127.0.0.1:6379[39m
[2026-06-25 12:35:27:3527] [[31merror[39m]: [31mRedis connection error: Error: connect ECONNREFUSED 127.0.0.1:6379[39m
[2026-06-25 12:35:29:3529] [[31merror[39m]: [31mRedis connection error: Error: connect ECONNREFUSED 127.0.0.1:6379[39m
[2026-06-25 12:35:31:3531] [[31merror[39m]: [31mRedis connection error: Error: connect ECONNREFUSED 127.0.0.1:6379[39m
[2026-06-25 12:35:33:3533] [[31merror[39m]: [31mRedis connection error: Error: connect ECONNREFUSED 127.0.0.1:6379[39m
[2026-06-25 12:35:35:3535] [[31merror[39m]: [31mRedis connection error: Error: connect ECONNREFUSED 127.0.0.1:6379[39m
[2026-06-25 12:35:37:3537] [[31merror[39m]: [31mRedis connection error: Error: connect ECONNREFUSED 127.0.0.1:6379[39m
[2026-06-25 12:35:39:3539] [[31merror[39m]: [31mRedis connection error: Error: connect ECONNREFUSED 127.0.0.1:6379[39m
[2026-06-25 12:35:39:3539] [[31merror[39m]: [31mCache middleware error: MaxRetriesPerRequestError: Reached the max retries per request limit (which is 20). Refer to "maxRetriesPerRequest" option for details.[39m
[2026-06-25 12:35:39:3539] [[31merror[39m]: [31mCache middleware error: MaxRetriesPerRequestError: Reached the max retries per request limit (which is 20). Refer to "maxRetriesPerRequest" option for details.[39m
[2026-06-25 12:35:41:3541] [[31merror[39m]: [31mRedis connection error: Error: connect ECONNREFUSED 127.0.0.1:6379[39m
[2026-06-25 12:35:43:3543] [[31merror[39m]: [31mRedis connection error: Error: connect ECONNREFUSED 127.0.0.1:6379[39m
[2026-06-25 12:35:45:3545] [[31merror[39m]: [31mRedis connection error: Error: connect ECONNREFUSED 127.0.0.1:6379[39m
[2026-06-25 12:35:47:3547] [[31merror[39m]: [31mRedis connection error: Error: connect ECONNREFUSED 127.0.0.1:6379[39m
[2026-06-25 12:35:49:3549] [[31merror[39m]: [31mRedis connection error: Error: connect ECONNREFUSED 127.0.0.1:6379[39m
[2026-06-25 12:35:51:3551] [[31merror[39m]: [31mRedis connection error: Error: connect ECONNREFUSED 127.0.0.1:6379[39m
[2026-06-25 12:35:53:3553] [[31merror[39m]: [31mRedis connection error: Error: connect ECONNREFUSED 127.0.0.1:6379[39m
[2026-06-25 12:35:55:3555] [[31merror[39m]: [31mRedis connection error: Error: connect ECONNREFUSED 127.0.0.1:6379[39m
[2026-06-25 12:35:57:3557] [[31merror[39m]: [31mRedis connection error: Error: connect ECONNREFUSED 127.0.0.1:6379[39m
[2026-06-25 12:35:59:3559] [[31merror[39m]: [31mRedis connection error: Error: connect ECONNREFUSED 127.0.0.1:6379[39m
[2026-06-25 12:36:01:361] [[31merror[39m]: [31mRedis connection error: Error: connect ECONNREFUSED 127.0.0.1:6379[39m
[2026-06-25 12:36:03:363] [[31merror[39m]: [31mRedis connection error: Error: connect ECONNREFUSED 127.0.0.1:6379[39m
[2026-06-25 12:36:05:365] [[31merror[39m]: [31mRedis connection error: Error: connect ECONNREFUSED 127.0.0.1:6379[39m
[2026-06-25 12:36:07:367] [[31merror[39m]: [31mRedis connection error: Error: connect ECONNREFUSED 127.0.0.1:6379[39m
[2026-06-25 12:36:09:369] [[31merror[39m]: [31mRedis connection error: Error: connect ECONNREFUSED 127.0.0.1:6379[39m
[2026-06-25 12:36:11:3611] [[31merror[39m]: [31mRedis connection error: Error: connect ECONNREFUSED 127.0.0.1:6379[39m
[2026-06-25 12:36:13:3613] [[31merror[39m]: [31mRedis connection error: Error: connect ECONNREFUSED 127.0.0.1:6379[39m
[2026-06-25 12:36:15:3615] [[31merror[39m]: [31mRedis connection error: Error: connect ECONNREFUSED 127.0.0.1:6379[39m
[2026-06-25 12:36:17:3617] [[31merror[39m]: [31mRedis connection error: Error: connect ECONNREFUSED 127.0.0.1:6379[39m
[2026-06-25 12:36:19:3619] [[31merror[39m]: [31mRedis connection error: Error: connect ECONNREFUSED 127.0.0.1:6379[39m
[2026-06-25 12:36:21:3621] [[31merror[39m]: [31mRedis connection error: Error: connect ECONNREFUSED 127.0.0.1:6379[39m
[2026-06-25 12:36:23:3623] [[31merror[39m]: [31mRedis connection error: Error: connect ECONNREFUSED 127.0.0.1:6379[39m
[2026-06-25 12:36:25:3625] [[31merror[39m]: [31mRedis connection error: Error: connect ECONNREFUSED 127.0.0.1:6379[39m
[2026-06-25 12:36:27:3627] [[31merror[39m]: [31mRedis connection error: Error: connect ECONNREFUSED 127.0.0.1:6379[39m
[2026-06-25 12:36:29:3629] [[31merror[39m]: [31mRedis connection error: Error: connect ECONNREFUSED 127.0.0.1:6379[39m
[2026-06-25 12:36:31:3631] [[31merror[39m]: [31mRedis connection error: Error: connect ECONNREFUSED 127.0.0.1:6379[39m
[2026-06-25 12:36:33:3633] [[31merror[39m]: [31mRedis connection error: Error: connect ECONNREFUSED 127.0.0.1:6379[39m
[2026-06-25 12:36:35:3635] [[31merror[39m]: [31mRedis connection error: Error: connect ECONNREFUSED 127.0.0.1:6379[39m
[2026-06-25 12:36:37:3637] [[31merror[39m]: [31mRedis connection error: Error: connect ECONNREFUSED 127.0.0.1:6379[39m
[2026-06-25 12:36:39:3639] [[31merror[39m]: [31mRedis connection error: Error: connect ECONNREFUSED 127.0.0.1:6379[39m
[2026-06-25 12:36:41:3641] [[31merror[39m]: [31mRedis connection error: Error: connect ECONNREFUSED 127.0.0.1:6379[39m
[2026-06-25 12:36:43:3643] [[31merror[39m]: [31mRedis connection error: Error: connect ECONNREFUSED 127.0.0.1:6379[39m
[2026-06-25 12:36:45:3645] [[31merror[39m]: [31mRedis connection error: Error: connect ECONNREFUSED 127.0.0.1:6379[39m
[2026-06-25 12:36:47:3647] [[31merror[39m]: [31mRedis connection error: Error: connect ECONNREFUSED 127.0.0.1:6379[39m
[2026-06-25 12:36:49:3649] [[31merror[39m]: [31mRedis connection error: Error: connect ECONNREFUSED 127.0.0.1:6379[39m
[2026-06-25 12:36:51:3651] [[31merror[39m]: [31mRedis connection error: Error: connect ECONNREFUSED 127.0.0.1:6379[39m
[2026-06-25 12:36:53:3653] [[31merror[39m]: [31mRedis connection error: Error: connect ECONNREFUSED 127.0.0.1:6379[39m
[2026-06-25 12:36:57:3657] [[32minfo[39m]: [32mLocal In-Memory submission task worker ready.[39m
[2026-06-25 12:36:57:3657] [[32minfo[39m]: [32mLocal In-Memory submission task queue initialized.[39m
[2026-06-25 12:36:57:3657] [[32minfo[39m]: [32mServer running on port 5000 in development mode.[39m
[2026-06-25 12:36:57:3657] [[31merror[39m]: [31mRedis connection error: Error: connect ECONNREFUSED 127.0.0.1:6379[39m
[2026-06-25 12:36:57:3657] [[31merror[39m]: [31mRedis connection error: Error: connect ECONNREFUSED 127.0.0.1:6379[39m
[2026-06-25 12:36:57:3657] [[31merror[39m]: [31mRedis connection error: Error: connect ECONNREFUSED 127.0.0.1:6379[39m
[2026-06-25 12:36:57:3657] [[31merror[39m]: [31mRedis connection error: Error: connect ECONNREFUSED 127.0.0.1:6379[39m
[2026-06-25 12:36:57:3657] [[33mwarn[39m]: [33mRedis connection failed after 3 retries. Disabling further retries.[39m
[2026-06-25 12:37:31:3731] [[32minfo[39m]: [32mLocal In-Memory submission task worker ready.[39m
[2026-06-25 12:37:31:3731] [[32minfo[39m]: [32mLocal In-Memory submission task queue initialized.[39m
[2026-06-25 12:37:31:3731] [[32minfo[39m]: [32mServer running on port 5000 in development mode.[39m
[2026-06-25 12:37:31:3731] [[31merror[39m]: [31mRedis connection error: Error: connect ECONNREFUSED 127.0.0.1:6379[39m
[2026-06-25 12:37:31:3731] [[31merror[39m]: [31mRedis connection error: Error: connect ECONNREFUSED 127.0.0.1:6379[39m
[2026-06-25 12:37:31:3731] [[31merror[39m]: [31mRedis connection error: Error: connect ECONNREFUSED 127.0.0.1:6379[39m
[2026-06-25 12:37:31:3731] [[31merror[39m]: [31mRedis connection error: Error: connect ECONNREFUSED 127.0.0.1:6379[39m
[2026-06-25 12:37:31:3731] [[33mwarn[39m]: [33mRedis connection failed after 3 retries. Disabling further retries.[39m
[2026-06-25 12:43:40:4340] [[31merror[39m]: [31mCache middleware error: Error: Connection is closed.[39m
[2026-06-25 12:43:40:4340] [[31merror[39m]: [31mCache middleware error: Error: Connection is closed.[39m
[2026-06-25 12:55:46:5546] [[31merror[39m]: [31mCache middleware error: Error: Connection is closed.[39m
[2026-06-25 12:55:46:5546] [[31merror[39m]: [31mCache middleware error: Error: Connection is closed.[39m
[2026-06-25 14:08:23:823] [[31merror[39m]: [31mCache middleware error: Error: Connection is closed.[39m
[2026-06-25 14:08:24:824] [[31merror[39m]: [31mCache middleware error: Error: Connection is closed.[39m
[2026-06-25 14:54:49:5449] [[31merror[39m]: [31mCache middleware error: Error: Connection is closed.[39m
[2026-06-25 14:54:49:5449] [[31merror[39m]: [31mCache middleware error: Error: Connection is closed.[39m
[2026-06-25 16:06:00:60] [[31merror[39m]: [31mCache middleware error: Error: Connection is closed.[39m
[2026-06-25 16:06:01:61] [[31merror[39m]: [31mCache middleware error: Error: Connection is closed.[39m
[2026-06-25 20:19:32:1932] [[31merror[39m]: [31mLogout failed: [39m
[31mInvalid `prisma.deviceSession.delete()` invocation in[39m
[31mC:\Users\ASUS\Desktop\CodeSklii\backend\src\controllers\authController.ts:173:40[39m

[31m  170 }[39m
[31m  171 [39m
[31m  172 try {[39m
[31m→ 173   await prisma.deviceSession.delete([39m
[31mAn operation failed because it depends on one or more records that were required but not found. Record to delete does not exist.[39m
[2026-06-25 20:24:10:2410] [[31merror[39m]: [31mLogout failed: [39m
[31mInvalid `prisma.deviceSession.delete()` invocation in[39m
[31mC:\Users\ASUS\Desktop\CodeSklii\backend\src\controllers\authController.ts:173:40[39m

[31m  170 }[39m
[31m  171 [39m
[31m  172 try {[39m
[31m→ 173   await prisma.deviceSession.delete([39m
[31mAn operation failed because it depends on one or more records that were required but not found. Record to delete does not exist.[39m
[2026-06-25 20:25:38:2538] [[31merror[39m]: [31mLogout failed: [39m
[31mInvalid `prisma.deviceSession.delete()` invocation in[39m
[31mC:\Users\ASUS\Desktop\CodeSklii\backend\src\controllers\authController.ts:173:40[39m

[31m  170 }[39m
[31m  171 [39m
[31m  172 try {[39m
[31m→ 173   await prisma.deviceSession.delete([39m
[31mAn operation failed because it depends on one or more records that were required but not found. Record to delete does not exist.[39m
[2026-06-25 20:34:24:3424] [[31merror[39m]: [31mLogout failed: [39m
[31mInvalid `prisma.deviceSession.delete()` invocation in[39m
[31mC:\Users\ASUS\Desktop\CodeSklii\backend\src\controllers\authController.ts:173:40[39m

[31m  170 }[39m
[31m  171 [39m
[31m  172 try {[39m
[31m→ 173   await prisma.deviceSession.delete([39m
[31mAn operation failed because it depends on one or more records that were required but not found. Record to delete does not exist.[39m
[2026-06-25 20:36:24:3624] [[31merror[39m]: [31mLogout failed: [39m
[31mInvalid `prisma.deviceSession.delete()` invocation in[39m
[31mC:\Users\ASUS\Desktop\CodeSklii\backend\src\controllers\authController.ts:173:40[39m

[31m  170 }[39m
[31m  171 [39m
[31m  172 try {[39m
[31m→ 173   await prisma.deviceSession.delete([39m
[31mAn operation failed because it depends on one or more records that were required but not found. Record to delete does not exist.[39m
[2026-06-25 20:37:14:3714] [[31merror[39m]: [31mCache middleware error: Error: Connection is closed.[39m
[2026-06-25 20:37:14:3714] [[31merror[39m]: [31mCache middleware error: Error: Connection is closed.[39m
[2026-06-25 20:37:42:3742] [[31merror[39m]: [31mLogout failed: [39m
[31mInvalid `prisma.deviceSession.delete()` invocation in[39m
[31mC:\Users\ASUS\Desktop\CodeSklii\backend\src\controllers\authController.ts:173:40[39m

[31m  170 }[39m
[31m  171 [39m
[31m  172 try {[39m
[31m→ 173   await prisma.deviceSession.delete([39m
[31mAn operation failed because it depends on one or more records that were required but not found. Record to delete does not exist.[39m
[2026-06-25 20:39:51:3951] [[31merror[39m]: [31mCache middleware error: Error: Connection is closed.[39m
[2026-06-25 20:39:51:3951] [[31merror[39m]: [31mCache middleware error: Error: Connection is closed.[39m
[2026-06-25 20:48:22:4822] [[31merror[39m]: [31mLogout failed: [39m
[31mInvalid `prisma.deviceSession.delete()` invocation in[39m
[31mC:\Users\ASUS\Desktop\CodeSklii\backend\src\controllers\authController.ts:173:40[39m

[31m  170 }[39m
[31m  171 [39m
[31m  172 try {[39m
[31m→ 173   await prisma.deviceSession.delete([39m
[31mAn operation failed because it depends on one or more records that were required but not found. Record to delete does not exist.[39m
[2026-06-25 20:48:28:4828] [[31merror[39m]: [31mLogout failed: [39m
[31mInvalid `prisma.deviceSession.delete()` invocation in[39m
[31mC:\Users\ASUS\Desktop\CodeSklii\backend\src\controllers\authController.ts:173:40[39m

[31m  170 }[39m
[31m  171 [39m
[31m  172 try {[39m
[31m→ 173   await prisma.deviceSession.delete([39m
[31mAn operation failed because it depends on one or more records that were required but not found. Record to delete does not exist.[39m
[2026-06-25 20:49:01:491] [[32minfo[39m]: [32mUser registered successfully: 0c4150f8-ce0a-4408-bafd-58f6381247c2[39m
[2026-06-25 20:49:05:495] [[32minfo[39m]: [32mUser authenticated: 0c4150f8-ce0a-4408-bafd-58f6381247c2[39m
[2026-06-25 22:49:48:4948] [[31merror[39m]: [31mLogout failed: [39m
[31mInvalid `prisma.deviceSession.delete()` invocation in[39m
[31mC:\Users\ASUS\Desktop\CodeSklii\backend\src\controllers\authController.ts:173:40[39m

[31m  170 }[39m
[31m  171 [39m
[31m  172 try {[39m
[31m→ 173   await prisma.deviceSession.delete([39m
[31mAn operation failed because it depends on one or more records that were required but not found. Record to delete does not exist.[39m
[2026-06-25 22:53:03:533] [[31merror[39m]: [31mCache middleware error: Error: Connection is closed.[39m
[2026-06-25 22:53:03:533] [[31merror[39m]: [31mCache middleware error: Error: Connection is closed.[39m
[2026-06-25 22:53:09:539] [[31merror[39m]: [31mCache middleware error: Error: Connection is closed.[39m
[2026-06-25 22:53:10:5310] [[31merror[39m]: [31mCache middleware error: Error: Connection is closed.[39m
[2026-06-25 22:53:15:5315] [[31merror[39m]: [31mCache middleware error: Error: Connection is closed.[39m
[2026-06-25 22:53:15:5315] [[31merror[39m]: [31mCache middleware error: Error: Connection is closed.[39m
[2026-06-25 22:53:27:5327] [[31merror[39m]: [31mCache middleware error: Error: Connection is closed.[39m
[2026-06-25 22:53:27:5327] [[31merror[39m]: [31mCache middleware error: Error: Connection is closed.[39m
[2026-06-25 22:53:34:5334] [[31merror[39m]: [31mCache middleware error: Error: Connection is closed.[39m
[2026-06-25 22:53:34:5334] [[31merror[39m]: [31mCache middleware error: Error: Connection is closed.[39m
[2026-06-25 22:54:51:5451] [[31merror[39m]: [31mCache middleware error: Error: Connection is closed.[39m
[2026-06-25 22:54:51:5451] [[31merror[39m]: [31mCache middleware error: Error: Connection is closed.[39m
[2026-06-25 22:55:46:5546] [[31merror[39m]: [31mCache middleware error: Error: Connection is closed.[39m
[2026-06-25 22:55:46:5546] [[31merror[39m]: [31mCache middleware error: Error: Connection is closed.[39m
[2026-06-25 22:56:37:5637] [[31merror[39m]: [31mCache middleware error: Error: Connection is closed.[39m
[2026-06-25 22:56:37:5637] [[31merror[39m]: [31mCache middleware error: Error: Connection is closed.[39m
[2026-06-25 22:56:48:5648] [[31merror[39m]: [31mCache middleware error: Error: Connection is closed.[39m
[2026-06-25 22:56:48:5648] [[31merror[39m]: [31mCache middleware error: Error: Connection is closed.[39m
[2026-06-25 22:58:45:5845] [[31merror[39m]: [31mCache middleware error: Error: Connection is closed.[39m
[2026-06-25 22:58:46:5846] [[31merror[39m]: [31mCache middleware error: Error: Connection is closed.[39m
[2026-06-26 11:51:26:5126] [[32minfo[39m]: [32mLocal In-Memory submission task worker ready.[39m
[2026-06-26 11:51:26:5126] [[32minfo[39m]: [32mLocal In-Memory submission task queue initialized.[39m
[2026-06-26 11:51:26:5126] [[32minfo[39m]: [32mServer running on port 5000 in development mode.[39m
[2026-06-26 11:51:26:5126] [[31merror[39m]: [31mRedis connection error: Error: connect ECONNREFUSED 127.0.0.1:6379[39m
[2026-06-26 11:51:26:5126] [[31merror[39m]: [31mRedis connection error: Error: connect ECONNREFUSED 127.0.0.1:6379[39m
[2026-06-26 11:51:26:5126] [[31merror[39m]: [31mRedis connection error: Error: connect ECONNREFUSED 127.0.0.1:6379[39m
[2026-06-26 11:51:26:5126] [[31merror[39m]: [31mRedis connection error: Error: connect ECONNREFUSED 127.0.0.1:6379[39m
[2026-06-26 11:51:26:5126] [[33mwarn[39m]: [33mRedis connection failed after 3 retries. Disabling further retries.[39m
[2026-06-26 11:52:24:5224] [[31merror[39m]: [31mCache middleware error: Error: Connection is closed.[39m
[2026-06-26 11:52:26:5226] [[31merror[39m]: [31mCache middleware error: Error: Connection is closed.[39m
[2026-06-26 11:55:22:5522] [[31merror[39m]: [31mCache middleware error: Error: Connection is closed.[39m
[2026-06-26 11:55:22:5522] [[31merror[39m]: [31mCache middleware error: Error: Connection is closed.[39m
[2026-06-26 11:55:43:5543] [[31merror[39m]: [31mCache middleware error: Error: Connection is closed.[39m
[2026-06-26 11:55:44:5544] [[31merror[39m]: [31mCache middleware error: Error: Connection is closed.[39m
[2026-06-26 11:58:45:5845] [[31merror[39m]: [31mLogout failed: [39m
[31mInvalid `prisma.deviceSession.delete()` invocation in[39m
[31mC:\Users\ASUS\Desktop\CodeSklii\backend\src\controllers\authController.ts:173:40[39m

[31m  170 }[39m
[31m  171 [39m
[31m  172 try {[39m
[31m→ 173   await prisma.deviceSession.delete([39m
[31mAn operation failed because it depends on one or more records that were required but not found. Record to delete does not exist.[39m
[2026-06-26 11:59:46:5946] [[31merror[39m]: [31mLogout failed: [39m
[31mInvalid `prisma.deviceSession.delete()` invocation in[39m
[31mC:\Users\ASUS\Desktop\CodeSklii\backend\src\controllers\authController.ts:173:40[39m

[31m  170 }[39m
[31m  171 [39m
[31m  172 try {[39m
[31m→ 173   await prisma.deviceSession.delete([39m
[31mAn operation failed because it depends on one or more records that were required but not found. Record to delete does not exist.[39m
[2026-06-26 11:59:59:5959] [[31merror[39m]: [31mCache middleware error: Error: Connection is closed.[39m
[2026-06-26 11:59:59:5959] [[31merror[39m]: [31mCache middleware error: Error: Connection is closed.[39m
[2026-06-26 12:00:15:015] [[31merror[39m]: [31mCache middleware error: Error: Connection is closed.[39m
[2026-06-26 12:00:15:015] [[31merror[39m]: [31mCache middleware error: Error: Connection is closed.[39m
[2026-06-26 12:03:36:336] [[31merror[39m]: [31mCache middleware error: Error: Connection is closed.[39m
[2026-06-26 12:03:36:336] [[31merror[39m]: [31mCache middleware error: Error: Connection is closed.[39m
[2026-06-26 12:15:38:1538] [[31merror[39m]: [31mCache middleware error: Error: Connection is closed.[39m
[2026-06-26 12:15:38:1538] [[31merror[39m]: [31mCache middleware error: Error: Connection is closed.[39m
[2026-06-26 12:17:37:1737] [[31merror[39m]: [31mCache middleware error: Error: Connection is closed.[39m
[2026-06-26 12:17:37:1737] [[31merror[39m]: [31mCache middleware error: Error: Connection is closed.[39m
[2026-06-26 12:18:33:1833] [[31merror[39m]: [31mCache middleware error: Error: Connection is closed.[39m
[2026-06-26 12:18:33:1833] [[31merror[39m]: [31mCache middleware error: Error: Connection is closed.[39m
[2026-06-26 12:18:39:1839] [[31merror[39m]: [31mCache middleware error: Error: Connection is closed.[39m
[2026-06-26 12:18:39:1839] [[31merror[39m]: [31mCache middleware error: Error: Connection is closed.[39m
[2026-06-26 12:19:43:1943] [[31merror[39m]: [31mCache middleware error: Error: Connection is closed.[39m
[2026-06-26 12:19:43:1943] [[31merror[39m]: [31mCache middleware error: Error: Connection is closed.[39m
[2026-06-26 12:20:48:2048] [[32minfo[39m]: [32mLocal In-Memory submission task worker ready.[39m
[2026-06-26 12:20:48:2048] [[32minfo[39m]: [32mLocal In-Memory submission task queue initialized.[39m
[2026-06-26 12:20:48:2048] [[32minfo[39m]: [32mServer running on port 5000 in development mode.[39m
[2026-06-26 12:20:48:2048] [[31merror[39m]: [31mRedis connection error: Error: connect ECONNREFUSED 127.0.0.1:6379[39m
[2026-06-26 12:20:48:2048] [[31merror[39m]: [31mRedis connection error: Error: connect ECONNREFUSED 127.0.0.1:6379[39m
[2026-06-26 12:20:48:2048] [[31merror[39m]: [31mRedis connection error: Error: connect ECONNREFUSED 127.0.0.1:6379[39m
[2026-06-26 12:20:49:2049] [[31merror[39m]: [31mRedis connection error: Error: connect ECONNREFUSED 127.0.0.1:6379[39m
[2026-06-26 12:20:49:2049] [[33mwarn[39m]: [33mRedis connection failed after 3 retries. Disabling further retries.[39m
[2026-06-26 12:59:05:595] [[32minfo[39m]: [32mLocal In-Memory submission task worker ready.[39m
[2026-06-26 12:59:05:595] [[32minfo[39m]: [32mLocal In-Memory submission task queue initialized.[39m
[2026-06-26 12:59:05:595] [[32minfo[39m]: [32mServer running on port 5000 in development mode.[39m
[2026-06-26 12:59:05:595] [[32minfo[39m]: [32mConnected to Redis successfully.[39m
[2026-06-26 12:59:05:595] [[31merror[39m]: [31mRedis connection error: Error: read ECONNRESET[39m
[2026-06-26 12:59:05:595] [[32minfo[39m]: [32mConnected to Redis successfully.[39m
[2026-06-26 12:59:05:595] [[31merror[39m]: [31mRedis connection error: ReplyError: WRONGPASS invalid username-password pair[39m
[2026-06-26 12:59:05:595] [[32minfo[39m]: [32mConnected to Redis successfully.[39m
[2026-06-26 12:59:06:596] [[31merror[39m]: [31mRedis connection error: ReplyError: WRONGPASS invalid username-password pair[39m
[2026-06-26 12:59:06:596] [[32minfo[39m]: [32mConnected to Redis successfully.[39m
[2026-06-26 12:59:06:596] [[31merror[39m]: [31mRedis connection error: ReplyError: WRONGPASS invalid username-password pair[39m
[2026-06-26 12:59:06:596] [[33mwarn[39m]: [33mRedis connection failed after 3 retries. Disabling further retries.[39m
[2026-06-26 12:59:54:5954] [[32minfo[39m]: [32mLocal In-Memory submission task worker ready.[39m
[2026-06-26 12:59:54:5954] [[32minfo[39m]: [32mLocal In-Memory submission task queue initialized.[39m
[2026-06-26 12:59:54:5954] [[32minfo[39m]: [32mServer running on port 5000 in development mode.[39m
[2026-06-26 12:59:55:5955] [[32minfo[39m]: [32mConnected to Redis successfully.[39m
[2026-06-26 13:17:17:1717] [[32minfo[39m]: [32mCache miss for key: cache:/api/v1/questions?limit=50[39m
[2026-06-26 13:17:17:1717] [[32minfo[39m]: [32mCache hit for key: cache:/api/v1/questions?limit=50[39m
[2026-06-26 13:17:19:1719] [[32minfo[39m]: [32mCache hit for key: cache:/api/v1/questions?limit=50[39m
[2026-06-26 13:17:19:1719] [[32minfo[39m]: [32mCache hit for key: cache:/api/v1/questions?limit=50[39m
[2026-06-26 13:17:21:1721] [[32minfo[39m]: [32mCache hit for key: cache:/api/v1/questions?limit=50[39m
[2026-06-26 13:17:21:1721] [[32minfo[39m]: [32mCache hit for key: cache:/api/v1/questions?limit=50[39m
[2026-06-26 13:27:31:2731] [[31merror[39m]: [31mRedis connection error: Error: read ECONNRESET[39m
[2026-06-26 13:27:32:2732] [[31merror[39m]: [31mRedis connection error: Error: getaddrinfo ENOTFOUND open-pegasus-72920.upstash.io[39m
[2026-06-26 13:27:32:2732] [[31merror[39m]: [31mRedis connection error: Error: getaddrinfo ENOTFOUND open-pegasus-72920.upstash.io[39m
[2026-06-26 13:27:32:2732] [[31merror[39m]: [31mRedis connection error: Error: getaddrinfo ENOTFOUND open-pegasus-72920.upstash.io[39m
[2026-06-26 13:27:32:2732] [[33mwarn[39m]: [33mRedis connection failed after 3 retries. Disabling further retries.[39m
[2026-06-26 13:41:00:410] [[32minfo[39m]: [32mLocal In-Memory submission task worker ready.[39m
[2026-06-26 13:41:00:410] [[32minfo[39m]: [32mLocal In-Memory submission task queue initialized.[39m
[2026-06-26 13:41:00:410] [[32minfo[39m]: [32mServer running on port 5000 in development mode.[39m
[2026-06-26 13:41:00:410] [[32minfo[39m]: [32mConnected to Redis successfully.[39m
[2026-06-26 13:44:35:4435] [[32minfo[39m]: [32mCache miss for key: cache:/api/v1/questions?limit=100[39m
[2026-06-26 13:44:35:4435] [[32minfo[39m]: [32mCache hit for key: cache:/api/v1/questions?limit=100[39m
[2026-06-26 14:04:54:454] [[31merror[39m]: [31mRedis connection error: Error: read ECONNRESET[39m
[2026-06-26 14:04:55:455] [[31merror[39m]: [31mRedis connection error: Error: getaddrinfo ENOTFOUND open-pegasus-72920.upstash.io[39m
[2026-06-26 14:04:56:456] [[31merror[39m]: [31mRedis connection error: Error: getaddrinfo ENOTFOUND open-pegasus-72920.upstash.io[39m
[2026-06-26 14:04:56:456] [[31merror[39m]: [31mRedis connection error: Error: getaddrinfo ENOTFOUND open-pegasus-72920.upstash.io[39m
[2026-06-26 14:04:56:456] [[33mwarn[39m]: [33mRedis connection failed after 3 retries. Disabling further retries.[39m
[2026-06-26 14:05:04:54] [[31merror[39m]: [31mCache middleware error: Error: Connection is closed.[39m
[2026-06-26 14:05:04:54] [[31merror[39m]: [31mCache middleware error: Error: Connection is closed.[39m
[2026-06-26 14:08:42:842] [[31merror[39m]: [31mCache middleware error: Error: Connection is closed.[39m
[2026-06-26 14:08:42:842] [[31merror[39m]: [31mCache middleware error: Error: Connection is closed.[39m
[2026-06-26 14:14:44:1444] [[31merror[39m]: [31mLogout failed: [39m
[31mInvalid `prisma.deviceSession.delete()` invocation in[39m
[31mC:\Users\ASUS\Desktop\CodeSklii\backend\src\controllers\authController.ts:173:40[39m

[31m  170 }[39m
[31m  171 [39m
[31m  172 try {[39m
[31m→ 173   await prisma.deviceSession.delete([39m
[31mAn operation failed because it depends on one or more records that were required but not found. Record to delete does not exist.[39m
[2026-06-26 14:18:51:1851] [[31merror[39m]: [31mLogout failed: [39m
[31mInvalid `prisma.deviceSession.delete()` invocation in[39m
[31mC:\Users\ASUS\Desktop\CodeSklii\backend\src\controllers\authController.ts:173:40[39m

[31m  170 }[39m
[31m  171 [39m
[31m  172 try {[39m
[31m→ 173   await prisma.deviceSession.delete([39m
[31mAn operation failed because it depends on one or more records that were required but not found. Record to delete does not exist.[39m
[2026-06-26 14:19:05:195] [[31merror[39m]: [31mLogout failed: [39m
[31mInvalid `prisma.deviceSession.delete()` invocation in[39m
[31mC:\Users\ASUS\Desktop\CodeSklii\backend\src\controllers\authController.ts:173:40[39m

[31m  170 }[39m
[31m  171 [39m
[31m  172 try {[39m
[31m→ 173   await prisma.deviceSession.delete([39m
[31mAn operation failed because it depends on one or more records that were required but not found. Record to delete does not exist.[39m
[2026-06-26 14:22:34:2234] [[31merror[39m]: [31mLogout failed: [39m
[31mInvalid `prisma.deviceSession.delete()` invocation in[39m
[31mC:\Users\ASUS\Desktop\CodeSklii\backend\src\controllers\authController.ts:173:40[39m

[31m  170 }[39m
[31m  171 [39m
[31m  172 try {[39m
[31m→ 173   await prisma.deviceSession.delete([39m
[31mAn operation failed because it depends on one or more records that were required but not found. Record to delete does not exist.[39m
[2026-06-26 14:23:19:2319] [[31merror[39m]: [31mCache middleware error: Error: Connection is closed.[39m
[2026-06-26 14:23:19:2319] [[31merror[39m]: [31mCache middleware error: Error: Connection is closed.[39m
[2026-06-26 14:23:24:2324] [[31merror[39m]: [31mCache middleware error: Error: Connection is closed.[39m
[2026-06-26 14:23:24:2324] [[31merror[39m]: [31mCache middleware error: Error: Connection is closed.[39m
[2026-06-26 14:23:38:2338] [[31merror[39m]: [31mCache middleware error: Error: Connection is closed.[39m
[2026-06-26 14:23:38:2338] [[31merror[39m]: [31mCache middleware error: Error: Connection is closed.[39m
[2026-06-26 14:28:15:2815] [[31merror[39m]: [31mCache middleware error: Error: Connection is closed.[39m
[2026-06-26 14:28:15:2815] [[31merror[39m]: [31mCache middleware error: Error: Connection is closed.[39m
[2026-06-26 14:28:18:2818] [[31merror[39m]: [31mCache middleware error: Error: Connection is closed.[39m
[2026-06-26 14:28:19:2819] [[31merror[39m]: [31mCache middleware error: Error: Connection is closed.[39m
[2026-06-26 14:28:34:2834] [[31merror[39m]: [31mCache middleware error: Error: Connection is closed.[39m
[2026-06-26 14:28:34:2834] [[31merror[39m]: [31mCache middleware error: Error: Connection is closed.[39m
[2026-06-26 14:30:09:309] [[32minfo[39m]: [32mDry-run code requested by user: anonymous[39m
[2026-06-26 14:32:57:3257] [[31merror[39m]: [31mCache middleware error: Error: Connection is closed.[39m
[2026-06-26 14:32:57:3257] [[31merror[39m]: [31mCache middleware error: Error: Connection is closed.[39m
[2026-06-26 14:33:02:332] [[31merror[39m]: [31mCache middleware error: Error: Connection is closed.[39m
[2026-06-26 14:33:02:332] [[31merror[39m]: [31mCache middleware error: Error: Connection is closed.[39m
[2026-06-26 14:36:50:3650] [[31merror[39m]: [31mCache middleware error: Error: Connection is closed.[39m
[2026-06-26 14:36:50:3650] [[31merror[39m]: [31mCache middleware error: Error: Connection is closed.[39m
[2026-06-26 14:36:53:3653] [[31merror[39m]: [31mCache middleware error: Error: Connection is closed.[39m
[2026-06-26 14:36:53:3653] [[31merror[39m]: [31mCache middleware error: Error: Connection is closed.[39m
[2026-06-26 14:42:10:4210] [[31merror[39m]: [31mCache middleware error: Error: Connection is closed.[39m
[2026-06-26 14:42:10:4210] [[31merror[39m]: [31mCache middleware error: Error: Connection is closed.[39m
[2026-06-26 17:29:51:2951] [[32minfo[39m]: [32mLocal In-Memory submission task worker ready.[39m
[2026-06-26 17:29:51:2951] [[32minfo[39m]: [32mLocal In-Memory submission task queue initialized.[39m
[2026-06-26 17:29:51:2951] [[32minfo[39m]: [32mServer running on port 5000 in development mode.[39m
[2026-06-26 17:29:51:2951] [[32minfo[39m]: [32mConnected to Redis successfully.[39m
[2026-06-26 17:30:16:3016] [[31merror[39m]: [31mLogout failed: [39m
[31mInvalid `prisma.deviceSession.delete()` invocation in[39m
[31mC:\Users\ASUS\Desktop\CodeSklii\backend\src\controllers\authController.ts:173:40[39m

[31m  170 }[39m
[31m  171 [39m
[31m  172 try {[39m
[31m→ 173   await prisma.deviceSession.delete([39m
[31mAn operation failed because it depends on one or more records that were required but not found. Record to delete does not exist.[39m
[2026-06-26 17:31:00:310] [[32minfo[39m]: [32mUser registered successfully: 1bef3317-ff58-45bb-9904-a9991353a3ac[39m
[2026-06-26 17:31:03:313] [[32minfo[39m]: [32mUser authenticated: 1bef3317-ff58-45bb-9904-a9991353a3ac[39m
[2026-06-26 17:38:50:3850] [[31merror[39m]: [31mRedis connection error: Error: read ECONNRESET[39m
[2026-06-26 17:38:50:3850] [[31merror[39m]: [31mRedis connection error: Error: getaddrinfo ENOTFOUND open-pegasus-72920.upstash.io[39m
[2026-06-26 17:38:50:3850] [[31merror[39m]: [31mRedis connection error: Error: getaddrinfo ENOTFOUND open-pegasus-72920.upstash.io[39m
[2026-06-26 17:38:50:3850] [[31merror[39m]: [31mRedis connection error: Error: getaddrinfo ENOTFOUND open-pegasus-72920.upstash.io[39m
[2026-06-26 17:38:50:3850] [[33mwarn[39m]: [33mRedis connection failed after 3 retries. Disabling further retries.[39m
[2026-06-26 17:52:10:5210] [[31merror[39m]: [31mCache middleware error: Error: Connection is closed.[39m
[2026-06-26 17:52:10:5210] [[31merror[39m]: [31mCache middleware error: Error: Connection is closed.[39m
[2026-06-26 18:45:50:4550] [[32minfo[39m]: [32mLocal In-Memory submission task worker ready.[39m
[2026-06-26 18:45:50:4550] [[32minfo[39m]: [32mLocal In-Memory submission task queue initialized.[39m
[2026-06-26 18:45:50:4550] [[32minfo[39m]: [32mServer running on port 5000 in development mode.[39m
[2026-06-26 18:45:50:4550] [[32minfo[39m]: [32mConnected to Redis successfully.[39m
[2026-06-26 18:58:48:5848] [[32minfo[39m]: [32mCache miss for key: cache:/api/v1/questions?limit=100[39m
[2026-06-26 18:58:48:5848] [[32minfo[39m]: [32mCache hit for key: cache:/api/v1/questions?limit=100[39m
[2026-06-26 19:03:08:38] [[32minfo[39m]: [32mCache hit for key: cache:/api/v1/questions?limit=100[39m
[2026-06-26 19:03:09:39] [[32minfo[39m]: [32mCache hit for key: cache:/api/v1/questions?limit=100[39m
[2026-06-26 19:51:10:5110] [[31merror[39m]: [31mRedis connection error: Error: read ECONNRESET[39m
[2026-06-26 19:51:11:5111] [[31merror[39m]: [31mRedis connection error: Error: getaddrinfo ENOTFOUND open-pegasus-72920.upstash.io[39m
[2026-06-26 19:51:11:5111] [[31merror[39m]: [31mRedis connection error: Error: getaddrinfo ENOTFOUND open-pegasus-72920.upstash.io[39m
[2026-06-26 19:51:11:5111] [[31merror[39m]: [31mRedis connection error: Error: getaddrinfo ENOTFOUND open-pegasus-72920.upstash.io[39m
[2026-06-26 19:51:11:5111] [[33mwarn[39m]: [33mRedis connection failed after 3 retries. Disabling further retries.[39m
[2026-06-26 19:51:13:5113] [[31merror[39m]: [31mCache middleware error: Error: Connection is closed.[39m
[2026-06-26 20:09:05:95] [[31merror[39m]: [31mCache middleware error: Error: Connection is closed.[39m
[2026-06-26 20:09:05:95] [[31merror[39m]: [31mCache middleware error: Error: Connection is closed.[39m
[2026-06-26 22:15:53:1553] [[31merror[39m]: [31mCache middleware error: Error: Connection is closed.[39m
[2026-06-26 22:15:53:1553] [[31merror[39m]: [31mCache middleware error: Error: Connection is closed.[39m
[2026-06-26 22:20:54:2054] [[31merror[39m]: [31mCache middleware error: Error: Connection is closed.[39m
[2026-06-26 22:20:54:2054] [[31merror[39m]: [31mCache middleware error: Error: Connection is closed.[39m
[2026-06-26 22:21:25:2125] [[32minfo[39m]: [32mUser authenticated: 1bef3317-ff58-45bb-9904-a9991353a3ac[39m
[2026-06-26 22:30:17:3017] [[32minfo[39m]: [32mLocal In-Memory submission task worker ready.[39m
[2026-06-26 22:30:17:3017] [[32minfo[39m]: [32mLocal In-Memory submission task queue initialized.[39m
[2026-06-26 22:30:17:3017] [[32minfo[39m]: [32mServer running on port 5000 in development mode.[39m
[2026-06-26 22:30:17:3017] [[32minfo[39m]: [32mConnected to Redis successfully.[39m
[2026-06-27 10:33:04:334] [[32minfo[39m]: [32mLocal In-Memory submission task worker ready.[39m
[2026-06-27 10:33:04:334] [[32minfo[39m]: [32mLocal In-Memory submission task queue initialized.[39m
[2026-06-27 10:33:04:334] [[32minfo[39m]: [32mServer running on port 5000 in development mode.[39m
[2026-06-27 10:33:05:335] [[32minfo[39m]: [32mConnected to Redis successfully.[39m
[2026-06-27 10:33:06:336] [[31merror[39m]: [31mLogin logic failed: [39m
[31mInvalid `prisma.user.findUnique()` invocation in[39m
[31mC:\Users\ASUS\Desktop\CodeSklii\backend\src\controllers\authController.ts:63:38[39m

[31m  60 }[39m
[31m  61 [39m
[31m  62 try {[39m
[31m→ 63   const user = await prisma.user.findUnique([39m
[31mAuthentication failed against database server at `localhost`, the provided database credentials for `postgres` are not valid.[39m

[31mPlease make sure to provide valid database credentials for the database server at `localhost`.[39m
[2026-06-27 10:33:23:3323] [[32minfo[39m]: [32mLocal In-Memory submission task worker ready.[39m
[2026-06-27 10:33:23:3323] [[32minfo[39m]: [32mLocal In-Memory submission task queue initialized.[39m
[2026-06-27 10:33:23:3323] [[32minfo[39m]: [32mServer running on port 5000 in development mode.[39m
[2026-06-27 10:33:23:3323] [[32minfo[39m]: [32mConnected to Redis successfully.[39m
[2026-06-27 10:33:33:3333] [[31merror[39m]: [31mLogin logic failed: [39m
[31mInvalid `prisma.user.findUnique()` invocation in[39m
[31mC:\Users\ASUS\Desktop\CodeSklii\backend\src\controllers\authController.ts:63:38[39m

[31m  60 }[39m
[31m  61 [39m
[31m  62 try {[39m
[31m→ 63   const user = await prisma.user.findUnique([39m
[31mAuthentication failed against database server at `localhost`, the provided database credentials for `postgres` are not valid.[39m

[31mPlease make sure to provide valid database credentials for the database server at `localhost`.[39m
[2026-06-27 11:00:41:041] [[31merror[39m]: [31mLogin logic failed: [39m
[31mInvalid `prisma.user.findUnique()` invocation in[39m
[31mC:\Users\ASUS\Desktop\CodeSklii\backend\src\controllers\authController.ts:63:38[39m

[31m  60 }[39m
[31m  61 [39m
[31m  62 try {[39m
[31m→ 63   const user = await prisma.user.findUnique([39m
[31mAuthentication failed against database server at `localhost`, the provided database credentials for `postgres` are not valid.[39m

[31mPlease make sure to provide valid database credentials for the database server at `localhost`.[39m
[2026-06-27 11:01:40:140] [[32minfo[39m]: [32mLocal In-Memory submission task worker ready.[39m
[2026-06-27 11:01:40:140] [[32minfo[39m]: [32mLocal In-Memory submission task queue initialized.[39m
[2026-06-27 11:01:40:140] [[32minfo[39m]: [32mServer running on port 5000 in development mode.[39m
[2026-06-27 11:01:41:141] [[32minfo[39m]: [32mConnected to Redis successfully.[39m
[2026-06-27 11:01:45:145] [[32minfo[39m]: [32mUser authenticated: 36937c60-142d-4b50-b5d3-2dd3155b0723[39m
[2026-06-27 11:02:00:20] [[32minfo[39m]: [32mCache miss for key: cache:/api/v1/questions?limit=50[39m
[2026-06-27 11:02:01:21] [[32minfo[39m]: [32mCache hit for key: cache:/api/v1/questions?limit=50[39m
[2026-06-27 11:03:34:334] [[32minfo[39m]: [32mCache hit for key: cache:/api/v1/questions?limit=50[39m
[2026-06-27 11:03:34:334] [[32minfo[39m]: [32mCache hit for key: cache:/api/v1/questions?limit=50[39m
[2026-06-27 11:04:39:439] [[31merror[39m]: [31mLogout failed: [39m
[31mInvalid `prisma.deviceSession.delete()` invocation in[39m
[31mC:\Users\ASUS\Desktop\CodeSklii\backend\src\controllers\authController.ts:174:40[39m

[31m  171 }[39m
[31m  172 [39m
[31m  173 try {[39m
[31m→ 174   await prisma.deviceSession.delete([39m
[31mAn operation failed because it depends on one or more records that were required but not found. Record to delete does not exist.[39m
[2026-06-27 11:04:39:439] [[31merror[39m]: [31mLogout failed: [39m
[31mInvalid `prisma.deviceSession.delete()` invocation in[39m
[31mC:\Users\ASUS\Desktop\CodeSklii\backend\src\controllers\authController.ts:174:40[39m

[31m  171 }[39m
[31m  172 [39m
[31m  173 try {[39m
[31m→ 174   await prisma.deviceSession.delete([39m
[31mAn operation failed because it depends on one or more records that were required but not found. Record to delete does not exist.[39m
[2026-06-27 11:05:08:58] [[32minfo[39m]: [32mUser registered successfully: def202e5-553d-4a70-9590-cd3499dc4462[39m
[2026-06-27 11:05:10:510] [[32minfo[39m]: [32mUser authenticated: def202e5-553d-4a70-9590-cd3499dc4462[39m
[2026-06-27 11:06:53:653] [[32minfo[39m]: [32mUser authenticated: 36937c60-142d-4b50-b5d3-2dd3155b0723[39m
[2026-06-27 11:13:53:1353] [[32minfo[39m]: [32mCache miss for key: cache:/api/v1/questions?limit=50[39m
[2026-06-27 11:13:54:1354] [[32minfo[39m]: [32mCache hit for key: cache:/api/v1/questions?limit=50[39m
[2026-06-27 11:21:25:2125] [[32minfo[39m]: [32mCache miss for key: cache:/api/v1/questions?limit=50[39m
[2026-06-27 11:21:26:2126] [[32minfo[39m]: [32mCache hit for key: cache:/api/v1/questions?limit=50[39m
[2026-06-27 11:24:08:248] [[32minfo[39m]: [32mCache hit for key: cache:/api/v1/questions?limit=50[39m
[2026-06-27 11:24:08:248] [[32minfo[39m]: [32mCache hit for key: cache:/api/v1/questions?limit=50[39m
[2026-06-27 11:24:31:2431] [[32minfo[39m]: [32mCache hit for key: cache:/api/v1/questions?limit=50[39m
[2026-06-27 11:24:31:2431] [[32minfo[39m]: [32mCache hit for key: cache:/api/v1/questions?limit=50[39m
[2026-06-27 11:24:54:2454] [[32minfo[39m]: [32mCache hit for key: cache:/api/v1/questions?limit=50[39m
[2026-06-27 11:24:54:2454] [[32minfo[39m]: [32mCache hit for key: cache:/api/v1/questions?limit=50[39m
[2026-06-27 11:24:57:2457] [[32minfo[39m]: [32mCache hit for key: cache:/api/v1/questions?limit=50[39m
[2026-06-27 11:24:57:2457] [[32minfo[39m]: [32mCache hit for key: cache:/api/v1/questions?limit=50[39m
[2026-06-27 11:25:08:258] [[32minfo[39m]: [32mCache hit for key: cache:/api/v1/questions?limit=50[39m
[2026-06-27 11:25:08:258] [[32minfo[39m]: [32mCache hit for key: cache:/api/v1/questions?limit=50[39m
[2026-06-27 11:37:15:3715] [[32minfo[39m]: [32mCache miss for key: cache:/api/v1/questions?limit=50[39m
[2026-06-27 11:37:15:3715] [[32minfo[39m]: [32mCache hit for key: cache:/api/v1/questions?limit=50[39m
[2026-06-27 11:37:27:3727] [[32minfo[39m]: [32mCache hit for key: cache:/api/v1/questions?limit=50[39m
[2026-06-27 11:37:27:3727] [[32minfo[39m]: [32mCache hit for key: cache:/api/v1/questions?limit=50[39m
[2026-06-27 11:39:00:390] [[32minfo[39m]: [32mCache hit for key: cache:/api/v1/questions?limit=50[39m
[2026-06-27 11:39:00:390] [[32minfo[39m]: [32mCache hit for key: cache:/api/v1/questions?limit=50[39m
[2026-06-27 11:39:06:396] [[32minfo[39m]: [32mCache hit for key: cache:/api/v1/questions?limit=50[39m
[2026-06-27 11:39:06:396] [[32minfo[39m]: [32mCache hit for key: cache:/api/v1/questions?limit=50[39m
[2026-06-27 11:40:56:4056] [[32minfo[39m]: [32mCache hit for key: cache:/api/v1/questions?limit=50[39m
[2026-06-27 11:40:56:4056] [[32minfo[39m]: [32mCache hit for key: cache:/api/v1/questions?limit=50[39m
[2026-06-27 11:41:04:414] [[32minfo[39m]: [32mCache hit for key: cache:/api/v1/questions?limit=50[39m
[2026-06-27 11:41:04:414] [[32minfo[39m]: [32mCache hit for key: cache:/api/v1/questions?limit=50[39m
[2026-06-27 11:41:08:418] [[32minfo[39m]: [32mCache hit for key: cache:/api/v1/questions?limit=50[39m
[2026-06-27 11:41:08:418] [[32minfo[39m]: [32mCache hit for key: cache:/api/v1/questions?limit=50[39m
[2026-06-27 11:45:41:4541] [[32minfo[39m]: [32mUser authenticated: 36937c60-142d-4b50-b5d3-2dd3155b0723[39m
[2026-06-27 11:47:37:4737] [[32minfo[39m]: [32mCache miss for key: cache:/api/v1/questions?limit=100[39m
[2026-06-27 11:47:38:4738] [[32minfo[39m]: [32mCache hit for key: cache:/api/v1/questions?limit=100[39m
[2026-06-27 11:48:07:487] [[32minfo[39m]: [32mCache hit for key: cache:/api/v1/questions?limit=100[39m
[2026-06-27 11:48:08:488] [[32minfo[39m]: [32mCache hit for key: cache:/api/v1/questions?limit=100[39m
[2026-06-27 11:48:18:4818] [[32minfo[39m]: [32mCache hit for key: cache:/api/v1/questions?limit=100[39m
[2026-06-27 11:48:18:4818] [[32minfo[39m]: [32mCache hit for key: cache:/api/v1/questions?limit=100[39m
[2026-06-27 12:07:52:752] [[32minfo[39m]: [32mUser authenticated: 36937c60-142d-4b50-b5d3-2dd3155b0723[39m
[2026-06-27 12:42:27:4227] [[32minfo[39m]: [32mUser registered successfully: 532307fd-17a4-4924-93be-20ba3d4a44d7[39m
[2026-06-27 12:42:32:4232] [[32minfo[39m]: [32mUser authenticated: 532307fd-17a4-4924-93be-20ba3d4a44d7[39m
[2026-06-27 12:42:43:4243] [[32minfo[39m]: [32mUser authenticated: 36937c60-142d-4b50-b5d3-2dd3155b0723[39m
[2026-06-27 12:43:10:4310] [[32minfo[39m]: [32mUser authenticated: 532307fd-17a4-4924-93be-20ba3d4a44d7[39m
[2026-06-27 12:48:46:4846] [[32minfo[39m]: [32mUser authenticated: 36937c60-142d-4b50-b5d3-2dd3155b0723[39m
[2026-06-27 12:57:07:577] [[32minfo[39m]: [32mUser authenticated: 532307fd-17a4-4924-93be-20ba3d4a44d7[39m
[2026-06-27 13:00:14:014] [[32minfo[39m]: [32mLocal In-Memory submission task worker ready.[39m
[2026-06-27 13:00:14:014] [[32minfo[39m]: [32mLocal In-Memory submission task queue initialized.[39m
[2026-06-27 13:00:14:014] [[32minfo[39m]: [32mServer running on port 5000 in development mode.[39m
[2026-06-27 13:00:15:015] [[32minfo[39m]: [32mConnected to Redis successfully.[39m
[2026-06-27 13:00:32:032] [[32minfo[39m]: [32mLocal In-Memory submission task worker ready.[39m
[2026-06-27 13:00:32:032] [[32minfo[39m]: [32mLocal In-Memory submission task queue initialized.[39m
[2026-06-27 13:00:33:033] [[32minfo[39m]: [32mServer running on port 5000 in development mode.[39m
[2026-06-27 13:00:34:034] [[32minfo[39m]: [32mConnected to Redis successfully.[39m
[2026-06-27 13:04:03:43] [[32minfo[39m]: [32mUser authenticated: 36937c60-142d-4b50-b5d3-2dd3155b0723[39m
[2026-06-27 13:04:25:425] [[32minfo[39m]: [32mUser authenticated: 532307fd-17a4-4924-93be-20ba3d4a44d7[39m
[2026-06-27 13:10:52:1052] [[32minfo[39m]: [32mUser authenticated: 36937c60-142d-4b50-b5d3-2dd3155b0723[39m
[2026-06-27 13:37:06:376] [[31merror[39m]: [31mRedis connection error: Error: read ECONNRESET[39m
[2026-06-27 13:37:06:376] [[31merror[39m]: [31mRedis connection error: Error: getaddrinfo ENOTFOUND open-pegasus-72920.upstash.io[39m
[2026-06-27 13:37:06:376] [[31merror[39m]: [31mRedis connection error: Error: getaddrinfo ENOTFOUND open-pegasus-72920.upstash.io[39m
[2026-06-27 13:37:07:377] [[31merror[39m]: [31mRedis connection error: Error: getaddrinfo ENOTFOUND open-pegasus-72920.upstash.io[39m
[2026-06-27 13:37:07:377] [[33mwarn[39m]: [33mRedis connection failed after 3 retries. Disabling further retries.[39m
[2026-06-27 13:37:53:3753] [[32minfo[39m]: [32mLocal In-Memory submission task worker ready.[39m
[2026-06-27 13:37:53:3753] [[32minfo[39m]: [32mLocal In-Memory submission task queue initialized.[39m
[2026-06-27 13:37:53:3753] [[32minfo[39m]: [32mServer running on port 5000 in development mode.[39m
[2026-06-27 13:37:54:3754] [[32minfo[39m]: [32mConnected to Redis successfully.[39m
[2026-06-27 13:39:27:3927] [[32minfo[39m]: [32mCache miss for key: cache:/api/v1/questions?limit=50[39m
[2026-06-27 13:39:28:3928] [[32minfo[39m]: [32mCache hit for key: cache:/api/v1/questions?limit=50[39m
[2026-06-27 13:40:44:4044] [[32minfo[39m]: [32mCache hit for key: cache:/api/v1/questions?limit=50[39m
[2026-06-27 13:40:44:4044] [[32minfo[39m]: [32mCache hit for key: cache:/api/v1/questions?limit=50[39m
[2026-06-27 13:40:46:4046] [[32minfo[39m]: [32mCache hit for key: cache:/api/v1/questions?limit=50[39m
[2026-06-27 13:40:46:4046] [[32minfo[39m]: [32mCache hit for key: cache:/api/v1/questions?limit=50[39m
[2026-06-27 13:40:49:4049] [[32minfo[39m]: [32mCache hit for key: cache:/api/v1/questions?limit=50[39m
[2026-06-27 13:40:49:4049] [[32minfo[39m]: [32mCache hit for key: cache:/api/v1/questions?limit=50[39m
[2026-06-27 13:40:53:4053] [[32minfo[39m]: [32mCache hit for key: cache:/api/v1/questions?limit=50[39m
[2026-06-27 13:40:53:4053] [[32minfo[39m]: [32mCache hit for key: cache:/api/v1/questions?limit=50[39m
[2026-06-27 13:41:09:419] [[32minfo[39m]: [32mCache hit for key: cache:/api/v1/questions?limit=50[39m
[2026-06-27 13:41:09:419] [[32minfo[39m]: [32mCache hit for key: cache:/api/v1/questions?limit=50[39m
[2026-06-27 13:42:09:429] [[32minfo[39m]: [32mUser authenticated: 36937c60-142d-4b50-b5d3-2dd3155b0723[39m
[2026-06-27 13:54:45:5445] [[32minfo[39m]: [32mUser authenticated: 532307fd-17a4-4924-93be-20ba3d4a44d7[39m
[2026-06-27 13:55:16:5516] [[32minfo[39m]: [32mUser authenticated: 36937c60-142d-4b50-b5d3-2dd3155b0723[39m
[2026-06-27 13:57:17:5717] [[32minfo[39m]: [32mUser authenticated: 532307fd-17a4-4924-93be-20ba3d4a44d7[39m
[2026-06-27 13:57:53:5753] [[32minfo[39m]: [32mUser authenticated: 36937c60-142d-4b50-b5d3-2dd3155b0723[39m
[2026-06-27 14:07:31:731] [[32minfo[39m]: [32mCache miss for key: cache:/api/v1/questions?limit=50[39m
[2026-06-27 14:07:31:731] [[32minfo[39m]: [32mCache hit for key: cache:/api/v1/questions?limit=50[39m
[2026-06-27 14:08:00:80] [[32minfo[39m]: [32mUser authenticated: 36937c60-142d-4b50-b5d3-2dd3155b0723[39m
[2026-06-27 14:08:28:828] [[32minfo[39m]: [32mUser authenticated: def202e5-553d-4a70-9590-cd3499dc4462[39m
[2026-06-27 17:34:36:3436] [[31merror[39m]: [31mRedis connection error: Error: read ECONNRESET[39m
[2026-06-27 17:34:37:3437] [[31merror[39m]: [31mRedis connection error: Error: getaddrinfo ENOTFOUND open-pegasus-72920.upstash.io[39m
[2026-06-27 17:34:37:3437] [[31merror[39m]: [31mRedis connection error: Error: getaddrinfo ENOTFOUND open-pegasus-72920.upstash.io[39m
[2026-06-27 17:34:37:3437] [[31merror[39m]: [31mRedis connection error: Error: getaddrinfo ENOTFOUND open-pegasus-72920.upstash.io[39m
[2026-06-27 17:34:37:3437] [[33mwarn[39m]: [33mRedis connection failed after 3 retries. Disabling further retries.[39m
[2026-06-27 18:02:13:213] [[32minfo[39m]: [32mLocal In-Memory submission task worker ready.[39m
[2026-06-27 18:02:13:213] [[32minfo[39m]: [32mLocal In-Memory submission task queue initialized.[39m
[2026-06-27 18:02:13:213] [[32minfo[39m]: [32mServer running on port 5000 in development mode.[39m
[2026-06-27 18:02:13:213] [[31merror[39m]: [31mRedis connection error: Error: getaddrinfo ENOTFOUND open-pegasus-72920.upstash.io[39m
[2026-06-27 18:02:13:213] [[31merror[39m]: [31mRedis connection error: Error: getaddrinfo ENOTFOUND open-pegasus-72920.upstash.io[39m
[2026-06-27 18:02:13:213] [[31merror[39m]: [31mRedis connection error: Error: getaddrinfo ENOTFOUND open-pegasus-72920.upstash.io[39m
[2026-06-27 18:02:14:214] [[31merror[39m]: [31mRedis connection error: Error: getaddrinfo ENOTFOUND open-pegasus-72920.upstash.io[39m
[2026-06-27 18:02:14:214] [[33mwarn[39m]: [33mRedis connection failed after 3 retries. Disabling further retries.[39m
[2026-06-27 18:03:21:321] [[32minfo[39m]: [32mUser authenticated: 36937c60-142d-4b50-b5d3-2dd3155b0723[39m
[2026-06-27 18:06:23:623] [[31merror[39m]: [31mCache middleware error: Error: Connection is closed.[39m
[2026-06-27 18:06:24:624] [[31merror[39m]: [31mCache middleware error: Error: Connection is closed.[39m
[2026-06-27 21:10:39:1039] [[31merror[39m]: [31mCache middleware error: Error: Connection is closed.[39m
[2026-06-27 21:10:39:1039] [[31merror[39m]: [31mCache middleware error: Error: Connection is closed.[39m
[2026-06-27 21:13:39:1339] [[31merror[39m]: [31mCache middleware error: Error: Connection is closed.[39m
[2026-06-27 21:13:39:1339] [[31merror[39m]: [31mCache middleware error: Error: Connection is closed.[39m
[2026-06-28 11:21:38:2138] [[32minfo[39m]: [32mLocal In-Memory submission task worker ready.[39m
[2026-06-28 11:21:38:2138] [[32minfo[39m]: [32mLocal In-Memory submission task queue initialized.[39m
[2026-06-28 11:21:38:2138] [[32minfo[39m]: [32mServer running on port 5000 in development mode.[39m
[2026-06-28 11:21:38:2138] [[32minfo[39m]: [32mConnected to Redis successfully.[39m
[2026-06-28 11:34:32:3432] [[31merror[39m]: [31mRedis connection error: Error: read ECONNRESET[39m
[2026-06-28 11:34:37:3437] [[31merror[39m]: [31mRedis connection error: Error: getaddrinfo ENOTFOUND open-pegasus-72920.upstash.io[39m
[2026-06-28 11:34:37:3437] [[31merror[39m]: [31mRedis connection error: Error: getaddrinfo ENOTFOUND open-pegasus-72920.upstash.io[39m
[2026-06-28 11:34:37:3437] [[31merror[39m]: [31mRedis connection error: Error: getaddrinfo ENOTFOUND open-pegasus-72920.upstash.io[39m
[2026-06-28 11:34:37:3437] [[33mwarn[39m]: [33mRedis connection failed after 3 retries. Disabling further retries.[39m
[2026-06-28 11:56:05:565] [[31merror[39m]: [31mCache middleware error: Error: Connection is closed.[39m
[2026-06-28 11:56:06:566] [[31merror[39m]: [31mCache middleware error: Error: Connection is closed.[39m
[2026-06-28 12:04:51:451] [[31merror[39m]: [31mCache middleware error: Error: Connection is closed.[39m
[2026-06-28 12:04:51:451] [[31merror[39m]: [31mCache middleware error: Error: Connection is closed.[39m
[2026-06-28 12:05:25:525] [[31merror[39m]: [31mCache middleware error: Error: Connection is closed.[39m
[2026-06-28 12:05:26:526] [[31merror[39m]: [31mCache middleware error: Error: Connection is closed.[39m
[2026-06-28 12:07:52:752] [[31merror[39m]: [31mCache middleware error: Error: Connection is closed.[39m
[2026-06-28 12:07:52:752] [[31merror[39m]: [31mCache middleware error: Error: Connection is closed.[39m
[2026-06-28 12:08:00:80] [[31merror[39m]: [31mCache middleware error: Error: Connection is closed.[39m
[2026-06-28 12:08:00:80] [[31merror[39m]: [31mCache middleware error: Error: Connection is closed.[39m
[2026-06-28 12:09:51:951] [[31merror[39m]: [31mCache middleware error: Error: Connection is closed.[39m
[2026-06-28 12:09:51:951] [[31merror[39m]: [31mCache middleware error: Error: Connection is closed.[39m
[2026-06-28 12:14:22:1422] [[31merror[39m]: [31mCache middleware error: Error: Connection is closed.[39m
[2026-06-28 12:14:22:1422] [[31merror[39m]: [31mCache middleware error: Error: Connection is closed.[39m
[2026-06-28 12:15:03:153] [[31merror[39m]: [31mCache middleware error: Error: Connection is closed.[39m
[2026-06-28 12:15:03:153] [[31merror[39m]: [31mCache middleware error: Error: Connection is closed.[39m
[2026-06-28 12:15:17:1517] [[31merror[39m]: [31mCache middleware error: Error: Connection is closed.[39m
[2026-06-28 12:15:17:1517] [[31merror[39m]: [31mCache middleware error: Error: Connection is closed.[39m
[2026-06-28 12:15:28:1528] [[31merror[39m]: [31mCache middleware error: Error: Connection is closed.[39m
[2026-06-28 12:15:28:1528] [[31merror[39m]: [31mCache middleware error: Error: Connection is closed.[39m
[2026-06-28 12:15:58:1558] [[31merror[39m]: [31mCache middleware error: Error: Connection is closed.[39m
[2026-06-28 12:15:58:1558] [[31merror[39m]: [31mCache middleware error: Error: Connection is closed.[39m
[2026-06-28 12:17:46:1746] [[31merror[39m]: [31mCache middleware error: Error: Connection is closed.[39m
[2026-06-28 12:17:46:1746] [[31merror[39m]: [31mCache middleware error: Error: Connection is closed.[39m
[2026-06-28 12:22:50:2250] [[31merror[39m]: [31mCache middleware error: Error: Connection is closed.[39m
[2026-06-28 12:22:50:2250] [[31merror[39m]: [31mCache middleware error: Error: Connection is closed.[39m
[2026-06-28 12:23:50:2350] [[31merror[39m]: [31mCache middleware error: Error: Connection is closed.[39m
[2026-06-28 12:23:50:2350] [[31merror[39m]: [31mCache middleware error: Error: Connection is closed.[39m
[2026-06-28 12:25:50:2550] [[31merror[39m]: [31mCache middleware error: Error: Connection is closed.[39m
[2026-06-28 12:26:22:2622] [[31merror[39m]: [31mCache middleware error: Error: Connection is closed.[39m
[2026-06-28 12:26:42:2642] [[31merror[39m]: [31mCache middleware error: Error: Connection is closed.[39m
[2026-06-28 12:26:42:2642] [[31merror[39m]: [31mCache middleware error: Error: Connection is closed.[39m
[2026-06-28 12:28:27:2827] [[31merror[39m]: [31mCache middleware error: Error: Connection is closed.[39m
[2026-06-28 19:08:03:83] [[31merror[39m]: [31mCache middleware error: Error: Connection is closed.[39m
[2026-06-28 19:08:03:83] [[31merror[39m]: [31mCache middleware error: Error: Connection is closed.[39m
[2026-06-28 19:25:22:2522] [[31merror[39m]: [31mLogout failed: [39m
[31mInvalid `prisma.deviceSession.delete()` invocation in[39m
[31mC:\Users\ASUS\Desktop\CodeSklii\backend\src\controllers\authController.ts:174:40[39m

[31m  171 }[39m
[31m  172 [39m
[31m  173 try {[39m
[31m→ 174   await prisma.deviceSession.delete([39m
[31mAn operation failed because it depends on one or more records that were required but not found. Record to delete does not exist.[39m
[2026-06-28 19:25:26:2526] [[32minfo[39m]: [32mUser authenticated: def202e5-553d-4a70-9590-cd3499dc4462[39m
[2026-06-28 19:26:24:2624] [[32minfo[39m]: [32mUser authenticated: 36937c60-142d-4b50-b5d3-2dd3155b0723[39m
[2026-06-28 19:28:38:2838] [[31merror[39m]: [31mLogout failed: [39m
[31mInvalid `prisma.deviceSession.delete()` invocation in[39m
[31mC:\Users\ASUS\Desktop\CodeSklii\backend\src\controllers\authController.ts:174:40[39m

[31m  171 }[39m
[31m  172 [39m
[31m  173 try {[39m
[31m→ 174   await prisma.deviceSession.delete([39m
[31mAn operation failed because it depends on one or more records that were required but not found. Record to delete does not exist.[39m
[2026-06-28 19:28:44:2844] [[32minfo[39m]: [32mUser authenticated: def202e5-553d-4a70-9590-cd3499dc4462[39m
[2026-06-28 19:31:46:3146] [[32minfo[39m]: [32mUser authenticated: 36937c60-142d-4b50-b5d3-2dd3155b0723[39m
[2026-06-28 19:51:33:5133] [[32minfo[39m]: [32mUser authenticated: def202e5-553d-4a70-9590-cd3499dc4462[39m
[2026-06-28 20:26:43:2643] [[32minfo[39m]: [32mUser authenticated: 36937c60-142d-4b50-b5d3-2dd3155b0723[39m
[2026-06-28 20:41:51:4151] [[32minfo[39m]: [32mUser registered successfully: bc71b10d-ded9-4f8c-9d52-cda0d7b954ac[39m
[2026-06-28 20:43:31:4331] [[31merror[39m]: [31mLogout failed: [39m
[31mInvalid `prisma.deviceSession.delete()` invocation in[39m
[31mC:\Users\ASUS\Desktop\CodeSklii\backend\src\controllers\authController.ts:174:40[39m

[31m  171 }[39m
[31m  172 [39m
[31m  173 try {[39m
[31m→ 174   await prisma.deviceSession.delete([39m
[31mAn operation failed because it depends on one or more records that were required but not found. Record to delete does not exist.[39m
[2026-06-28 20:43:38:4338] [[32minfo[39m]: [32mUser authenticated: def202e5-553d-4a70-9590-cd3499dc4462[39m
[2026-06-28 20:46:53:4653] [[32minfo[39m]: [32mUser authenticated: bc71b10d-ded9-4f8c-9d52-cda0d7b954ac[39m
[2026-06-28 20:47:32:4732] [[32minfo[39m]: [32mUser authenticated: def202e5-553d-4a70-9590-cd3499dc4462[39m
[2026-06-28 20:47:57:4757] [[32minfo[39m]: [32mUser authenticated: 36937c60-142d-4b50-b5d3-2dd3155b0723[39m
[2026-06-28 20:51:08:518] [[32minfo[39m]: [32mUser authenticated: def202e5-553d-4a70-9590-cd3499dc4462[39m
[2026-06-28 20:51:23:5123] [[32minfo[39m]: [32mUser authenticated: bc71b10d-ded9-4f8c-9d52-cda0d7b954ac[39m
[2026-06-28 20:51:46:5146] [[32minfo[39m]: [32mUser authenticated: 36937c60-142d-4b50-b5d3-2dd3155b0723[39m
[2026-06-28 20:54:21:5421] [[32minfo[39m]: [32mUser authenticated: def202e5-553d-4a70-9590-cd3499dc4462[39m
[2026-06-28 20:56:07:567] [[31merror[39m]: [31mLogout failed: [39m
[31mInvalid `prisma.deviceSession.delete()` invocation in[39m
[31mC:\Users\ASUS\Desktop\CodeSklii\backend\src\controllers\authController.ts:174:40[39m

[31m  171 }[39m
[31m  172 [39m
[31m  173 try {[39m
[31m→ 174   await prisma.deviceSession.delete([39m
[31mAn operation failed because it depends on one or more records that were required but not found. Record to delete does not exist.[39m
[2026-06-28 20:56:13:5613] [[32minfo[39m]: [32mUser authenticated: def202e5-553d-4a70-9590-cd3499dc4462[39m
[2026-06-28 20:56:40:5640] [[32minfo[39m]: [32mUser authenticated: bc71b10d-ded9-4f8c-9d52-cda0d7b954ac[39m
[2026-06-28 20:57:14:5714] [[32minfo[39m]: [32mUser authenticated: 36937c60-142d-4b50-b5d3-2dd3155b0723[39m
[2026-06-28 23:11:44:1144] [[32minfo[39m]: [32mLocal In-Memory submission task worker ready.[39m
[2026-06-28 23:11:44:1144] [[32minfo[39m]: [32mLocal In-Memory submission task queue initialized.[39m
[2026-06-28 23:11:44:1144] [[32minfo[39m]: [32mServer running on port 5000 in development mode.[39m
[2026-06-28 23:11:45:1145] [[32minfo[39m]: [32mConnected to Redis successfully.[39m
[2026-06-29 00:02:33:233] [[32minfo[39m]: [32mUser authenticated: 36937c60-142d-4b50-b5d3-2dd3155b0723[39m
[2026-06-29 00:02:34:234] [[31merror[39m]: [31mRedis connection error: Error: read ECONNRESET[39m
[2026-06-29 00:02:35:235] [[31merror[39m]: [31mCache middleware error: Error: Stream isn't writeable and enableOfflineQueue options is false[39m
[2026-06-29 00:02:36:236] [[32minfo[39m]: [32mConnected to Redis successfully.[39m
[2026-06-29 00:02:36:236] [[32minfo[39m]: [32mCache miss for key: cache:/api/v1/questions?limit=100[39m
[2026-06-29 00:02:43:243] [[32minfo[39m]: [32mUser authenticated: def202e5-553d-4a70-9590-cd3499dc4462[39m
[2026-06-29 00:02:58:258] [[32minfo[39m]: [32mCache hit for key: cache:/api/v1/questions?limit=100[39m
[2026-06-29 00:02:58:258] [[32minfo[39m]: [32mCache hit for key: cache:/api/v1/questions?limit=100[39m
[2026-06-29 00:08:29:829] [[32minfo[39m]: [32mCache miss for key: cache:/api/v1/questions?limit=100[39m
[2026-06-29 00:08:30:830] [[32minfo[39m]: [32mCache hit for key: cache:/api/v1/questions?limit=100[39m
[2026-06-29 00:22:15:2215] [[32minfo[39m]: [32mCache miss for key: cache:/api/v1/questions?limit=100[39m
[2026-06-29 00:22:16:2216] [[32minfo[39m]: [32mCache hit for key: cache:/api/v1/questions?limit=100[39m
[2026-06-29 00:24:16:2416] [[32minfo[39m]: [32mCache hit for key: cache:/api/v1/questions?limit=100[39m
[2026-06-29 00:24:16:2416] [[32minfo[39m]: [32mCache hit for key: cache:/api/v1/questions?limit=100[39m
[2026-06-29 00:25:11:2511] [[32minfo[39m]: [32mCache hit for key: cache:/api/v1/questions?limit=100[39m
[2026-06-29 00:25:11:2511] [[32minfo[39m]: [32mCache hit for key: cache:/api/v1/questions?limit=100[39m
[2026-06-29 00:28:27:2827] [[32minfo[39m]: [32mCache miss for key: cache:/api/v1/questions?limit=100[39m
[2026-06-29 00:28:27:2827] [[32minfo[39m]: [32mCache hit for key: cache:/api/v1/questions?limit=100[39m
[2026-06-29 10:09:23:923] [[32minfo[39m]: [32mLocal In-Memory submission task worker ready.[39m
[2026-06-29 10:09:23:923] [[32minfo[39m]: [32mLocal In-Memory submission task queue initialized.[39m
[2026-06-29 10:09:23:923] [[32minfo[39m]: [32mServer running on port 5000 in development mode.[39m
[2026-06-29 10:09:24:924] [[32minfo[39m]: [32mConnected to Redis successfully.[39m
[2026-06-29 10:10:00:100] [[32minfo[39m]: [32mCache miss for key: cache:/api/v1/questions?limit=100[39m
[2026-06-29 10:10:02:102] [[32minfo[39m]: [32mCache hit for key: cache:/api/v1/questions?limit=100[39m
[2026-06-29 10:23:54:2354] [[32minfo[39m]: [32mUser authenticated: 36937c60-142d-4b50-b5d3-2dd3155b0723[39m
[2026-06-29 10:24:02:242] [[32minfo[39m]: [32mCache miss for key: cache:/api/v1/questions?limit=50[39m
[2026-06-29 10:24:02:242] [[32minfo[39m]: [32mCache hit for key: cache:/api/v1/questions?limit=50[39m
[2026-06-29 10:36:21:3621] [[32minfo[39m]: [32mCache miss for key: cache:/api/v1/questions?limit=50[39m
[2026-06-29 10:36:22:3622] [[32minfo[39m]: [32mCache hit for key: cache:/api/v1/questions?limit=50[39m
[2026-06-29 10:38:43:3843] [[32minfo[39m]: [32mCache hit for key: cache:/api/v1/questions?limit=50[39m
[2026-06-29 10:41:55:4155] [[32minfo[39m]: [32mCache miss for key: cache:/api/v1/questions?limit=100[39m
[2026-06-29 10:41:55:4155] [[32minfo[39m]: [32mCache hit for key: cache:/api/v1/questions?limit=100[39m
[2026-06-29 10:52:02:522] [[32minfo[39m]: [32mCache miss for key: cache:/api/v1/questions?limit=50[39m
[2026-06-29 10:52:02:522] [[32minfo[39m]: [32mCache hit for key: cache:/api/v1/questions?limit=50[39m
[2026-06-29 10:52:28:5228] [[32minfo[39m]: [32mCache miss for key: cache:/api/v1/questions?limit=100[39m
[2026-06-29 10:52:28:5228] [[32minfo[39m]: [32mCache hit for key: cache:/api/v1/questions?limit=100[39m
[2026-06-29 10:52:37:5237] [[32minfo[39m]: [32mCache hit for key: cache:/api/v1/questions?limit=100[39m
[2026-06-29 10:52:37:5237] [[32minfo[39m]: [32mCache hit for key: cache:/api/v1/questions?limit=100[39m
[2026-06-29 11:14:37:1437] [[32minfo[39m]: [32mCache miss for key: cache:/api/v1/questions?limit=50[39m
[2026-06-29 11:14:38:1438] [[32minfo[39m]: [32mCache hit for key: cache:/api/v1/questions?limit=50[39m
[2026-06-29 11:16:11:1611] [[32minfo[39m]: [32mCache miss for key: cache:/api/v1/questions?limit=100[39m
[2026-06-29 11:16:12:1612] [[32minfo[39m]: [32mCache hit for key: cache:/api/v1/questions?limit=100[39m
[2026-06-29 11:21:24:2124] [[32minfo[39m]: [32mCache miss for key: cache:/api/v1/questions?limit=50[39m
[2026-06-29 11:21:24:2124] [[32minfo[39m]: [32mCache hit for key: cache:/api/v1/questions?limit=50[39m
[2026-06-29 11:24:29:2429] [[32minfo[39m]: [32mCache miss for key: cache:/api/v1/questions?limit=100[39m
[2026-06-29 11:24:29:2429] [[32minfo[39m]: [32mCache hit for key: cache:/api/v1/questions?limit=100[39m
[2026-06-29 11:24:52:2452] [[32minfo[39m]: [32mDry-run code requested by user: anonymous[39m
[2026-06-29 11:24:52:2452] [[32minfo[39m]: [32mDry-run code requested by user: anonymous[39m
[2026-06-29 11:24:53:2453] [[31merror[39m]: [31mPiston compiler service failed: Request failed with status code 401. Falling back to mock execution.[39m
[2026-06-29 11:24:53:2453] [[31merror[39m]: [31mPiston compiler service failed: Request failed with status code 401. Falling back to mock execution.[39m
[2026-06-29 11:41:57:4157] [[32minfo[39m]: [32mLocal In-Memory submission task worker ready.[39m
[2026-06-29 11:41:57:4157] [[32minfo[39m]: [32mLocal In-Memory submission task queue initialized.[39m
[2026-06-29 11:41:57:4157] [[32minfo[39m]: [32mServer running on port 5000 in development mode.[39m
[2026-06-29 11:41:57:4157] [[32minfo[39m]: [32mConnected to Redis successfully.[39m
[2026-06-29 11:42:50:4250] [[32minfo[39m]: [32mDry-run code requested by user: anonymous[39m
[2026-06-29 11:42:50:4250] [[32minfo[39m]: [32mDry-run code requested by user: anonymous[39m
[2026-06-29 11:42:51:4251] [[31merror[39m]: [31mPiston compiler service failed: Request failed with status code 401[39m
[2026-06-29 11:42:51:4251] [[31merror[39m]: [31mPiston compiler service failed: Request failed with status code 401[39m
[2026-06-29 11:45:22:4522] [[32minfo[39m]: [32mDry-run code requested by user: anonymous[39m
[2026-06-29 11:45:22:4522] [[32minfo[39m]: [32mDry-run code requested by user: anonymous[39m
[2026-06-29 11:45:23:4523] [[31merror[39m]: [31mPiston compiler service failed: Request failed with status code 401[39m
[2026-06-29 11:45:23:4523] [[31merror[39m]: [31mPiston compiler service failed: Request failed with status code 401[39m
[2026-06-29 11:48:04:484] [[32minfo[39m]: [32mLocal In-Memory submission task worker ready.[39m
[2026-06-29 11:48:04:484] [[32minfo[39m]: [32mLocal In-Memory submission task queue initialized.[39m
[2026-06-29 11:48:04:484] [[32minfo[39m]: [32mServer running on port 5000 in development mode.[39m
[2026-06-29 11:48:04:484] [[32minfo[39m]: [32mConnected to Redis successfully.[39m
[2026-06-29 11:48:16:4816] [[32minfo[39m]: [32mDry-run code requested by user: anonymous[39m
[2026-06-29 11:48:16:4816] [[32minfo[39m]: [32mDry-run code requested by user: anonymous[39m
[2026-06-29 11:48:17:4817] [[31merror[39m]: [31mJudge0 execution failed: Request failed with status code 429[39m
[2026-06-29 11:48:17:4817] [[31merror[39m]: [31mJudge0 execution failed: Request failed with status code 403[39m
[2026-06-29 12:19:41:1941] [[32minfo[39m]: [32mLocal In-Memory submission task worker ready.[39m
[2026-06-29 12:19:41:1941] [[32minfo[39m]: [32mLocal In-Memory submission task queue initialized.[39m
[2026-06-29 12:19:42:1942] [[32minfo[39m]: [32mServer running on port 5000 in development mode.[39m
[2026-06-29 12:19:42:1942] [[32minfo[39m]: [32mConnected to Redis successfully.[39m
[2026-06-29 12:21:13:2113] [[32minfo[39m]: [32mDry-run code requested by user: anonymous[39m
[2026-06-29 12:21:13:2113] [[32minfo[39m]: [32mDry-run code requested by user: anonymous[39m
[2026-06-29 12:21:13:2113] [[31merror[39m]: [31mJudge0 execution failed: Request failed with status code 429[39m
[2026-06-29 12:21:14:2114] [[31merror[39m]: [31mJudge0 execution failed: Request failed with status code 403[39m
[2026-06-29 12:21:26:2126] [[32minfo[39m]: [32mDry-run code requested by user: anonymous[39m
[2026-06-29 12:21:26:2126] [[32minfo[39m]: [32mDry-run code requested by user: anonymous[39m
[2026-06-29 12:21:27:2127] [[31merror[39m]: [31mJudge0 execution failed: Request failed with status code 429[39m
[2026-06-29 12:21:27:2127] [[31merror[39m]: [31mJudge0 execution failed: Request failed with status code 403[39m
[2026-06-29 12:28:14:2814] [[31merror[39m]: [31mRedis connection error: Error: read ECONNRESET[39m
[2026-06-29 12:28:15:2815] [[31merror[39m]: [31mRedis connection error: Error: getaddrinfo ENOTFOUND open-pegasus-72920.upstash.io[39m
[2026-06-29 12:28:15:2815] [[31merror[39m]: [31mRedis connection error: Error: getaddrinfo ENOTFOUND open-pegasus-72920.upstash.io[39m
[2026-06-29 12:28:15:2815] [[31merror[39m]: [31mRedis connection error: Error: getaddrinfo ENOTFOUND open-pegasus-72920.upstash.io[39m
[2026-06-29 12:28:15:2815] [[33mwarn[39m]: [33mRedis connection failed after 3 retries. Disabling further retries.[39m
[2026-07-02 10:56:17:5617] [[32minfo[39m]: [32mLocal In-Memory submission task worker ready.[39m
[2026-07-02 10:56:17:5617] [[32minfo[39m]: [32mLocal In-Memory submission task queue initialized.[39m
[2026-07-02 10:56:17:5617] [[32minfo[39m]: [32mServer running on port 5000 in development mode.[39m
[2026-07-02 10:56:17:5617] [[32minfo[39m]: [32mConnected to Redis successfully.[39m
[2026-07-02 11:15:18:1518] [[32minfo[39m]: [32mCache miss for key: cache:/api/v1/questions?limit=100[39m
[2026-07-02 11:15:19:1519] [[32minfo[39m]: [32mCache hit for key: cache:/api/v1/questions?limit=100[39m
[2026-07-02 11:15:26:1526] [[32minfo[39m]: [32mCache hit for key: cache:/api/v1/questions?limit=100[39m
[2026-07-02 11:15:26:1526] [[32minfo[39m]: [32mCache hit for key: cache:/api/v1/questions?limit=100[39m
[2026-07-02 11:17:16:1716] [[32minfo[39m]: [32mCache hit for key: cache:/api/v1/questions?limit=100[39m
[2026-07-02 11:17:16:1716] [[32minfo[39m]: [32mCache hit for key: cache:/api/v1/questions?limit=100[39m
[2026-07-02 11:21:34:2134] [[32minfo[39m]: [32mCache miss for key: cache:/api/v1/questions?limit=100[39m
[2026-07-02 11:21:40:2140] [[32minfo[39m]: [32mCache hit for key: cache:/api/v1/questions?limit=100[39m
[2026-07-02 11:21:40:2140] [[32minfo[39m]: [32mCache hit for key: cache:/api/v1/questions?limit=100[39m
[2026-07-02 12:01:49:149] [[31merror[39m]: [31mRedis connection error: Error: read ECONNRESET[39m
[2026-07-02 12:01:50:150] [[31merror[39m]: [31mRedis connection error: Error: getaddrinfo ENOTFOUND open-pegasus-72920.upstash.io[39m
[2026-07-02 12:01:50:150] [[31merror[39m]: [31mRedis connection error: Error: getaddrinfo ENOTFOUND open-pegasus-72920.upstash.io[39m
[2026-07-02 12:01:50:150] [[31merror[39m]: [31mRedis connection error: Error: getaddrinfo ENOTFOUND open-pegasus-72920.upstash.io[39m
[2026-07-02 12:01:50:150] [[33mwarn[39m]: [33mRedis connection failed after 3 retries. Disabling further retries.[39m
[2026-07-02 12:30:37:3037] [[32minfo[39m]: [32mLocal In-Memory submission task worker ready.[39m
[2026-07-02 12:30:37:3037] [[32minfo[39m]: [32mLocal In-Memory submission task queue initialized.[39m
[2026-07-02 12:30:37:3037] [[32minfo[39m]: [32mServer running on port 5000 in development mode.[39m
[2026-07-02 12:30:37:3037] [[32minfo[39m]: [32mConnected to Redis successfully.[39m
[2026-07-02 12:38:44:3844] [[32minfo[39m]: [32mLocal In-Memory submission task worker ready.[39m
[2026-07-02 12:38:44:3844] [[32minfo[39m]: [32mLocal In-Memory submission task queue initialized.[39m
[2026-07-02 12:38:44:3844] [[32minfo[39m]: [32mServer running on port 5000 in development mode.[39m
[2026-07-02 12:38:44:3844] [[32minfo[39m]: [32mConnected to Redis successfully.[39m
[2026-07-02 12:39:22:3922] [[32minfo[39m]: [32mUser authenticated: 36937c60-142d-4b50-b5d3-2dd3155b0723[39m
[2026-07-02 12:44:32:4432] [[31merror[39m]: [31mRedis connection error: Error: read ECONNRESET[39m
[2026-07-02 12:44:33:4433] [[31merror[39m]: [31mRedis connection error: Error: getaddrinfo ENOTFOUND open-pegasus-72920.upstash.io[39m
[2026-07-02 12:44:33:4433] [[31merror[39m]: [31mRedis connection error: Error: getaddrinfo ENOTFOUND open-pegasus-72920.upstash.io[39m
[2026-07-02 12:44:34:4434] [[31merror[39m]: [31mRedis connection error: Error: getaddrinfo ENOTFOUND open-pegasus-72920.upstash.io[39m
[2026-07-02 12:44:34:4434] [[33mwarn[39m]: [33mRedis connection failed after 3 retries. Disabling further retries.[39m
[2026-07-03 11:14:45:1445] [[32minfo[39m]: [32mLocal In-Memory submission task worker ready.[39m
[2026-07-03 11:14:45:1445] [[32minfo[39m]: [32mLocal In-Memory submission task queue initialized.[39m
[2026-07-03 11:14:45:1445] [[32minfo[39m]: [32mServer running on port 5000 in development mode.[39m
[2026-07-03 11:14:45:1445] [[32minfo[39m]: [32mConnected to Redis successfully.[39m
[2026-07-03 11:16:35:1635] [[32minfo[39m]: [32mLocal In-Memory submission task worker ready.[39m
[2026-07-03 11:16:35:1635] [[32minfo[39m]: [32mLocal In-Memory submission task queue initialized.[39m
[2026-07-03 11:16:35:1635] [[32minfo[39m]: [32mServer running on port 5000 in development mode.[39m
[2026-07-03 11:16:36:1636] [[32minfo[39m]: [32mConnected to Redis successfully.[39m
[2026-07-03 11:18:53:1853] [[32minfo[39m]: [32mUser authenticated: 36937c60-142d-4b50-b5d3-2dd3155b0723[39m
[2026-07-03 11:27:33:2733] [[32minfo[39m]: [32mLocal In-Memory submission task worker ready.[39m
[2026-07-03 11:27:33:2733] [[32minfo[39m]: [32mLocal In-Memory submission task queue initialized.[39m
[2026-07-03 11:27:33:2733] [[32minfo[39m]: [32mServer running on port 5000 in development mode.[39m
[2026-07-03 11:27:34:2734] [[32minfo[39m]: [32mConnected to Redis successfully.[39m
[2026-07-03 11:29:09:299] [[32minfo[39m]: [32mUser authenticated: 36937c60-142d-4b50-b5d3-2dd3155b0723[39m
[2026-07-03 11:29:30:2930] [[32minfo[39m]: [32mUser authenticated: 36937c60-142d-4b50-b5d3-2dd3155b0723[39m
[2026-07-03 11:31:52:3152] [[32minfo[39m]: [32mCache miss for key: cache:/api/v1/questions?limit=100[39m
[2026-07-03 11:31:53:3153] [[32minfo[39m]: [32mCache hit for key: cache:/api/v1/questions?limit=100[39m
[2026-07-03 11:34:44:3444] [[32minfo[39m]: [32mLocal In-Memory submission task worker ready.[39m
[2026-07-03 11:34:44:3444] [[32minfo[39m]: [32mLocal In-Memory submission task queue initialized.[39m
[2026-07-03 11:34:44:3444] [[32minfo[39m]: [32mServer running on port 5000 in development mode.[39m
[2026-07-03 11:34:44:3444] [[32minfo[39m]: [32mConnected to Redis successfully.[39m
[2026-07-03 11:35:02:352] [[32minfo[39m]: [32mLocal In-Memory submission task worker ready.[39m
[2026-07-03 11:35:02:352] [[32minfo[39m]: [32mLocal In-Memory submission task queue initialized.[39m
[2026-07-03 11:35:02:352] [[32minfo[39m]: [32mServer running on port 5000 in development mode.[39m
[2026-07-03 11:35:03:353] [[32minfo[39m]: [32mConnected to Redis successfully.[39m
[2026-07-03 14:44:37:4437] [[32minfo[39m]: [32mLocal In-Memory submission task worker ready.[39m
[2026-07-03 14:44:37:4437] [[32minfo[39m]: [32mLocal In-Memory submission task queue initialized.[39m
[2026-07-03 14:44:37:4437] [[32minfo[39m]: [32mServer running on port 5000 in development mode.[39m
[2026-07-03 14:44:39:4439] [[32minfo[39m]: [32mConnected to Redis successfully.[39m
[2026-07-03 14:53:53:5353] [[31merror[39m]: [31mGoogle auth failed: Wrong recipient, payload audience != requiredAudience[39m
[2026-07-03 14:54:12:5412] [[31merror[39m]: [31mGoogle auth failed: Wrong recipient, payload audience != requiredAudience[39m
[2026-07-03 14:55:07:557] [[31merror[39m]: [31mGoogle auth failed: Wrong recipient, payload audience != requiredAudience[39m
[2026-07-03 14:58:10:5810] [[31merror[39m]: [31mGoogle auth failed: Wrong recipient, payload audience != requiredAudience[39m
[2026-07-03 14:59:59:5959] [[32minfo[39m]: [32mLocal In-Memory submission task worker ready.[39m
[2026-07-03 14:59:59:5959] [[32minfo[39m]: [32mLocal In-Memory submission task queue initialized.[39m
[2026-07-03 14:59:59:5959] [[32minfo[39m]: [32mServer running on port 5000 in development mode.[39m
[2026-07-03 14:59:59:5959] [[32minfo[39m]: [32mConnected to Redis successfully.[39m
[2026-07-03 15:00:53:053] [[32minfo[39m]: [32mUser authenticated via Google: ff2a79a3-e66a-441d-b052-499e28590924[39m
[2026-07-03 15:00:53:053] [[35mhttp[39m]: [35m[0mPOST /api/v1/auth/google [32m200[0m 811.434 ms - 949[0m[39m
[2026-07-03 15:03:40:340] [[35mhttp[39m]: [35m[0mPOST /api/v1/auth/logout [32m200[0m 125.941 ms - 31[0m[39m
[2026-07-03 15:03:52:352] [[32minfo[39m]: [32mUser authenticated: 36937c60-142d-4b50-b5d3-2dd3155b0723[39m
[2026-07-03 15:03:52:352] [[35mhttp[39m]: [35m[0mPOST /api/v1/auth/login [32m200[0m 1012.285 ms - 903[0m[39m
[2026-07-03 15:03:59:359] [[35mhttp[39m]: [35m[0mGET /api/v1/auth/users [32m200[0m 39.171 ms - 786[0m[39m
[2026-07-03 15:03:59:359] [[35mhttp[39m]: [35m[0mGET /api/v1/auth/users [36m304[0m 107.075 ms - -[0m[39m
[2026-07-03 15:15:53:1553] [[32minfo[39m]: [32mEmailService initialized without SMTP credentials (MOCK MODE).[39m
[2026-07-03 15:15:53:1553] [[32minfo[39m]: [32mLocal In-Memory submission task worker ready.[39m
[2026-07-03 15:15:53:1553] [[32minfo[39m]: [32mLocal In-Memory submission task queue initialized.[39m
[2026-07-03 15:15:53:1553] [[32minfo[39m]: [32mServer running on port 5000 in development mode.[39m
[2026-07-03 15:15:53:1553] [[32minfo[39m]: [32mConnected to Redis successfully.[39m
[2026-07-03 15:16:13:1613] [[32minfo[39m]: [32mEmailService initialized without SMTP credentials (MOCK MODE).[39m
[2026-07-03 15:16:13:1613] [[32minfo[39m]: [32mLocal In-Memory submission task worker ready.[39m
[2026-07-03 15:16:13:1613] [[32minfo[39m]: [32mLocal In-Memory submission task queue initialized.[39m
[2026-07-03 15:16:13:1613] [[32minfo[39m]: [32mServer running on port 5000 in development mode.[39m
[2026-07-03 15:16:13:1613] [[32minfo[39m]: [32mConnected to Redis successfully.[39m
[2026-07-03 15:18:50:1850] [[35mhttp[39m]: [35m[0mPOST /api/v1/auth/logout [32m200[0m 261.701 ms - 31[0m[39m
[2026-07-03 15:19:03:193] [[32minfo[39m]: [32mUser authenticated via Google: ff2a79a3-e66a-441d-b052-499e28590924[39m
[2026-07-03 15:19:03:193] [[35mhttp[39m]: [35m[0mPOST /api/v1/auth/google [32m200[0m 452.564 ms - 949[0m[39m
[2026-07-03 15:19:15:1915] [[33mwarn[39m]: [33m[MOCK EMAIL] To: saurabhtiwari08071999@gmail.com | Subject: Your Password Reset OTP[39m
[2026-07-03 15:19:15:1915] [[33mwarn[39m]: [33m[MOCK EMAIL] Content: Your One-Time Password (OTP) is: 874436[39m
[2026-07-03 15:19:15:1915] [[35mhttp[39m]: [35m[0mPOST /api/v1/auth/request-otp [32m200[0m 102.052 ms - 35[0m[39m
[2026-07-03 15:19:56:1956] [[33mwarn[39m]: [33m[MOCK EMAIL] To: saurabhtiwari08071999@gmail.com | Subject: Your Password Reset OTP[39m
[2026-07-03 15:19:56:1956] [[33mwarn[39m]: [33m[MOCK EMAIL] Content: Your One-Time Password (OTP) is: 560195[39m
[2026-07-03 15:19:56:1956] [[35mhttp[39m]: [35m[0mPOST /api/v1/auth/request-otp [32m200[0m 258.690 ms - 35[0m[39m
[2026-07-03 15:20:34:2034] [[33mwarn[39m]: [33m[MOCK EMAIL] To: saurabhtiwari08071999@gmail.com | Subject: Your Password Reset OTP[39m
[2026-07-03 15:20:34:2034] [[33mwarn[39m]: [33m[MOCK EMAIL] Content: Your One-Time Password (OTP) is: 355759[39m
[2026-07-03 15:20:34:2034] [[35mhttp[39m]: [35m[0mPOST /api/v1/auth/request-otp [32m200[0m 98.587 ms - 35[0m[39m
[2026-07-03 15:27:51:2751] [[33mwarn[39m]: [33m[MOCK EMAIL] To: saurabhtiwari08071999@gmail.com | Subject: Your Password Reset OTP[39m
[2026-07-03 15:27:51:2751] [[33mwarn[39m]: [33m[MOCK EMAIL] Content: Your One-Time Password (OTP) is: 353526[39m
[2026-07-03 15:27:51:2751] [[35mhttp[39m]: [35m[0mPOST /api/v1/auth/request-otp [32m200[0m 228.414 ms - 35[0m[39m
[2026-07-03 15:32:17:3217] [[32minfo[39m]: [32mEmailService initialized with SMTP credentials.[39m
[2026-07-03 15:32:17:3217] [[32minfo[39m]: [32mLocal In-Memory submission task worker ready.[39m
[2026-07-03 15:32:17:3217] [[32minfo[39m]: [32mLocal In-Memory submission task queue initialized.[39m
[2026-07-03 15:32:17:3217] [[32minfo[39m]: [32mServer running on port 5000 in development mode.[39m
[2026-07-03 15:32:18:3218] [[32minfo[39m]: [32mConnected to Redis successfully.[39m
[2026-07-03 15:35:33:3533] [[31merror[39m]: [31mFailed to send email to saurabhtiwari08071999@gmail.com: Invalid login: 535-5.7.8 Username and Password not accepted. For more information, go to[39m
[31m535 5.7.8  https://support.google.com/mail/?p=BadCredentials 5a478bee46e88-30f0b86ef6asm20648525eec.13 - gsmtp[39m
[2026-07-03 15:35:33:3533] [[35mhttp[39m]: [35m[0mPOST /api/v1/auth/request-otp [32m200[0m 3060.328 ms - 35[0m[39m
[2026-07-03 15:38:31:3831] [[32minfo[39m]: [32mEmailService initialized with SMTP credentials.[39m
[2026-07-03 15:38:32:3832] [[32minfo[39m]: [32mLocal In-Memory submission task worker ready.[39m
[2026-07-03 15:38:32:3832] [[32minfo[39m]: [32mLocal In-Memory submission task queue initialized.[39m
[2026-07-03 15:38:32:3832] [[32minfo[39m]: [32mServer running on port 5000 in development mode.[39m
[2026-07-03 15:38:32:3832] [[32minfo[39m]: [32mConnected to Redis successfully.[39m
[2026-07-03 15:41:43:4143] [[32minfo[39m]: [32mEmailService initialized with SMTP credentials.[39m
[2026-07-03 15:41:44:4144] [[32minfo[39m]: [32mLocal In-Memory submission task worker ready.[39m
[2026-07-03 15:41:44:4144] [[32minfo[39m]: [32mLocal In-Memory submission task queue initialized.[39m
[2026-07-03 15:41:44:4144] [[32minfo[39m]: [32mServer running on port 5000 in development mode.[39m
[2026-07-03 15:41:44:4144] [[32minfo[39m]: [32mConnected to Redis successfully.[39m
[2026-07-03 15:41:58:4158] [[31merror[39m]: [31mFailed to send email to saurabhtiwari08071999@gmail.com: Invalid login: 535 5.7.8 Authentication failed[39m
[2026-07-03 15:41:58:4158] [[35mhttp[39m]: [35m[0mPOST /api/v1/auth/request-otp [32m200[0m 1108.408 ms - 35[0m[39m
[2026-07-03 15:45:55:4555] [[32minfo[39m]: [32mEmailService initialized with SMTP credentials.[39m
[2026-07-03 15:45:55:4555] [[32minfo[39m]: [32mLocal In-Memory submission task worker ready.[39m
[2026-07-03 15:45:55:4555] [[32minfo[39m]: [32mLocal In-Memory submission task queue initialized.[39m
[2026-07-03 15:45:55:4555] [[32minfo[39m]: [32mServer running on port 5000 in development mode.[39m
[2026-07-03 15:45:55:4555] [[32minfo[39m]: [32mConnected to Redis successfully.[39m
[2026-07-03 15:46:10:4610] [[31merror[39m]: [31mFailed to send email to saurabhtiwari08071999@gmail.com: Invalid login: 535 5.7.8 Authentication failed[39m
[2026-07-03 15:46:10:4610] [[35mhttp[39m]: [35m[0mPOST /api/v1/auth/request-otp [32m200[0m 920.179 ms - 35[0m[39m
[2026-07-03 15:53:49:5349] [[32minfo[39m]: [32mEmailService initialized with SMTP credentials.[39m
[2026-07-03 15:53:49:5349] [[32minfo[39m]: [32mLocal In-Memory submission task worker ready.[39m
[2026-07-03 15:53:49:5349] [[32minfo[39m]: [32mLocal In-Memory submission task queue initialized.[39m
[2026-07-03 15:53:49:5349] [[32minfo[39m]: [32mServer running on port 5000 in development mode.[39m
[2026-07-03 15:53:49:5349] [[32minfo[39m]: [32mConnected to Redis successfully.[39m
[2026-07-03 15:54:07:547] [[32minfo[39m]: [32mOTP email sent to saurabhtiwari08071999@gmail.com[39m
[2026-07-03 15:54:07:547] [[35mhttp[39m]: [35m[0mPOST /api/v1/auth/request-otp [32m200[0m 1363.943 ms - 35[0m[39m
[2026-07-03 15:59:54:5954] [[32minfo[39m]: [32mOTP email sent to saurabhtiwari08071999@gmail.com[39m
[2026-07-03 15:59:54:5954] [[35mhttp[39m]: [35m[0mPOST /api/v1/auth/request-otp [32m200[0m 1522.885 ms - 35[0m[39m
[2026-07-03 16:01:07:17] [[35mhttp[39m]: [35m[0mPOST /api/v1/auth/verify-otp [32m200[0m 213.198 ms - 119[0m[39m
[2026-07-03 16:02:51:251] [[32minfo[39m]: [32mOTP email sent to saurabhtiwari08071999@gmail.com[39m
[2026-07-03 16:02:51:251] [[35mhttp[39m]: [35m[0mPOST /api/v1/auth/request-otp [32m200[0m 1294.756 ms - 35[0m[39m
[2026-07-04 10:34:21:3421] [[32minfo[39m]: [32mEmailService initialized with SMTP credentials.[39m
[2026-07-04 10:34:22:3422] [[32minfo[39m]: [32mLocal In-Memory submission task worker ready.[39m
[2026-07-04 10:34:22:3422] [[32minfo[39m]: [32mLocal In-Memory submission task queue initialized.[39m
[2026-07-04 10:34:22:3422] [[32minfo[39m]: [32mServer running on port 5000 in development mode.[39m
[2026-07-04 10:34:23:3423] [[32minfo[39m]: [32mConnected to Redis successfully.[39m
[2026-07-04 10:36:17:3617] [[32minfo[39m]: [32mOTP email sent to saurabhtiwari08071999@gmail.com[39m
[2026-07-04 10:36:17:3617] [[35mhttp[39m]: [35m[0mPOST /api/v1/auth/request-otp [32m200[0m 1882.734 ms - 35[0m[39m
[2026-07-04 10:37:33:3733] [[35mhttp[39m]: [35m[0mPOST /api/v1/auth/verify-otp [32m200[0m 225.235 ms - 119[0m[39m
[2026-07-04 10:37:53:3753] [[32minfo[39m]: [32mPassword reset for user: ff2a79a3-e66a-441d-b052-499e28590924[39m
[2026-07-04 10:37:53:3753] [[35mhttp[39m]: [35m[0mPOST /api/v1/auth/reset-password [32m200[0m 1595.240 ms - 50[0m[39m
[2026-07-04 10:38:13:3813] [[32minfo[39m]: [32mUser authenticated: 36937c60-142d-4b50-b5d3-2dd3155b0723[39m
[2026-07-04 10:38:13:3813] [[35mhttp[39m]: [35m[0mPOST /api/v1/auth/login [32m200[0m 1589.509 ms - 903[0m[39m
[2026-07-04 10:38:19:3819] [[35mhttp[39m]: [35m[0mPOST /api/v1/auth/logout [32m200[0m 79.497 ms - 31[0m[39m
[2026-07-04 10:38:26:3826] [[35mhttp[39m]: [35m[0mPOST /api/v1/auth/login [33m401[0m 697.438 ms - 49[0m[39m
[2026-07-04 10:38:39:3839] [[35mhttp[39m]: [35m[0mPOST /api/v1/auth/login [33m400[0m 498.859 ms - 39[0m[39m
[2026-07-04 10:41:58:4158] [[32minfo[39m]: [32mEmailService initialized with SMTP credentials.[39m
[2026-07-04 10:41:58:4158] [[32minfo[39m]: [32mLocal In-Memory submission task worker ready.[39m
[2026-07-04 10:41:58:4158] [[32minfo[39m]: [32mLocal In-Memory submission task queue initialized.[39m
[2026-07-04 10:41:58:4158] [[32minfo[39m]: [32mServer running on port 5000 in development mode.[39m
[2026-07-04 10:41:58:4158] [[32minfo[39m]: [32mConnected to Redis successfully.[39m
[2026-07-04 10:43:11:4311] [[35mhttp[39m]: [35m[0mPOST /api/v1/auth/login [33m401[0m 931.590 ms - 49[0m[39m
[2026-07-04 10:43:41:4341] [[35mhttp[39m]: [35m[0mPOST /api/v1/auth/login [33m401[0m 380.543 ms - 49[0m[39m
[2026-07-04 10:43:53:4353] [[35mhttp[39m]: [35m[0mPOST /api/v1/auth/login [33m401[0m 175.182 ms - 49[0m[39m
[2026-07-04 10:44:26:4426] [[35mhttp[39m]: [35m[0mPOST /api/v1/auth/login [33m401[0m 387.847 ms - 49[0m[39m
[2026-07-04 10:44:57:4457] [[31merror[39m]: [31mLogout failed: [39m
[31mInvalid `prisma.deviceSession.delete()` invocation in[39m
[31mC:\Users\ASUS\Desktop\CodeSklii\backend\src\controllers\authController.ts:295:40[39m

[31m  292 }[39m
[31m  293 [39m
[31m  294 try {[39m
[31m→ 295   await prisma.deviceSession.delete([39m
[31mAn operation failed because it depends on one or more records that were required but not found. Record to delete does not exist.[39m
[2026-07-04 10:44:57:4457] [[35mhttp[39m]: [35m[0mPOST /api/v1/auth/logout [32m200[0m 353.834 ms - 30[0m[39m
[2026-07-04 10:45:23:4523] [[32minfo[39m]: [32mUser authenticated: 36937c60-142d-4b50-b5d3-2dd3155b0723[39m
[2026-07-04 10:45:23:4523] [[35mhttp[39m]: [35m[0mPOST /api/v1/auth/login [32m200[0m 498.303 ms - 903[0m[39m
[2026-07-04 10:45:35:4535] [[35mhttp[39m]: [35m[0mGET /api/v1/auth/users [36m304[0m 24.306 ms - -[0m[39m
[2026-07-04 10:45:35:4535] [[35mhttp[39m]: [35m[0mGET /api/v1/auth/users [36m304[0m 62.023 ms - -[0m[39m
[2026-07-04 10:46:50:4650] [[32minfo[39m]: [32mCache miss for key: cache:/api/v1/questions?limit=50[39m
[2026-07-04 10:46:50:4650] [[35mhttp[39m]: [35m[0mGET /api/v1/questions?limit=50 [36m304[0m 380.792 ms - -[0m[39m
[2026-07-04 10:46:50:4650] [[32minfo[39m]: [32mCache hit for key: cache:/api/v1/questions?limit=50[39m
[2026-07-04 10:46:50:4650] [[35mhttp[39m]: [35m[0mGET /api/v1/questions?limit=50 [36m304[0m 52.712 ms - -[0m[39m
[2026-07-04 10:47:12:4712] [[35mhttp[39m]: [35m[0mGET /api/v1/auth/users [36m304[0m 69.840 ms - -[0m[39m
[2026-07-04 10:47:12:4712] [[35mhttp[39m]: [35m[0mGET /api/v1/auth/users [36m304[0m 14.718 ms - -[0m[39m
[2026-07-04 10:50:11:5011] [[35mhttp[39m]: [35m[0mGET /api/v1/auth/users [36m304[0m 9.503 ms - -[0m[39m
[2026-07-04 10:50:11:5011] [[35mhttp[39m]: [35m[0mGET /api/v1/auth/users [36m304[0m 101.748 ms - -[0m[39m
[2026-07-04 10:50:13:5013] [[32minfo[39m]: [32mCache hit for key: cache:/api/v1/questions?limit=50[39m
[2026-07-04 10:50:13:5013] [[35mhttp[39m]: [35m[0mGET /api/v1/questions?limit=50 [36m304[0m 85.665 ms - -[0m[39m
[2026-07-04 10:50:13:5013] [[32minfo[39m]: [32mCache hit for key: cache:/api/v1/questions?limit=50[39m
[2026-07-04 10:50:13:5013] [[35mhttp[39m]: [35m[0mGET /api/v1/questions?limit=50 [36m304[0m 53.203 ms - -[0m[39m
[2026-07-04 10:50:14:5014] [[35mhttp[39m]: [35m[0mGET /api/v1/auth/users [36m304[0m 6.209 ms - -[0m[39m
[2026-07-04 10:50:14:5014] [[35mhttp[39m]: [35m[0mGET /api/v1/auth/users [36m304[0m 12.453 ms - -[0m[39m
[2026-07-04 10:50:15:5015] [[32minfo[39m]: [32mCache hit for key: cache:/api/v1/questions?limit=50[39m
[2026-07-04 10:50:15:5015] [[35mhttp[39m]: [35m[0mGET /api/v1/questions?limit=50 [36m304[0m 65.067 ms - -[0m[39m
[2026-07-04 10:50:15:5015] [[32minfo[39m]: [32mCache hit for key: cache:/api/v1/questions?limit=50[39m
[2026-07-04 10:50:15:5015] [[35mhttp[39m]: [35m[0mGET /api/v1/questions?limit=50 [36m304[0m 64.271 ms - -[0m[39m
[2026-07-04 10:50:24:5024] [[32minfo[39m]: [32mCache hit for key: cache:/api/v1/questions?limit=50[39m
[2026-07-04 10:50:24:5024] [[35mhttp[39m]: [35m[0mGET /api/v1/questions?limit=50 [36m304[0m 64.581 ms - -[0m[39m
[2026-07-04 10:50:24:5024] [[32minfo[39m]: [32mCache hit for key: cache:/api/v1/questions?limit=50[39m
[2026-07-04 10:50:24:5024] [[35mhttp[39m]: [35m[0mGET /api/v1/questions?limit=50 [36m304[0m 48.737 ms - -[0m[39m
[2026-07-04 10:50:25:5025] [[35mhttp[39m]: [35m[0mGET /api/v1/auth/users [36m304[0m 6.006 ms - -[0m[39m
[2026-07-04 10:50:25:5025] [[35mhttp[39m]: [35m[0mGET /api/v1/auth/users [36m304[0m 4.518 ms - -[0m[39m
[2026-07-04 10:50:33:5033] [[32minfo[39m]: [32mCache hit for key: cache:/api/v1/questions?limit=50[39m
[2026-07-04 10:50:33:5033] [[35mhttp[39m]: [35m[0mGET /api/v1/questions?limit=50 [36m304[0m 84.263 ms - -[0m[39m
[2026-07-04 10:50:33:5033] [[32minfo[39m]: [32mCache hit for key: cache:/api/v1/questions?limit=50[39m
[2026-07-04 10:50:33:5033] [[35mhttp[39m]: [35m[0mGET /api/v1/questions?limit=50 [36m304[0m 52.557 ms - -[0m[39m
[2026-07-04 10:50:35:5035] [[35mhttp[39m]: [35m[0mGET /api/v1/auth/users [36m304[0m 4.707 ms - -[0m[39m
[2026-07-04 10:50:35:5035] [[35mhttp[39m]: [35m[0mGET /api/v1/auth/users [36m304[0m 5.974 ms - -[0m[39m
[2026-07-04 10:57:57:5757] [[35mhttp[39m]: [35m[0mPOST /api/v1/auth/logout [32m200[0m 137.793 ms - 31[0m[39m
[2026-07-04 11:04:43:443] [[32minfo[39m]: [32mUser authenticated: 36937c60-142d-4b50-b5d3-2dd3155b0723[39m
[2026-07-04 11:04:43:443] [[35mhttp[39m]: [35m[0mPOST /api/v1/auth/login [32m200[0m 673.666 ms - 903[0m[39m
[2026-07-04 11:45:06:456] [[31merror[39m]: [31mRedis connection error: Error: read ECONNRESET[39m
[2026-07-04 11:45:07:457] [[31merror[39m]: [31mRedis connection error: Error: getaddrinfo ENOTFOUND open-pegasus-72920.upstash.io[39m
[2026-07-04 11:45:07:457] [[31merror[39m]: [31mRedis connection error: Error: getaddrinfo ENOTFOUND open-pegasus-72920.upstash.io[39m
[2026-07-04 11:45:08:458] [[31merror[39m]: [31mRedis connection error: Error: getaddrinfo ENOTFOUND open-pegasus-72920.upstash.io[39m
[2026-07-04 11:45:08:458] [[33mwarn[39m]: [33mRedis connection failed after 3 retries. Disabling further retries.[39m
[2026-07-04 12:59:50:5950] [[32minfo[39m]: [32mDry-run code requested by user: anonymous[39m
[2026-07-04 12:59:52:5952] [[35mhttp[39m]: [35m[0mPOST /api/v1/submissions/run [32m200[0m 1369.946 ms - 79[0m[39m
[2026-07-04 13:00:03:03] [[32minfo[39m]: [32mDry-run code requested by user: anonymous[39m
[2026-07-04 13:00:04:04] [[35mhttp[39m]: [35m[0mPOST /api/v1/submissions/run [32m200[0m 835.818 ms - 79[0m[39m
[2026-07-05 01:32:59:3259] [[32minfo[39m]: [32mEmailService initialized with SMTP credentials.[39m
[2026-07-05 01:33:00:330] [[32minfo[39m]: [32mLocal In-Memory submission task worker ready.[39m
[2026-07-05 01:33:00:330] [[32minfo[39m]: [32mLocal In-Memory submission task queue initialized.[39m
[2026-07-05 01:33:00:330] [[32minfo[39m]: [32mServer running on port 5000 in development mode.[39m
[2026-07-05 01:33:01:331] [[32minfo[39m]: [32mConnected to Redis successfully.[39m
[2026-07-05 01:33:55:3355] [[32minfo[39m]: [32mCache miss for key: cache:/api/v1/questions?limit=100[39m
[2026-07-05 01:33:56:3356] [[35mhttp[39m]: [35m[0mGET /api/v1/questions?limit=100 [36m304[0m 504.524 ms - -[0m[39m
[2026-07-05 01:33:56:3356] [[32minfo[39m]: [32mCache hit for key: cache:/api/v1/questions?limit=100[39m
[2026-07-05 01:33:56:3356] [[35mhttp[39m]: [35m[0mGET /api/v1/questions?limit=100 [36m304[0m 98.615 ms - -[0m[39m
[2026-07-05 01:34:03:343] [[32minfo[39m]: [32mCache hit for key: cache:/api/v1/questions?limit=100[39m
[2026-07-05 01:34:03:343] [[35mhttp[39m]: [35m[0mGET /api/v1/questions?limit=100 [36m304[0m 104.233 ms - -[0m[39m
[2026-07-05 01:34:03:343] [[32minfo[39m]: [32mCache hit for key: cache:/api/v1/questions?limit=100[39m
[2026-07-05 01:34:03:343] [[35mhttp[39m]: [35m[0mGET /api/v1/questions?limit=100 [36m304[0m 68.236 ms - -[0m[39m
[2026-07-05 01:35:53:3553] [[35mhttp[39m]: [35m[0mPOST /api/v1/auth/logout [32m200[0m 185.691 ms - 31[0m[39m
[2026-07-05 01:36:12:3612] [[31merror[39m]: [31mLogout failed: [39m
[31mInvalid `prisma.deviceSession.delete()` invocation in[39m
[31mC:\Users\ASUS\Desktop\CodeSklii\backend\src\controllers\authController.ts:295:40[39m

[31m  292 }[39m
[31m  293 [39m
[31m  294 try {[39m
[31m→ 295   await prisma.deviceSession.delete([39m
[31mAn operation failed because it depends on one or more records that were required but not found. Record to delete does not exist.[39m
[2026-07-05 01:36:12:3612] [[35mhttp[39m]: [35m[0mPOST /api/v1/auth/logout [32m200[0m 2921.214 ms - 30[0m[39m
[2026-07-05 01:36:13:3613] [[31merror[39m]: [31mLogout failed: [39m
[31mInvalid `prisma.deviceSession.delete()` invocation in[39m
[31mC:\Users\ASUS\Desktop\CodeSklii\backend\src\controllers\authController.ts:295:40[39m

[31m  292 }[39m
[31m  293 [39m
[31m  294 try {[39m
[31m→ 295   await prisma.deviceSession.delete([39m
[31mAn operation failed because it depends on one or more records that were required but not found. Record to delete does not exist.[39m
[2026-07-05 01:36:13:3613] [[35mhttp[39m]: [35m[0mPOST /api/v1/auth/logout [32m200[0m 597.386 ms - 30[0m[39m
[2026-07-05 01:36:18:3618] [[32minfo[39m]: [32mUser authenticated: def202e5-553d-4a70-9590-cd3499dc4462[39m
[2026-07-05 01:36:18:3618] [[35mhttp[39m]: [35m[0mPOST /api/v1/auth/login [32m200[0m 1333.733 ms - 909[0m[39m
[2026-07-05 01:38:01:381] [[35mhttp[39m]: [35m[0mPOST /api/v1/auth/logout [32m200[0m 68.029 ms - 31[0m[39m
[2026-07-05 01:38:06:386] [[32minfo[39m]: [32mUser authenticated: 36937c60-142d-4b50-b5d3-2dd3155b0723[39m
[2026-07-05 01:38:06:386] [[35mhttp[39m]: [35m[0mPOST /api/v1/auth/login [32m200[0m 1251.787 ms - 903[0m[39m
[2026-07-05 01:38:32:3832] [[35mhttp[39m]: [35m[0mGET /api/v1/auth/users [36m304[0m 263.211 ms - -[0m[39m
[2026-07-05 01:38:32:3832] [[35mhttp[39m]: [35m[0mGET /api/v1/auth/users [36m304[0m 202.683 ms - -[0m[39m
[2026-07-05 01:38:54:3854] [[32minfo[39m]: [32mCache miss for key: cache:/api/v1/questions?limit=50[39m
[2026-07-05 01:38:54:3854] [[35mhttp[39m]: [35m[0mGET /api/v1/questions?limit=50 [36m304[0m 155.049 ms - -[0m[39m
[2026-07-05 01:38:54:3854] [[32minfo[39m]: [32mCache hit for key: cache:/api/v1/questions?limit=50[39m
[2026-07-05 01:38:54:3854] [[35mhttp[39m]: [35m[0mGET /api/v1/questions?limit=50 [36m304[0m 63.641 ms - -[0m[39m
[2026-07-05 01:39:16:3916] [[35mhttp[39m]: [35m[0mGET /api/v1/auth/users [36m304[0m 149.967 ms - -[0m[39m
[2026-07-05 01:39:16:3916] [[35mhttp[39m]: [35m[0mGET /api/v1/auth/users [36m304[0m 46.766 ms - -[0m[39m
[2026-07-05 01:39:45:3945] [[35mhttp[39m]: [35m[0mPOST /api/v1/auth/logout [32m200[0m 22.026 ms - 31[0m[39m
[2026-07-05 01:40:15:4015] [[35mhttp[39m]: [35m[0mPOST /api/v1/auth/login [33m401[0m 182.361 ms - 49[0m[39m
[2026-07-05 01:40:32:4032] [[32minfo[39m]: [32mUser authenticated: 36937c60-142d-4b50-b5d3-2dd3155b0723[39m
[2026-07-05 01:40:32:4032] [[35mhttp[39m]: [35m[0mPOST /api/v1/auth/login [32m200[0m 758.472 ms - 903[0m[39m
[2026-07-05 01:40:36:4036] [[35mhttp[39m]: [35m[0mGET /api/v1/auth/users [36m304[0m 4.848 ms - -[0m[39m
[2026-07-05 01:40:36:4036] [[35mhttp[39m]: [35m[0mGET /api/v1/auth/users [36m304[0m 13.382 ms - -[0m[39m
[2026-07-05 01:40:49:4049] [[35mhttp[39m]: [35m[0mPOST /api/v1/auth/logout [32m200[0m 11.409 ms - 31[0m[39m
[2026-07-05 01:42:34:4234] [[31merror[39m]: [31mLogout failed: [39m
[31mInvalid `prisma.deviceSession.delete()` invocation in[39m
[31mC:\Users\ASUS\Desktop\CodeSklii\backend\src\controllers\authController.ts:295:40[39m

[31m  292 }[39m
[31m  293 [39m
[31m  294 try {[39m
[31m→ 295   await prisma.deviceSession.delete([39m
[31mAn operation failed because it depends on one or more records that were required but not found. Record to delete does not exist.[39m
[2026-07-05 01:42:34:4234] [[35mhttp[39m]: [35m[0mPOST /api/v1/auth/logout [32m200[0m 123.148 ms - 30[0m[39m
[2026-07-05 01:42:40:4240] [[32minfo[39m]: [32mUser authenticated: def202e5-553d-4a70-9590-cd3499dc4462[39m
[2026-07-05 01:42:40:4240] [[35mhttp[39m]: [35m[0mPOST /api/v1/auth/login [32m200[0m 1609.864 ms - 909[0m[39m
[2026-07-05 01:45:49:4549] [[35mhttp[39m]: [35m[0mPOST /api/v1/auth/logout [32m200[0m 203.425 ms - 31[0m[39m
[2026-07-05 01:45:54:4554] [[32minfo[39m]: [32mUser authenticated: 36937c60-142d-4b50-b5d3-2dd3155b0723[39m
[2026-07-05 01:45:54:4554] [[35mhttp[39m]: [35m[0mPOST /api/v1/auth/login [32m200[0m 543.151 ms - 903[0m[39m
[2026-07-05 01:45:59:4559] [[35mhttp[39m]: [35m[0mGET /api/v1/auth/users [36m304[0m 16.845 ms - -[0m[39m
[2026-07-05 01:45:59:4559] [[35mhttp[39m]: [35m[0mGET /api/v1/auth/users [36m304[0m 134.193 ms - -[0m[39m
[2026-07-05 01:46:49:4649] [[35mhttp[39m]: [35m[0mGET /api/v1/auth/users [36m304[0m 23.270 ms - -[0m[39m
[2026-07-05 01:46:50:4650] [[35mhttp[39m]: [35m[0mGET /api/v1/auth/users [36m304[0m 43.099 ms - -[0m[39m
[2026-07-05 01:46:56:4656] [[32minfo[39m]: [32mCache miss for key: cache:/api/v1/questions?limit=50[39m
[2026-07-05 01:46:57:4657] [[35mhttp[39m]: [35m[0mGET /api/v1/questions?limit=50 [36m304[0m 463.071 ms - -[0m[39m
[2026-07-05 01:46:57:4657] [[32minfo[39m]: [32mCache hit for key: cache:/api/v1/questions?limit=50[39m
[2026-07-05 01:46:57:4657] [[35mhttp[39m]: [35m[0mGET /api/v1/questions?limit=50 [36m304[0m 65.012 ms - -[0m[39m
[2026-07-05 01:48:22:4822] [[35mhttp[39m]: [35m[0mGET /api/v1/auth/users [36m304[0m 54.070 ms - -[0m[39m
[2026-07-05 01:48:22:4822] [[35mhttp[39m]: [35m[0mGET /api/v1/auth/users [36m304[0m 78.085 ms - -[0m[39m
[2026-07-05 01:53:24:5324] [[35mhttp[39m]: [35m[0mGET /api/v1/auth/users [36m304[0m 231.176 ms - -[0m[39m
[2026-07-05 01:53:24:5324] [[35mhttp[39m]: [35m[0mGET /api/v1/auth/users [36m304[0m 26.100 ms - -[0m[39m
[2026-07-05 01:56:21:5621] [[35mhttp[39m]: [35m[0mPOST /api/v1/auth/logout [32m200[0m 34.992 ms - 31[0m[39m
[2026-07-05 01:56:41:5641] [[32minfo[39m]: [32mOTP email sent to saurabhtiwari08071999@gmail.com[39m
[2026-07-05 01:56:41:5641] [[35mhttp[39m]: [35m[0mPOST /api/v1/auth/request-otp [32m200[0m 1931.790 ms - 35[0m[39m
[2026-07-05 01:57:40:5740] [[31merror[39m]: [31mLogout failed: [39m
[31mInvalid `prisma.deviceSession.delete()` invocation in[39m
[31mC:\Users\ASUS\Desktop\CodeSklii\backend\src\controllers\authController.ts:295:40[39m

[31m  292 }[39m
[31m  293 [39m
[31m  294 try {[39m
[31m→ 295   await prisma.deviceSession.delete([39m
[31mAn operation failed because it depends on one or more records that were required but not found. Record to delete does not exist.[39m
[2026-07-05 01:57:40:5740] [[35mhttp[39m]: [35m[0mPOST /api/v1/auth/logout [32m200[0m 56.286 ms - 30[0m[39m
[2026-07-05 01:57:45:5745] [[32minfo[39m]: [32mUser authenticated: 36937c60-142d-4b50-b5d3-2dd3155b0723[39m
[2026-07-05 01:57:45:5745] [[35mhttp[39m]: [35m[0mPOST /api/v1/auth/login [32m200[0m 698.073 ms - 903[0m[39m
[2026-07-05 01:57:55:5755] [[35mhttp[39m]: [35m[0mGET /api/v1/auth/users [36m304[0m 17.333 ms - -[0m[39m
[2026-07-05 01:57:55:5755] [[35mhttp[39m]: [35m[0mGET /api/v1/auth/users [36m304[0m 117.327 ms - -[0m[39m
[2026-07-05 01:59:34:5934] [[35mhttp[39m]: [35m[0mGET /api/v1/auth/users [36m304[0m 531.045 ms - -[0m[39m
[2026-07-05 02:00:33:033] [[35mhttp[39m]: [35m[0mPOST /api/v1/auth/logout [32m200[0m 140.691 ms - 31[0m[39m
[2026-07-05 02:00:42:042] [[32minfo[39m]: [32mUser authenticated: 36937c60-142d-4b50-b5d3-2dd3155b0723[39m
[2026-07-05 02:00:42:042] [[35mhttp[39m]: [35m[0mPOST /api/v1/auth/login [32m200[0m 3013.638 ms - 903[0m[39m
[2026-07-05 02:00:53:053] [[35mhttp[39m]: [35m[0mGET /api/v1/auth/users [36m304[0m 9.371 ms - -[0m[39m
[2026-07-05 02:00:53:053] [[35mhttp[39m]: [35m[0mGET /api/v1/auth/users [36m304[0m 50.106 ms - -[0m[39m
[2026-07-05 02:01:30:130] [[35mhttp[39m]: [35m[0mGET /api/v1/auth/users [36m304[0m 76.355 ms - -[0m[39m
[2026-07-05 02:01:48:148] [[35mhttp[39m]: [35m[0mGET /api/v1/auth/users [36m304[0m 11.420 ms - -[0m[39m
[2026-07-05 02:02:21:221] [[35mhttp[39m]: [35m[0mGET /api/v1/auth/users [36m304[0m 20.062 ms - -[0m[39m
[2026-07-05 02:03:32:332] [[35mhttp[39m]: [35m[0mGET /api/v1/auth/users [36m304[0m 17.743 ms - -[0m[39m
[2026-07-05 02:04:36:436] [[35mhttp[39m]: [35m[0mGET /api/v1/auth/users [36m304[0m 127.929 ms - -[0m[39m
[2026-07-05 02:10:12:1012] [[35mhttp[39m]: [35m[0mGET /api/v1/auth/users [36m304[0m 178.889 ms - -[0m[39m
[2026-07-05 02:10:12:1012] [[35mhttp[39m]: [35m[0mGET /api/v1/auth/users [36m304[0m 9.789 ms - -[0m[39m
[2026-07-05 02:14:14:1414] [[35mhttp[39m]: [35m[0mGET /api/v1/auth/users [36m304[0m 118.155 ms - -[0m[39m
[2026-07-05 02:14:14:1414] [[35mhttp[39m]: [35m[0mGET /api/v1/auth/users [36m304[0m 17.594 ms - -[0m[39m
[2026-07-05 02:16:28:1628] [[35mhttp[39m]: [35m[0mGET /api/v1/auth/users [36m304[0m 101.384 ms - -[0m[39m
[2026-07-05 02:17:50:1750] [[35mhttp[39m]: [35m[0mGET /api/v1/auth/users [36m304[0m 8.403 ms - -[0m[39m
[2026-07-05 11:38:50:3850] [[32minfo[39m]: [32mEmailService initialized with SMTP credentials.[39m
[2026-07-05 11:38:50:3850] [[32minfo[39m]: [32mLocal In-Memory submission task worker ready.[39m
[2026-07-05 11:38:50:3850] [[32minfo[39m]: [32mLocal In-Memory submission task queue initialized.[39m
[2026-07-05 11:38:50:3850] [[32minfo[39m]: [32mServer running on port 5000 in development mode.[39m
[2026-07-05 11:38:51:3851] [[32minfo[39m]: [32mConnected to Redis successfully.[39m
[2026-07-05 11:39:29:3929] [[35mhttp[39m]: [35m[0mPOST /api/v1/auth/logout [32m200[0m 2264.859 ms - 31[0m[39m
[2026-07-05 11:39:48:3948] [[32minfo[39m]: [32mUser authenticated via Google: ff2a79a3-e66a-441d-b052-499e28590924[39m
[2026-07-05 11:39:48:3948] [[35mhttp[39m]: [35m[0mPOST /api/v1/auth/google [32m200[0m 1375.233 ms - 949[0m[39m
[2026-07-05 11:39:59:3959] [[35mhttp[39m]: [35m[0mPOST /api/v1/auth/logout [32m200[0m 24.063 ms - 31[0m[39m
[2026-07-05 11:40:03:403] [[32minfo[39m]: [32mUser authenticated: 36937c60-142d-4b50-b5d3-2dd3155b0723[39m
[2026-07-05 11:40:03:403] [[35mhttp[39m]: [35m[0mPOST /api/v1/auth/login [32m200[0m 767.303 ms - 903[0m[39m
[2026-07-05 11:40:08:408] [[35mhttp[39m]: [35m[0mGET /api/v1/auth/users [36m304[0m 77.846 ms - -[0m[39m
[2026-07-05 11:40:08:408] [[35mhttp[39m]: [35m[0mGET /api/v1/auth/users [36m304[0m 81.020 ms - -[0m[39m
[2026-07-05 11:42:48:4248] [[32minfo[39m]: [32mCache miss for key: cache:/api/v1/questions?limit=50[39m
[2026-07-05 11:42:48:4248] [[35mhttp[39m]: [35m[0mGET /api/v1/questions?limit=50 [36m304[0m 297.926 ms - -[0m[39m
[2026-07-05 11:42:48:4248] [[32minfo[39m]: [32mCache hit for key: cache:/api/v1/questions?limit=50[39m
[2026-07-05 11:42:48:4248] [[35mhttp[39m]: [35m[0mGET /api/v1/questions?limit=50 [36m304[0m 104.689 ms - -[0m[39m
[2026-07-05 11:43:14:4314] [[32minfo[39m]: [32mCache hit for key: cache:/api/v1/questions?limit=50[39m
[2026-07-05 11:43:14:4314] [[35mhttp[39m]: [35m[0mGET /api/v1/questions?limit=50 [36m304[0m 75.545 ms - -[0m[39m
[2026-07-05 11:43:14:4314] [[32minfo[39m]: [32mCache hit for key: cache:/api/v1/questions?limit=50[39m
[2026-07-05 11:43:14:4314] [[35mhttp[39m]: [35m[0mGET /api/v1/questions?limit=50 [36m304[0m 70.525 ms - -[0m[39m
[2026-07-05 11:43:20:4320] [[35mhttp[39m]: [35m[0mGET /api/v1/auth/users [36m304[0m 32.015 ms - -[0m[39m
[2026-07-05 11:43:20:4320] [[35mhttp[39m]: [35m[0mGET /api/v1/auth/users [36m304[0m 45.006 ms - -[0m[39m
[2026-07-05 11:43:55:4355] [[35mhttp[39m]: [35m[0mPOST /api/v1/auth/logout [32m200[0m 70.838 ms - 31[0m[39m
[2026-07-05 12:02:09:29] [[32minfo[39m]: [32mEmailService initialized with SMTP credentials.[39m
[2026-07-05 12:02:09:29] [[32minfo[39m]: [32mLocal In-Memory submission task worker ready.[39m
[2026-07-05 12:02:09:29] [[32minfo[39m]: [32mLocal In-Memory submission task queue initialized.[39m
[2026-07-05 12:02:09:29] [[32minfo[39m]: [32mServer running on port 5000 in development mode.[39m
[2026-07-05 12:02:10:210] [[32minfo[39m]: [32mConnected to Redis successfully.[39m
[2026-07-05 12:08:50:850] [[31merror[39m]: [31mRedis connection error: Error: read ECONNRESET[39m
[2026-07-05 12:08:50:850] [[31merror[39m]: [31mRedis connection error: Error: getaddrinfo ENOTFOUND open-pegasus-72920.upstash.io[39m
[2026-07-05 12:08:50:850] [[31merror[39m]: [31mRedis connection error: Error: getaddrinfo ENOTFOUND open-pegasus-72920.upstash.io[39m
[2026-07-05 12:08:50:850] [[31merror[39m]: [31mRedis connection error: Error: getaddrinfo ENOTFOUND open-pegasus-72920.upstash.io[39m
[2026-07-05 12:08:50:850] [[33mwarn[39m]: [33mRedis connection failed after 3 retries. Disabling further retries.[39m
[2026-07-05 12:24:26:2426] [[32minfo[39m]: [32mUser authenticated via Google: ff2a79a3-e66a-441d-b052-499e28590924[39m
[2026-07-05 12:24:26:2426] [[35mhttp[39m]: [35m[0mPOST /api/v1/auth/google [32m200[0m 1106.208 ms - 949[0m[39m
[2026-07-05 12:25:00:250] [[35mhttp[39m]: [35m[0mPOST /api/v1/auth/logout [32m200[0m 220.420 ms - 31[0m[39m
[2026-07-06 14:39:37:3937] [[32minfo[39m]: [32mEmailService initialized with SMTP credentials.[39m
[2026-07-06 14:39:37:3937] [[32minfo[39m]: [32mLocal In-Memory submission task worker ready.[39m
[2026-07-06 14:39:37:3937] [[32minfo[39m]: [32mLocal In-Memory submission task queue initialized.[39m
[2026-07-06 14:39:37:3937] [[32minfo[39m]: [32mServer running on port 5000 in development mode.[39m
[2026-07-06 14:39:37:3937] [[32minfo[39m]: [32mConnected to Redis successfully.[39m
[2026-07-06 14:47:12:4712] [[32minfo[39m]: [32mCache miss for key: cache:/api/v1/questions?limit=100[39m
[2026-07-06 14:47:15:4715] [[35mhttp[39m]: [35m[0mGET /api/v1/questions?limit=100 [36m304[0m 2377.561 ms - -[0m[39m
[2026-07-06 14:47:15:4715] [[32minfo[39m]: [32mCache hit for key: cache:/api/v1/questions?limit=100[39m
[2026-07-06 14:47:15:4715] [[35mhttp[39m]: [35m[0mGET /api/v1/questions?limit=100 [36m304[0m 42.373 ms - -[0m[39m
[2026-07-06 14:47:27:4727] [[32minfo[39m]: [32mCache hit for key: cache:/api/v1/questions?limit=100[39m
[2026-07-06 14:47:27:4727] [[35mhttp[39m]: [35m[0mGET /api/v1/questions?limit=100 [36m304[0m 38.786 ms - -[0m[39m
[2026-07-06 14:47:27:4727] [[32minfo[39m]: [32mCache hit for key: cache:/api/v1/questions?limit=100[39m
[2026-07-06 14:47:27:4727] [[35mhttp[39m]: [35m[0mGET /api/v1/questions?limit=100 [36m304[0m 46.296 ms - -[0m[39m
[2026-07-06 14:52:53:5253] [[32minfo[39m]: [32mCache miss for key: cache:/api/v1/questions?limit=100[39m
[2026-07-06 14:52:53:5253] [[35mhttp[39m]: [35m[0mGET /api/v1/questions?limit=100 [36m304[0m 298.705 ms - -[0m[39m
[2026-07-06 14:52:53:5253] [[32minfo[39m]: [32mCache hit for key: cache:/api/v1/questions?limit=100[39m
[2026-07-06 14:52:53:5253] [[35mhttp[39m]: [35m[0mGET /api/v1/questions?limit=100 [36m304[0m 52.716 ms - -[0m[39m
[2026-07-06 14:53:14:5314] [[32minfo[39m]: [32mCache hit for key: cache:/api/v1/questions?limit=100[39m
[2026-07-06 14:53:14:5314] [[35mhttp[39m]: [35m[0mGET /api/v1/questions?limit=100 [36m304[0m 46.061 ms - -[0m[39m
[2026-07-06 14:53:14:5314] [[32minfo[39m]: [32mCache hit for key: cache:/api/v1/questions?limit=100[39m
[2026-07-06 14:53:14:5314] [[35mhttp[39m]: [35m[0mGET /api/v1/questions?limit=100 [36m304[0m 39.002 ms - -[0m[39m
[2026-07-06 14:53:27:5327] [[32minfo[39m]: [32mCache hit for key: cache:/api/v1/questions?limit=100[39m
[2026-07-06 14:53:27:5327] [[35mhttp[39m]: [35m[0mGET /api/v1/questions?limit=100 [36m304[0m 38.916 ms - -[0m[39m
[2026-07-06 14:53:27:5327] [[32minfo[39m]: [32mCache hit for key: cache:/api/v1/questions?limit=100[39m
[2026-07-06 14:53:27:5327] [[35mhttp[39m]: [35m[0mGET /api/v1/questions?limit=100 [36m304[0m 36.285 ms - -[0m[39m
[2026-07-06 14:57:40:5740] [[32minfo[39m]: [32mCache hit for key: cache:/api/v1/questions?limit=100[39m
[2026-07-06 14:57:40:5740] [[35mhttp[39m]: [35m[0mGET /api/v1/questions?limit=100 [36m304[0m 74.997 ms - -[0m[39m
[2026-07-06 14:57:40:5740] [[32minfo[39m]: [32mCache hit for key: cache:/api/v1/questions?limit=100[39m
[2026-07-06 14:57:40:5740] [[35mhttp[39m]: [35m[0mGET /api/v1/questions?limit=100 [36m304[0m 40.184 ms - -[0m[39m
[2026-07-06 14:58:04:584] [[32minfo[39m]: [32mUser authenticated: 36937c60-142d-4b50-b5d3-2dd3155b0723[39m
[2026-07-06 14:58:04:584] [[35mhttp[39m]: [35m[0mPOST /api/v1/auth/login [32m200[0m 775.050 ms - 903[0m[39m
[2026-07-06 14:58:12:5812] [[32minfo[39m]: [32mCache miss for key: cache:/api/v1/questions?limit=50[39m
[2026-07-06 14:58:12:5812] [[35mhttp[39m]: [35m[0mGET /api/v1/questions?limit=50 [36m304[0m 301.693 ms - -[0m[39m
[2026-07-06 14:58:12:5812] [[32minfo[39m]: [32mCache hit for key: cache:/api/v1/questions?limit=50[39m
[2026-07-06 14:58:12:5812] [[35mhttp[39m]: [35m[0mGET /api/v1/questions?limit=50 [36m304[0m 41.255 ms - -[0m[39m
[2026-07-06 15:09:12:912] [[35mhttp[39m]: [35m[0mPOST /api/v1/auth/logout [32m200[0m 321.446 ms - 31[0m[39m
[2026-07-06 15:09:21:921] [[32minfo[39m]: [32mCache miss for key: cache:/api/v1/questions?limit=100[39m
[2026-07-06 15:09:21:921] [[35mhttp[39m]: [35m[0mGET /api/v1/questions?limit=100 [36m304[0m 357.516 ms - -[0m[39m
[2026-07-06 15:09:22:922] [[32minfo[39m]: [32mCache hit for key: cache:/api/v1/questions?limit=100[39m
[2026-07-06 15:09:22:922] [[35mhttp[39m]: [35m[0mGET /api/v1/questions?limit=100 [36m304[0m 89.416 ms - -[0m[39m
[2026-07-06 15:10:16:1016] [[32minfo[39m]: [32mCache hit for key: cache:/api/v1/questions?limit=100[39m
[2026-07-06 15:10:16:1016] [[35mhttp[39m]: [35m[0mGET /api/v1/questions?limit=100 [36m304[0m 36.929 ms - -[0m[39m
[2026-07-06 15:10:16:1016] [[32minfo[39m]: [32mCache hit for key: cache:/api/v1/questions?limit=100[39m
[2026-07-06 15:10:16:1016] [[35mhttp[39m]: [35m[0mGET /api/v1/questions?limit=100 [36m304[0m 71.528 ms - -[0m[39m
[2026-07-06 15:10:21:1021] [[32minfo[39m]: [32mCache hit for key: cache:/api/v1/questions?limit=100[39m
[2026-07-06 15:10:21:1021] [[35mhttp[39m]: [35m[0mGET /api/v1/questions?limit=100 [36m304[0m 44.494 ms - -[0m[39m
[2026-07-06 15:10:21:1021] [[32minfo[39m]: [32mCache hit for key: cache:/api/v1/questions?limit=100[39m
[2026-07-06 15:10:21:1021] [[35mhttp[39m]: [35m[0mGET /api/v1/questions?limit=100 [36m304[0m 39.267 ms - -[0m[39m
[2026-07-06 15:17:54:1754] [[32minfo[39m]: [32mCache miss for key: cache:/api/v1/questions?limit=100[39m
[2026-07-06 15:17:54:1754] [[35mhttp[39m]: [35m[0mGET /api/v1/questions?limit=100 [36m304[0m 781.366 ms - -[0m[39m
[2026-07-06 15:17:54:1754] [[32minfo[39m]: [32mCache hit for key: cache:/api/v1/questions?limit=100[39m
[2026-07-06 15:17:54:1754] [[35mhttp[39m]: [35m[0mGET /api/v1/questions?limit=100 [36m304[0m 80.772 ms - -[0m[39m
[2026-07-06 15:22:32:2232] [[32minfo[39m]: [32mCache hit for key: cache:/api/v1/questions?limit=100[39m
[2026-07-06 15:22:32:2232] [[35mhttp[39m]: [35m[0mGET /api/v1/questions?limit=100 [36m304[0m 77.132 ms - -[0m[39m
[2026-07-06 15:22:32:2232] [[32minfo[39m]: [32mCache hit for key: cache:/api/v1/questions?limit=100[39m
[2026-07-06 15:22:32:2232] [[35mhttp[39m]: [35m[0mGET /api/v1/questions?limit=100 [36m304[0m 43.992 ms - -[0m[39m
[2026-07-06 15:31:09:319] [[31merror[39m]: [31mRedis connection error: Error: read ECONNRESET[39m
[2026-07-06 15:31:09:319] [[32minfo[39m]: [32mConnected to Redis successfully.[39m
[2026-07-06 15:31:11:3111] [[32minfo[39m]: [32mOTP email sent to saurabhtiwari08071999@gmail.com[39m
[2026-07-06 15:31:11:3111] [[35mhttp[39m]: [35m[0mPOST /api/v1/auth/request-otp [32m200[0m 21610.912 ms - 35[0m[39m
[2026-07-06 15:31:57:3157] [[35mhttp[39m]: [35m[0mPOST /api/v1/auth/verify-otp [32m200[0m 175.856 ms - 119[0m[39m
[2026-07-06 15:43:50:4350] [[31merror[39m]: [31mLogout failed: [39m
[31mInvalid `prisma.deviceSession.delete()` invocation in[39m
[31mC:\Users\ASUS\Desktop\CodeSklii\backend\src\controllers\authController.ts:296:40[39m

[31m  293 }[39m
[31m  294 [39m
[31m  295 try {[39m
[31m→ 296   await prisma.deviceSession.delete([39m
[31mAn operation failed because it depends on one or more records that were required but not found. Record to delete does not exist.[39m
[2026-07-06 15:43:50:4350] [[35mhttp[39m]: [35m[0mPOST /api/v1/auth/logout [32m200[0m 835.206 ms - 30[0m[39m
[2026-07-06 16:07:43:743] [[31merror[39m]: [31mRedis connection error: Error: read ECONNRESET[39m
[2026-07-06 16:07:43:743] [[31merror[39m]: [31mRedis connection error: Error: getaddrinfo ENOTFOUND open-pegasus-72920.upstash.io[39m
[2026-07-06 16:07:44:744] [[31merror[39m]: [31mRedis connection error: Error: getaddrinfo ENOTFOUND open-pegasus-72920.upstash.io[39m
[2026-07-06 16:07:44:744] [[31merror[39m]: [31mRedis connection error: Error: getaddrinfo ENOTFOUND open-pegasus-72920.upstash.io[39m
[2026-07-06 16:07:44:744] [[33mwarn[39m]: [33mRedis connection failed after 3 retries. Disabling further retries.[39m
[2026-07-07 10:47:16:4716] [[32minfo[39m]: [32mEmailService initialized with SMTP credentials.[39m
[2026-07-07 10:47:16:4716] [[32minfo[39m]: [32mLocal In-Memory submission task worker ready.[39m
[2026-07-07 10:47:16:4716] [[32minfo[39m]: [32mLocal In-Memory submission task queue initialized.[39m
[2026-07-07 10:47:16:4716] [[32minfo[39m]: [32mServer running on port 5000 in development mode.[39m
[2026-07-07 10:47:17:4717] [[32minfo[39m]: [32mConnected to Redis successfully.[39m
[2026-07-07 11:02:33:233] [[32minfo[39m]: [32mEmailService initialized with SMTP credentials.[39m
[2026-07-07 11:02:33:233] [[32minfo[39m]: [32mLocal In-Memory submission task worker ready.[39m
[2026-07-07 11:02:33:233] [[32minfo[39m]: [32mLocal In-Memory submission task queue initialized.[39m
[2026-07-07 11:02:33:233] [[32minfo[39m]: [32mServer running on port 5000 in development mode.[39m
[2026-07-07 11:02:33:233] [[32minfo[39m]: [32mConnected to Redis successfully.[39m
[2026-07-07 11:02:53:253] [[32minfo[39m]: [32mUser authenticated: 36937c60-142d-4b50-b5d3-2dd3155b0723[39m
[2026-07-07 11:02:53:253] [[35mhttp[39m]: [35m[0mPOST /api/v1/auth/login [32m200[0m 794.531 ms - 903[0m[39m
[2026-07-07 11:02:58:258] [[35mhttp[39m]: [35m[0mGET /api/v1/auth/users [36m304[0m 28.088 ms - -[0m[39m
[2026-07-07 11:02:58:258] [[35mhttp[39m]: [35m[0mGET /api/v1/auth/users [36m304[0m 6.642 ms - -[0m[39m
[2026-07-07 11:03:16:316] [[35mhttp[39m]: [35m[0mPOST /api/v1/auth/logout [32m200[0m 45.379 ms - 31[0m[39m
[2026-07-07 11:03:30:330] [[31merror[39m]: [31mLogout failed: [39m
[31mInvalid `prisma.deviceSession.delete()` invocation in[39m
[31mC:\Users\ASUS\Desktop\CodeSklii\backend\src\controllers\authController.ts:296:40[39m

[31m  293 }[39m
[31m  294 [39m
[31m  295 try {[39m
[31m→ 296   await prisma.deviceSession.delete([39m
[31mAn operation failed because it depends on one or more records that were required but not found. Record to delete does not exist.[39m
[2026-07-07 11:03:30:330] [[35mhttp[39m]: [35m[0mPOST /api/v1/auth/logout [32m200[0m 267.207 ms - 30[0m[39m
[2026-07-07 11:03:36:336] [[32minfo[39m]: [32mUser authenticated: 36937c60-142d-4b50-b5d3-2dd3155b0723[39m
[2026-07-07 11:03:36:336] [[35mhttp[39m]: [35m[0mPOST /api/v1/auth/login [32m200[0m 539.246 ms - 903[0m[39m
[2026-07-07 11:03:41:341] [[35mhttp[39m]: [35m[0mGET /api/v1/auth/users [36m304[0m 7.484 ms - -[0m[39m
[2026-07-07 11:03:41:341] [[35mhttp[39m]: [35m[0mGET /api/v1/auth/users [36m304[0m 24.548 ms - -[0m[39m
[2026-07-07 11:03:56:356] [[35mhttp[39m]: [35m[0mGET /api/v1/auth/users [36m304[0m 58.724 ms - -[0m[39m
[2026-07-07 11:03:56:356] [[35mhttp[39m]: [35m[0mGET /api/v1/auth/users [36m304[0m 59.047 ms - -[0m[39m
[2026-07-07 11:04:14:414] [[35mhttp[39m]: [35m[0mGET /api/v1/auth/users [36m304[0m 8.652 ms - -[0m[39m
[2026-07-07 11:04:14:414] [[35mhttp[39m]: [35m[0mGET /api/v1/auth/users [36m304[0m 12.873 ms - -[0m[39m
[2026-07-07 11:04:25:425] [[35mhttp[39m]: [35m[0mPOST /api/v1/auth/logout [32m200[0m 6.188 ms - 31[0m[39m
[2026-07-07 11:04:30:430] [[35mhttp[39m]: [35m[0mPOST /api/v1/auth/login [33m400[0m 109.970 ms - 39[0m[39m
[2026-07-07 11:04:35:435] [[35mhttp[39m]: [35m[0mPOST /api/v1/auth/login [33m400[0m 67.209 ms - 39[0m[39m
[2026-07-07 11:04:45:445] [[32minfo[39m]: [32mUser authenticated: bc71b10d-ded9-4f8c-9d52-cda0d7b954ac[39m
[2026-07-07 11:04:45:445] [[35mhttp[39m]: [35m[0mPOST /api/v1/auth/login [32m200[0m 699.846 ms - 914[0m[39m
[2026-07-07 11:05:28:528] [[35mhttp[39m]: [35m[0mPOST /api/v1/auth/logout [32m200[0m 10.796 ms - 31[0m[39m
[2026-07-07 11:06:48:648] [[31merror[39m]: [31mLogout failed: [39m
[31mInvalid `prisma.deviceSession.delete()` invocation in[39m
[31mC:\Users\ASUS\Desktop\CodeSklii\backend\src\controllers\authController.ts:296:40[39m

[31m  293 }[39m
[31m  294 [39m
[31m  295 try {[39m
[31m→ 296   await prisma.deviceSession.delete([39m
[31mAn operation failed because it depends on one or more records that were required but not found. Record to delete does not exist.[39m
[2026-07-07 11:06:48:648] [[35mhttp[39m]: [35m[0mPOST /api/v1/auth/logout [32m200[0m 76.073 ms - 30[0m[39m
[2026-07-07 11:06:52:652] [[35mhttp[39m]: [35m[0mPOST /api/v1/auth/login [33m400[0m 157.143 ms - 39[0m[39m
[2026-07-07 11:06:54:654] [[35mhttp[39m]: [35m[0mPOST /api/v1/auth/login [33m400[0m 84.691 ms - 39[0m[39m
[2026-07-07 11:06:59:659] [[32minfo[39m]: [32mUser authenticated: bc71b10d-ded9-4f8c-9d52-cda0d7b954ac[39m
[2026-07-07 11:06:59:659] [[35mhttp[39m]: [35m[0mPOST /api/v1/auth/login [32m200[0m 1001.265 ms - 914[0m[39m
[2026-07-07 11:07:39:739] [[35mhttp[39m]: [35m[0mPOST /api/v1/tests/snapshots [32m201[0m 854.165 ms - 138[0m[39m
[2026-07-07 11:12:38:1238] [[35mhttp[39m]: [35m[0mPOST /api/v1/tests/snapshots [32m201[0m 443.488 ms - 138[0m[39m
[2026-07-07 11:17:39:1739] [[35mhttp[39m]: [35m[0mPOST /api/v1/tests/snapshots [32m201[0m 254.816 ms - 138[0m[39m
[2026-07-07 11:22:39:2239] [[35mhttp[39m]: [35m[0mPOST /api/v1/tests/snapshots [32m201[0m 31.028 ms - 138[0m[39m
[2026-07-07 11:28:40:2840] [[32minfo[39m]: [32mEmailService initialized with SMTP credentials.[39m
[2026-07-07 11:28:41:2841] [[32minfo[39m]: [32mLocal In-Memory submission task worker ready.[39m
[2026-07-07 11:28:41:2841] [[32minfo[39m]: [32mLocal In-Memory submission task queue initialized.[39m
[2026-07-07 11:28:41:2841] [[32minfo[39m]: [32mServer running on port 5000 in development mode.[39m
[2026-07-07 11:28:41:2841] [[32minfo[39m]: [32mConnected to Redis successfully.[39m
[2026-07-07 11:28:48:2848] [[32minfo[39m]: [32mEmailService initialized with SMTP credentials.[39m
[2026-07-07 11:28:48:2848] [[32minfo[39m]: [32mLocal In-Memory submission task worker ready.[39m
[2026-07-07 11:28:48:2848] [[32minfo[39m]: [32mLocal In-Memory submission task queue initialized.[39m
[2026-07-07 11:28:48:2848] [[32minfo[39m]: [32mServer running on port 5000 in development mode.[39m
[2026-07-07 11:28:48:2848] [[32minfo[39m]: [32mConnected to Redis successfully.[39m
[2026-07-07 11:32:12:3212] [[32minfo[39m]: [32mEmailService initialized with SMTP credentials.[39m
[2026-07-07 11:32:12:3212] [[32minfo[39m]: [32mLocal In-Memory submission task worker ready.[39m
[2026-07-07 11:32:12:3212] [[32minfo[39m]: [32mLocal In-Memory submission task queue initialized.[39m
[2026-07-07 11:32:13:3213] [[32minfo[39m]: [32mServer running on port 5000 in development mode.[39m
[2026-07-07 11:32:13:3213] [[32minfo[39m]: [32mConnected to Redis successfully.[39m
[2026-07-07 11:32:34:3234] [[35mhttp[39m]: [35m[0mPOST /api/v1/auth/logout [32m200[0m 569.235 ms - 31[0m[39m
[2026-07-07 11:32:51:3251] [[32minfo[39m]: [32mUser authenticated: 36937c60-142d-4b50-b5d3-2dd3155b0723[39m
[2026-07-07 11:32:51:3251] [[35mhttp[39m]: [35m[0mPOST /api/v1/auth/login [32m200[0m 414.449 ms - 903[0m[39m
[2026-07-07 11:33:22:3322] [[35mhttp[39m]: [35m[0mGET /api/v1/tests/custom-1783402593350/snapshots?email=kishu2208%40gmail.com [32m200[0m 207.514 ms - -[0m[39m
[2026-07-07 11:33:23:3323] [[35mhttp[39m]: [35m[0mGET /api/v1/tests/custom-1783402593350/snapshots?email=kishu2208%40gmail.com [36m304[0m 133.477 ms - -[0m[39m
[2026-07-07 11:33:30:3330] [[35mhttp[39m]: [35m[0mGET /api/v1/tests/custom-1783402593350/snapshots?email=kishu2208%40gmail.com [36m304[0m 80.638 ms - -[0m[39m
[2026-07-07 11:33:30:3330] [[35mhttp[39m]: [35m[0mGET /api/v1/tests/custom-1783402593350/snapshots?email=kishu2208%40gmail.com [36m304[0m 58.057 ms - -[0m[39m
[2026-07-07 11:35:13:3513] [[35mhttp[39m]: [35m[0mGET /api/v1/tests/custom-1783402593350/snapshots?email=kishu2208%40gmail.com [36m304[0m 675.971 ms - -[0m[39m
[2026-07-07 11:35:14:3514] [[35mhttp[39m]: [35m[0mGET /api/v1/tests/custom-1783402593350/snapshots?email=kishu2208%40gmail.com [36m304[0m 58.565 ms - -[0m[39m
[2026-07-07 11:35:36:3536] [[35mhttp[39m]: [35m[0mPOST /api/v1/auth/logout [32m200[0m 41.240 ms - 31[0m[39m
[2026-07-07 11:36:27:3627] [[31merror[39m]: [31mLogout failed: [39m
[31mInvalid `prisma.deviceSession.delete()` invocation in[39m
[31mC:\Users\ASUS\Desktop\CodeSklii\backend\src\controllers\authController.ts:296:40[39m

[31m  293 }[39m
[31m  294 [39m
[31m  295 try {[39m
[31m→ 296   await prisma.deviceSession.delete([39m
[31mAn operation failed because it depends on one or more records that were required but not found. Record to delete does not exist.[39m
[2026-07-07 11:36:27:3627] [[35mhttp[39m]: [35m[0mPOST /api/v1/auth/logout [32m200[0m 159.309 ms - 30[0m[39m
[2026-07-07 11:36:31:3631] [[35mhttp[39m]: [35m[0mPOST /api/v1/auth/login [33m400[0m 192.697 ms - 39[0m[39m
[2026-07-07 11:36:34:3634] [[32minfo[39m]: [32mUser authenticated: bc71b10d-ded9-4f8c-9d52-cda0d7b954ac[39m
[2026-07-07 11:36:34:3634] [[35mhttp[39m]: [35m[0mPOST /api/v1/auth/login [32m200[0m 873.045 ms - 914[0m[39m
[2026-07-07 11:36:49:3649] [[35mhttp[39m]: [35m[0mPOST /api/v1/tests/snapshots [32m201[0m 34.892 ms - 138[0m[39m
[2026-07-07 11:37:19:3719] [[35mhttp[39m]: [35m[0mPOST /api/v1/tests/snapshots [32m201[0m 17.011 ms - 138[0m[39m
[2026-07-07 11:37:49:3749] [[35mhttp[39m]: [35m[0mPOST /api/v1/tests/snapshots [32m201[0m 157.240 ms - 138[0m[39m
[2026-07-07 11:38:19:3819] [[35mhttp[39m]: [35m[0mPOST /api/v1/tests/snapshots [32m201[0m 13.314 ms - 138[0m[39m
[2026-07-07 11:38:53:3853] [[35mhttp[39m]: [35m[0mPOST /api/v1/auth/logout [32m200[0m 22.446 ms - 31[0m[39m
[2026-07-07 11:38:58:3858] [[35mhttp[39m]: [35m[0mPOST /api/v1/auth/login [33m400[0m 118.719 ms - 39[0m[39m
[2026-07-07 11:39:00:390] [[32minfo[39m]: [32mUser authenticated: 36937c60-142d-4b50-b5d3-2dd3155b0723[39m
[2026-07-07 11:39:00:390] [[35mhttp[39m]: [35m[0mPOST /api/v1/auth/login [32m200[0m 317.134 ms - 903[0m[39m
[2026-07-07 11:39:10:3910] [[35mhttp[39m]: [35m[0mGET /api/v1/tests/custom-1783404383100/snapshots?email=kishu2208%40gmail.com [32m200[0m 104.318 ms - -[0m[39m
[2026-07-07 11:39:10:3910] [[35mhttp[39m]: [35m[0mGET /api/v1/tests/custom-1783404383100/snapshots?email=kishu2208%40gmail.com [36m304[0m 332.354 ms - -[0m[39m
[2026-07-07 11:41:02:412] [[35mhttp[39m]: [35m[0mPOST /api/v1/auth/logout [32m200[0m 178.843 ms - 31[0m[39m
[2026-07-07 11:41:52:4152] [[31merror[39m]: [31mLogout failed: [39m
[31mInvalid `prisma.deviceSession.delete()` invocation in[39m
[31mC:\Users\ASUS\Desktop\CodeSklii\backend\src\controllers\authController.ts:296:40[39m

[31m  293 }[39m
[31m  294 [39m
[31m  295 try {[39m
[31m→ 296   await prisma.deviceSession.delete([39m
[31mAn operation failed because it depends on one or more records that were required but not found. Record to delete does not exist.[39m
[2026-07-07 11:41:52:4152] [[35mhttp[39m]: [35m[0mPOST /api/v1/auth/logout [32m200[0m 243.634 ms - 30[0m[39m
[2026-07-07 11:41:58:4158] [[32minfo[39m]: [32mUser authenticated: bc71b10d-ded9-4f8c-9d52-cda0d7b954ac[39m
[2026-07-07 11:41:58:4158] [[35mhttp[39m]: [35m[0mPOST /api/v1/auth/login [32m200[0m 1305.001 ms - 914[0m[39m
[2026-07-07 11:42:13:4213] [[35mhttp[39m]: [35m[0mPOST /api/v1/tests/snapshots [32m201[0m 399.647 ms - 138[0m[39m
[2026-07-07 11:42:42:4242] [[35mhttp[39m]: [35m[0mPOST /api/v1/tests/snapshots [32m201[0m 185.522 ms - 138[0m[39m
[2026-07-07 11:43:14:4314] [[35mhttp[39m]: [35m[0mPOST /api/v1/tests/snapshots [32m201[0m 1577.266 ms - 138[0m[39m
[2026-07-07 11:43:42:4342] [[35mhttp[39m]: [35m[0mPOST /api/v1/tests/snapshots [32m201[0m 18.338 ms - 138[0m[39m
[2026-07-07 11:44:36:4436] [[35mhttp[39m]: [35m[0mPOST /api/v1/auth/logout [32m200[0m 24.723 ms - 31[0m[39m
[2026-07-07 11:44:41:4441] [[32minfo[39m]: [32mUser authenticated: 36937c60-142d-4b50-b5d3-2dd3155b0723[39m
[2026-07-07 11:44:41:4441] [[35mhttp[39m]: [35m[0mPOST /api/v1/auth/login [32m200[0m 394.496 ms - 903[0m[39m
[2026-07-07 11:44:51:4451] [[35mhttp[39m]: [35m[0mGET /api/v1/tests/custom-1783404709223/snapshots?email=kishu2208%40gmail.com [32m200[0m 380.777 ms - -[0m[39m
[2026-07-07 11:44:51:4451] [[35mhttp[39m]: [35m[0mGET /api/v1/tests/custom-1783404709223/snapshots?email=kishu2208%40gmail.com [36m304[0m 137.270 ms - -[0m[39m
[2026-07-07 11:45:16:4516] [[35mhttp[39m]: [35m[0mGET /api/v1/tests/custom-1783404709223/snapshots?email=kishu2208%40gmail.com [36m304[0m 1191.337 ms - -[0m[39m
[2026-07-07 11:45:16:4516] [[35mhttp[39m]: [35m[0mGET /api/v1/tests/custom-1783404709223/snapshots?email=kishu2208%40gmail.com [36m304[0m 321.464 ms - -[0m[39m
[2026-07-07 11:45:19:4519] [[35mhttp[39m]: [35m[0mGET /api/v1/tests/custom-1783404709223/snapshots?email=kishu2208%40gmail.com [36m304[0m 1933.994 ms - -[0m[39m
[2026-07-07 11:45:20:4520] [[35mhttp[39m]: [35m[0mGET /api/v1/tests/custom-1783404709223/snapshots?email=kishu2208%40gmail.com [36m304[0m 377.780 ms - -[0m[39m
[2026-07-07 11:50:28:5028] [[35mhttp[39m]: [35m[0mPOST /api/v1/auth/logout [32m200[0m 302.353 ms - 31[0m[39m
[2026-07-07 11:51:16:5116] [[31merror[39m]: [31mLogout failed: [39m
[31mInvalid `prisma.deviceSession.delete()` invocation in[39m
[31mC:\Users\ASUS\Desktop\CodeSklii\backend\src\controllers\authController.ts:296:40[39m

[31m  293 }[39m
[31m  294 [39m
[31m  295 try {[39m
[31m→ 296   await prisma.deviceSession.delete([39m
[31mAn operation failed because it depends on one or more records that were required but not found. Record to delete does not exist.[39m
[2026-07-07 11:51:16:5116] [[35mhttp[39m]: [35m[0mPOST /api/v1/auth/logout [32m200[0m 207.456 ms - 30[0m[39m
[2026-07-07 11:51:23:5123] [[32minfo[39m]: [32mUser authenticated: bc71b10d-ded9-4f8c-9d52-cda0d7b954ac[39m
[2026-07-07 11:51:23:5123] [[35mhttp[39m]: [35m[0mPOST /api/v1/auth/login [32m200[0m 1355.741 ms - 914[0m[39m
[2026-07-07 11:51:37:5137] [[35mhttp[39m]: [35m[0mPOST /api/v1/tests/snapshots [32m201[0m 1245.924 ms - 138[0m[39m
[2026-07-07 11:52:06:526] [[35mhttp[39m]: [35m[0mPOST /api/v1/tests/snapshots [32m201[0m 12.827 ms - 138[0m[39m
[2026-07-07 11:52:36:5236] [[35mhttp[39m]: [35m[0mPOST /api/v1/tests/snapshots [32m201[0m 13.458 ms - 138[0m[39m
[2026-07-07 11:53:06:536] [[35mhttp[39m]: [35m[0mPOST /api/v1/tests/snapshots [32m201[0m 12.782 ms - 138[0m[39m
[2026-07-07 11:53:39:5339] [[35mhttp[39m]: [35m[0mPOST /api/v1/auth/logout [32m200[0m 9.078 ms - 31[0m[39m
[2026-07-07 11:53:45:5345] [[32minfo[39m]: [32mUser authenticated: 36937c60-142d-4b50-b5d3-2dd3155b0723[39m
[2026-07-07 11:53:45:5345] [[35mhttp[39m]: [35m[0mPOST /api/v1/auth/login [32m200[0m 325.490 ms - 903[0m[39m
[2026-07-07 11:53:57:5357] [[35mhttp[39m]: [35m[0mGET /api/v1/tests/custom-1783405273070/snapshots?email=kishu2208%40gmail.com [32m200[0m 317.655 ms - -[0m[39m
[2026-07-07 11:53:57:5357] [[35mhttp[39m]: [35m[0mGET /api/v1/tests/custom-1783405273070/snapshots?email=kishu2208%40gmail.com [36m304[0m 405.113 ms - -[0m[39m
[2026-07-07 11:57:00:570] [[35mhttp[39m]: [35m[0mPOST /api/v1/auth/logout [32m200[0m 1163.379 ms - 31[0m[39m
[2026-07-07 11:58:10:5810] [[31merror[39m]: [31mLogout failed: [39m
[31mInvalid `prisma.deviceSession.delete()` invocation in[39m
[31mC:\Users\ASUS\Desktop\CodeSklii\backend\src\controllers\authController.ts:296:40[39m

[31m  293 }[39m
[31m  294 [39m
[31m  295 try {[39m
[31m→ 296   await prisma.deviceSession.delete([39m
[31mAn operation failed because it depends on one or more records that were required but not found. Record to delete does not exist.[39m
[2026-07-07 11:58:10:5810] [[35mhttp[39m]: [35m[0mPOST /api/v1/auth/logout [32m200[0m 55.467 ms - 30[0m[39m
[2026-07-07 11:58:34:5834] [[32minfo[39m]: [32mUser authenticated: bc71b10d-ded9-4f8c-9d52-cda0d7b954ac[39m
[2026-07-07 11:58:34:5834] [[35mhttp[39m]: [35m[0mPOST /api/v1/auth/login [32m200[0m 1620.765 ms - 914[0m[39m
[2026-07-07 11:59:04:594] [[35mhttp[39m]: [35m[0mPOST /api/v1/auth/logout [32m200[0m 14.339 ms - 31[0m[39m
[2026-07-07 12:00:00:00] [[31merror[39m]: [31mLogout failed: [39m
[31mInvalid `prisma.deviceSession.delete()` invocation in[39m
[31mC:\Users\ASUS\Desktop\CodeSklii\backend\src\controllers\authController.ts:296:40[39m

[31m  293 }[39m
[31m  294 [39m
[31m  295 try {[39m
[31m→ 296   await prisma.deviceSession.delete([39m
[31mAn operation failed because it depends on one or more records that were required but not found. Record to delete does not exist.[39m
[2026-07-07 12:00:00:00] [[35mhttp[39m]: [35m[0mPOST /api/v1/auth/logout [32m200[0m 31.686 ms - 30[0m[39m
[2026-07-07 12:00:05:05] [[32minfo[39m]: [32mUser authenticated: bc71b10d-ded9-4f8c-9d52-cda0d7b954ac[39m
[2026-07-07 12:00:05:05] [[35mhttp[39m]: [35m[0mPOST /api/v1/auth/login [32m200[0m 1053.054 ms - 914[0m[39m
[2026-07-07 12:00:18:018] [[35mhttp[39m]: [35m[0mPOST /api/v1/tests/snapshots [32m201[0m 748.767 ms - 138[0m[39m
[2026-07-07 12:00:47:047] [[35mhttp[39m]: [35m[0mPOST /api/v1/tests/snapshots [32m201[0m 40.456 ms - 138[0m[39m
[2026-07-07 12:01:17:117] [[35mhttp[39m]: [35m[0mPOST /api/v1/tests/snapshots [32m201[0m 45.619 ms - 138[0m[39m
[2026-07-07 12:02:07:27] [[35mhttp[39m]: [35m[0mPOST /api/v1/auth/logout [32m200[0m 326.306 ms - 31[0m[39m
[2026-07-07 12:02:13:213] [[32minfo[39m]: [32mUser authenticated: 36937c60-142d-4b50-b5d3-2dd3155b0723[39m
[2026-07-07 12:02:13:213] [[35mhttp[39m]: [35m[0mPOST /api/v1/auth/login [32m200[0m 535.878 ms - 903[0m[39m
[2026-07-07 12:02:22:222] [[35mhttp[39m]: [35m[0mGET /api/v1/tests/custom-1783405793584/snapshots?email=kishu2208%40gmail.com [32m200[0m 141.805 ms - -[0m[39m
[2026-07-07 12:02:22:222] [[35mhttp[39m]: [35m[0mGET /api/v1/tests/custom-1783405793584/snapshots?email=kishu2208%40gmail.com [36m304[0m 177.527 ms - -[0m[39m
[2026-07-07 12:03:30:330] [[35mhttp[39m]: [35m[0mGET /api/v1/auth/users [36m304[0m 567.670 ms - -[0m[39m
[2026-07-07 12:03:30:330] [[35mhttp[39m]: [35m[0mGET /api/v1/auth/users [36m304[0m 13.559 ms - -[0m[39m
[2026-07-07 12:04:36:436] [[35mhttp[39m]: [35m[0mPOST /api/v1/auth/logout [32m200[0m 92.861 ms - 31[0m[39m
[2026-07-07 12:04:48:448] [[32minfo[39m]: [32mUser authenticated: def202e5-553d-4a70-9590-cd3499dc4462[39m
[2026-07-07 12:04:48:448] [[35mhttp[39m]: [35m[0mPOST /api/v1/auth/login [32m200[0m 1095.843 ms - 909[0m[39m
[2026-07-07 12:05:03:53] [[35mhttp[39m]: [35m[0mPOST /api/v1/tests/snapshots [32m201[0m 132.448 ms - 138[0m[39m
[2026-07-07 12:17:01:171] [[35mhttp[39m]: [35m[0mPOST /api/v1/auth/logout [32m200[0m 488.955 ms - 31[0m[39m
[2026-07-07 12:17:10:1710] [[32minfo[39m]: [32mUser authenticated: bc71b10d-ded9-4f8c-9d52-cda0d7b954ac[39m
[2026-07-07 12:17:10:1710] [[35mhttp[39m]: [35m[0mPOST /api/v1/auth/login [32m200[0m 2343.753 ms - 914[0m[39m
[2026-07-07 12:17:33:1733] [[35mhttp[39m]: [35m[0mPOST /api/v1/auth/logout [32m200[0m 15.299 ms - 31[0m[39m
[2026-07-07 12:17:38:1738] [[32minfo[39m]: [32mUser authenticated: 36937c60-142d-4b50-b5d3-2dd3155b0723[39m
[2026-07-07 12:17:38:1738] [[35mhttp[39m]: [35m[0mPOST /api/v1/auth/login [32m200[0m 414.214 ms - 903[0m[39m
[2026-07-07 12:18:09:189] [[35mhttp[39m]: [35m[0mGET /api/v1/tests/custom-1783405793584/snapshots?email=amishv20%40gmail.com [32m200[0m 166.518 ms - -[0m[39m
[2026-07-07 12:18:09:189] [[35mhttp[39m]: [35m[0mGET /api/v1/tests/custom-1783405793584/snapshots?email=amishv20%40gmail.com [36m304[0m 225.168 ms - -[0m[39m
[2026-07-07 12:18:13:1813] [[35mhttp[39m]: [35m[0mGET /api/v1/tests/custom-1783405793584/snapshots?email=kishu2208%40gmail.com [36m304[0m 554.361 ms - -[0m[39m
[2026-07-07 12:18:13:1813] [[35mhttp[39m]: [35m[0mGET /api/v1/tests/custom-1783405793584/snapshots?email=kishu2208%40gmail.com [36m304[0m 201.782 ms - -[0m[39m
[2026-07-07 12:18:20:1820] [[35mhttp[39m]: [35m[0mGET /api/v1/tests/custom-1783405793584/snapshots?email=kishu2208%40gmail.com [36m304[0m 73.903 ms - -[0m[39m
[2026-07-07 12:18:20:1820] [[35mhttp[39m]: [35m[0mGET /api/v1/tests/custom-1783405793584/snapshots?email=kishu2208%40gmail.com [36m304[0m 70.627 ms - -[0m[39m
[2026-07-07 12:27:55:2755] [[35mhttp[39m]: [35m[0mGET /api/v1/tests/custom-1783405793584/snapshots?email=amishv20%40gmail.com [36m304[0m 2637.339 ms - -[0m[39m
[2026-07-07 12:27:55:2755] [[35mhttp[39m]: [35m[0mGET /api/v1/tests/custom-1783405793584/snapshots?email=amishv20%40gmail.com [36m304[0m 387.607 ms - -[0m[39m
[2026-07-07 14:09:19:919] [[32minfo[39m]: [32mEmailService initialized with SMTP credentials.[39m
[2026-07-07 14:09:19:919] [[32minfo[39m]: [32mLocal In-Memory submission task worker ready.[39m
[2026-07-07 14:09:19:919] [[32minfo[39m]: [32mLocal In-Memory submission task queue initialized.[39m
[2026-07-07 14:09:19:919] [[32minfo[39m]: [32mServer running on port 5000 in development mode.[39m
[2026-07-07 14:09:19:919] [[32minfo[39m]: [32mConnected to Redis successfully.[39m
[2026-07-07 14:09:56:956] [[35mhttp[39m]: [35m[0mPOST /api/v1/auth/logout [32m200[0m 416.191 ms - 31[0m[39m
[2026-07-07 14:11:01:111] [[32minfo[39m]: [32mUser authenticated: def202e5-553d-4a70-9590-cd3499dc4462[39m
[2026-07-07 14:11:01:111] [[35mhttp[39m]: [35m[0mPOST /api/v1/auth/login [32m200[0m 1066.407 ms - 909[0m[39m
